"URL","HTTP","Раздел","Роль","Полезность_для_SEO","Приоритет","Готовность_не_ИКС","Вывод","Запросы","Базовая_частотность_не_суммировать","Статус_спроса","Sitemap","Входящие","Входящие_контент","Битые_ссылки","Ближайший_текст","Сходство","Основной_URL_кандидат","Действия","Визуальная_проверка","Источник"
"https://zakazminivena.ru/","200","Главная","Ядро-кандидат","Высокая потенциальная","P1","97","Сильная отправная точка: понятная услуга, калькулятор и зелёный акцент. На 390 px кнопка расчёта ниже первого экрана, виджет чата перекрывает поля.","заказать минивэн | Заказать минивэн с водителем межгород и аэропорт | на минивэне","5689","Измерена базовая фраза","true","307","307","","","0","","Развести заголовки по реальным намерениям или устранить подтверждённый дубль. | Добавить интерактивный выбор числа и размера вещей с подтверждением компоновки. | Сжать мобильный первый экран и поставить интерактивный выбор поездки выше; проверить происхождение рейтинга и 2 000 отзывов в разметке.","Просмотрен начальный мобильный экран этого URL","evidence/pages/3a9b13bd995116fc.json"
"https://zakazminivena.ru/routes","200","Межгород","Ядро-кандидат","Высокая потенциальная","P2","100","Каталог полезен как навигационный узел; приоритет — выбор и связи, а не увеличение объёма текста.","","","Гипотеза — проверить","true","74","74","","/routes/moskva-tula","0.017","","","Отдельно не просмотрен","evidence/pages/ead1cfdfd275c333.json"
"https://zakazminivena.ru/cities","200","Города","Ядро-кандидат","Высокая потенциальная","P2","84","Каталог полезен как навигационный узел; приоритет — выбор и связи, а не увеличение объёма текста.","","","Гипотеза — проверить","true","18","18","","/cities/sochi","0.008","","","Отдельно не просмотрен","evidence/pages/19c8fcae53d727d4.json"
"https://zakazminivena.ru/airports","200","Старые аэропорты","Расширение","Средняя / второй этап","P2","100","Каталог полезен как навигационный узел; приоритет — выбор и связи, а не увеличение объёма текста.","","","Гипотеза — проверить","true","12","12","","/airports/kurumoch","0.023","","Проверить актуальные рейсы, точки встречи и фактическую доступность подачи перед рекламой.","Отдельно не просмотрен","evidence/pages/6d82ab5b36ae1171.json"
"https://zakazminivena.ru/tariffs","200","Доверие и сервис","Расширение","Средняя / второй этап","P2","86","Страница «Тарифы на минивэн с водителем» требует привязки к самостоятельной задаче и доступной услуге.","Тарифы на минивэн с водителем","","Гипотеза — проверить","true","1","1","","","0","","Дать встроенный подбор/форму или явный переход с сохранением параметров поездки. | Добавить интерактивный выбор числа и размера вещей с подтверждением компоновки.","Отдельно не просмотрен","evidence/pages/786c49605da1c4f2.json"
"https://zakazminivena.ru/b2b","200","Для бизнеса","Расширение","Средняя / второй этап","P2","85","Страница «Минивэн для бизнеса» требует привязки к самостоятельной задаче и доступной услуге.","Минивэн для бизнеса","","Гипотеза — проверить","true","263","263","","/b2b/corporate-transport","0.188","","Дать встроенный подбор/форму или явный переход с сохранением параметров поездки. | Добавить интерактивный выбор числа и размера вещей с подтверждением компоновки.","Отдельно не просмотрен","evidence/pages/5654ca9618704555.json"
"https://zakazminivena.ru/b2b/cases","200","Для бизнеса","Расширение","Средняя / второй этап","P2","92","Каталог полезен как навигационный узел; приоритет — выбор и связи, а не увеличение объёма текста.","","","Гипотеза — проверить","true","9","9","","/b2b","0.038","","","Отдельно не просмотрен","evidence/pages/f998cdbcace4e029.json"
"https://zakazminivena.ru/about","200","Доверие и сервис","Доверие","Косвенная: доверие","P3","95","Нужна для доверия; оценка содержания не подтверждает подлинность опубликованных отзывов, кейсов и обещаний.","","","Не требуется отдельный SEO-кластер","true","0","0","","","0","","Добавить релевантные доступные ссылки из каталога и связанных страниц.","Отдельно не просмотрен","evidence/pages/dc7123087723d5dc.json"
"https://zakazminivena.ru/offer","200","Доверие и сервис","Доверие","Косвенная: доверие","P3","100","Нужна для доверия; оценка содержания не подтверждает подлинность опубликованных отзывов, кейсов и обещаний.","","","Не требуется отдельный SEO-кластер","true","307","1","","","0","","","Просмотрен начальный мобильный экран этого URL","evidence/pages/709d28722807b0e8.json"
"https://zakazminivena.ru/privacy","200","Доверие и сервис","Доверие","Косвенная: доверие","P3","100","Нужна для доверия; оценка содержания не подтверждает подлинность опубликованных отзывов, кейсов и обещаний.","","","Не требуется отдельный SEO-кластер","true","307","2","","","0","","","Отдельно не просмотрен","evidence/pages/552220bd88d68488.json"
"https://zakazminivena.ru/terms","200","Доверие и сервис","Доверие","Косвенная: доверие","P3","100","Нужна для доверия; оценка содержания не подтверждает подлинность опубликованных отзывов, кейсов и обещаний.","","","Не требуется отдельный SEO-кластер","true","307","0","","","0","","","Отдельно не просмотрен","evidence/pages/1e8f2bd8c56fc3a4.json"
"https://zakazminivena.ru/fleet","200","Автопарк","Расширение","Средняя / второй этап","P2","100","Каталог полезен как навигационный узел; приоритет — выбор и связи, а не увеличение объёма текста.","минивэн с багажом","","Гипотеза — проверить","true","166","166","","/fleet/hyundai-staria","0.006","","Подтвердить фото, оснащение и пассажиры+багаж у исполнителей; выбрать город и дату.","Отдельно не просмотрен","evidence/pages/9c449c6670ccc9cc.json"
"https://zakazminivena.ru/drivers","200","Доверие и сервис","Доверие","Косвенная: доверие","P3","100","Нужна для доверия; оценка содержания не подтверждает подлинность опубликованных отзывов, кейсов и обещаний.","","","Не требуется отдельный SEO-кластер","true","1","1","","","0","","","Отдельно не просмотрен","evidence/pages/f1a4f05869c590ae.json"
"https://zakazminivena.ru/services/airport","200","Услуги","Расширение","Средняя / второй этап","P2","82","Страница «Трансфер в аэропорт на минивэне 7 мест» требует привязки к самостоятельной задаче и доступной услуге.","Трансфер в аэропорт на минивэне 7 мест","","Гипотеза — проверить","true","307","3","","/services/children","0.055","","Дать встроенный подбор/форму или явный переход с сохранением параметров поездки. | Добавить интерактивный выбор числа и размера вещей с подтверждением компоновки. | Показать цену за автомобиль либо объяснить состав расчёта и этап подтверждения.","Отдельно не просмотрен","evidence/pages/26e0561f8007f938.json"
"https://zakazminivena.ru/services/children","200","Услуги","Расширение","Средняя / второй этап","P2","82","Страница «Детские перевозки на минивэне — с детским креслом» требует привязки к самостоятельной задаче и доступной услуге.","минивэн детское кресло | минивэн с коляской","","Гипотеза — проверить","true","307","0","","/services/group-transfer","0.063","","Дать встроенный подбор/форму или явный переход с сохранением параметров поездки. | Добавить интерактивный выбор числа и размера вещей с подтверждением компоновки. | Показать цену за автомобиль либо объяснить состав расчёта и этап подтверждения.","Просмотрен начальный мобильный экран этого URL","evidence/pages/c64c0d01bf4f2da2.json"
"https://zakazminivena.ru/services/group-transfer","200","Услуги","Расширение","Средняя / второй этап","P2","79","Страница «Групповой трансфер на минивэне» требует привязки к самостоятельной задаче и доступной услуге.","минивэн для группы","","Гипотеза — проверить","true","307","0","","/services/wedding","0.064","","Дать встроенный подбор/форму или явный переход с сохранением параметров поездки. | Добавить интерактивный выбор числа и размера вещей с подтверждением компоновки. | Показать цену за автомобиль либо объяснить состав расчёта и этап подтверждения.","Отдельно не просмотрен","evidence/pages/d1207cc373b0c6bf.json"
"https://zakazminivena.ru/services/wedding","200","Услуги","Расширение","Средняя / второй этап","P2","79","Страница «Минивэн на свадьбу — трансфер гостей» требует привязки к самостоятельной задаче и доступной услуге.","Минивэн на свадьбу — трансфер гостей","","Гипотеза — проверить","true","307","0","","/services/group-transfer","0.064","","Дать встроенный подбор/форму или явный переход с сохранением параметров поездки. | Добавить интерактивный выбор числа и размера вещей с подтверждением компоновки. | Показать цену за автомобиль либо объяснить состав расчёта и этап подтверждения.","Отдельно не просмотрен","evidence/pages/52ae6809c53738d9.json"
"https://zakazminivena.ru/yandex-taxi-minivan","200","Доверие и сервис","Поддержка","Косвенная: выбор услуги","P1","98","Справочный вход, не равный спросу на предзаказ. Нужна актуальная проверка утверждений о приложении по официальным региональным тарифам.","как заказать минивэн в яндекс такси","","Гипотеза — проверить","true","307","0","","","0","","Отделить ответ об ограничениях приложения от самостоятельного предложения ZM; предложить выбор группы и поездки без имитации Яндекс Go.","Просмотрен начальный мобильный экран этого URL","evidence/pages/182d115de587f897.json"
"https://zakazminivena.ru/compare","200","Сравнения","Поддержка","Косвенная: выбор услуги","P3","90","Каталог полезен как навигационный узел; приоритет — выбор и связи, а не увеличение объёма текста.","Минивэн vs другие виды транспорта","","Гипотеза — проверить","true","3","3","","/compare/miniven-vs-blablacar","0.01","","","Отдельно не просмотрен","evidence/pages/eb4599a08815daed.json"
"https://zakazminivena.ru/seasonal","200","Сезонность","Расширение","Средняя / второй этап","P2","90","Каталог полезен как навигационный узел; приоритет — выбор и связи, а не увеличение объёма текста.","","","Гипотеза — проверить","true","3","3","","/seasonal/noviy-god","0.015","","","Отдельно не просмотрен","evidence/pages/76b00e2b548ab29e.json"
"https://zakazminivena.ru/airport","200","Аэропорты","Ядро-кандидат","Высокая потенциальная","P1","92","Каталог содержит 16 аэропортов, но H1 и title обещают 14. Это конкретное несоответствие данных.","","","Гипотеза — проверить","true","90","90","","/airport/aer","0.003","","Проверить актуальные рейсы, точки встречи и фактическую доступность подачи перед рекламой. | Выводить число аэропортов из реестра; дать поиск по городу/IATA и показывать доступность услуги.","Отдельно не просмотрен","evidence/pages/415a89e19099c47b.json"
"https://zakazminivena.ru/destination","200","Направления","Расширение","Средняя / второй этап","P2","92","Каталог полезен как навигационный узел; приоритет — выбор и связи, а не увеличение объёма текста.","минивэн с лыжами","","Гипотеза — проверить","true","48","48","","","0","","","Отдельно не просмотрен","evidence/pages/fce58b93a57df0ee.json"
"https://zakazminivena.ru/service","200","Сценарии","Ядро-кандидат","Высокая потенциальная","P2","92","Каталог полезен как навигационный узел; приоритет — выбор и связи, а не увеличение объёма текста.","","","Гипотеза — проверить","true","11","11","","/service/hourly","0.145","","","Отдельно не просмотрен","evidence/pages/6dedcdcf1aae1d07.json"
"https://zakazminivena.ru/partnership","200","Доверие и сервис","Доверие","Косвенная: доверие","P3","93","Нужна для доверия; оценка содержания не подтверждает подлинность опубликованных отзывов, кейсов и обещаний.","","","Не требуется отдельный SEO-кластер","true","0","0","","","0","","Добавить релевантные доступные ссылки из каталога и связанных страниц.","Отдельно не просмотрен","evidence/pages/a663fe7531c2ab6d.json"
"https://zakazminivena.ru/payment","200","Доверие и сервис","Доверие","Косвенная: доверие","P3","87","Нужна для доверия; оценка содержания не подтверждает подлинность опубликованных отзывов, кейсов и обещаний.","","","Не требуется отдельный SEO-кластер","true","0","0","","","0","","Добавить релевантные доступные ссылки из каталога и связанных страниц.","Отдельно не просмотрен","evidence/pages/2cf32b9c2f07a8af.json"
"https://zakazminivena.ru/documents","200","Доверие и сервис","Доверие","Косвенная: доверие","P3","92","Нужна для доверия; оценка содержания не подтверждает подлинность опубликованных отзывов, кейсов и обещаний.","","","Не требуется отдельный SEO-кластер","true","1","1","","","0","","","Отдельно не просмотрен","evidence/pages/9a82caea013fb671.json"
"https://zakazminivena.ru/contacts","200","Доверие и сервис","Доверие","Косвенная: доверие","P3","96","Нужна для доверия; оценка содержания не подтверждает подлинность опубликованных отзывов, кейсов и обещаний.","+7 918 587 5454","","Не требуется отдельный SEO-кластер","true","1","1","","","0","","","Отдельно не просмотрен","evidence/pages/a80e8251d99aa0bc.json"
"https://zakazminivena.ru/faq","200","Доверие и сервис","Поддержка","Косвенная: выбор услуги","P3","87","Страница «Частые вопросы» требует привязки к самостоятельной задаче и доступной услуге.","Частые вопросы","","Гипотеза — проверить","true","0","0","","","0","","Добавить релевантные доступные ссылки из каталога и связанных страниц.","Отдельно не просмотрен","evidence/pages/e238a6d9ecb8827e.json"
"https://zakazminivena.ru/reviews","200","Доверие и сервис","Доверие","Косвенная: доверие","P1","81","На странице видны четыре отзыва. Подлинность и согласия не подтверждались; число не доказывает ложность общего рейтинга.","zakazminivena.ru отзывы","","Не требуется отдельный SEO-кластер","true","0","0","","","0","","Добавить релевантные доступные ссылки из каталога и связанных страниц. | Добавить проверяемый источник и связь отзыва с поездкой; согласовать агрегированные числа со всеми страницами.","Просмотрен начальный мобильный экран этого URL","evidence/pages/7a6bc63d0c8c9f75.json"
"https://zakazminivena.ru/seasonal/noviy-god","200","Сезонность","Расширение","Средняя / второй этап","P2","88","Страница «Минивэн на Новый год и зимние каникулы» требует привязки к самостоятельной задаче и доступной услуге.","минивэн новый год","","Гипотеза — проверить","true","1","1","","/seasonal/letniy-otpusk","0.048","","Дать встроенный подбор/форму или явный переход с сохранением параметров поездки. | Добавить интерактивный выбор числа и размера вещей с подтверждением компоновки.","Просмотрен начальный мобильный экран этого URL","evidence/pages/7d71a3dd8c7e7aa4.json"
"https://zakazminivena.ru/seasonal/svadebnyy-sezon","200","Сезонность","Расширение","Средняя / второй этап","P2","85","Страница «Свадебный сезон — минивэн для гостей и молодожёнов» требует привязки к самостоятельной задаче и доступной услуге.","Свадебный сезон — минивэн для гостей и молодожёнов","","Гипотеза — проверить","true","1","1","","/seasonal/noviy-god","0.034","","Дать встроенный подбор/форму или явный переход с сохранением параметров поездки. | Добавить интерактивный выбор числа и размера вещей с подтверждением компоновки.","Отдельно не просмотрен","evidence/pages/21ac41c2b05afb7d.json"
"https://zakazminivena.ru/seasonal/letniy-otpusk","200","Сезонность","Расширение","Средняя / второй этап","P2","88","Страница «Летний отпуск и море — минивэн на курорт» требует привязки к самостоятельной задаче и доступной услуге.","минивэн на море","","Гипотеза — проверить","true","1","1","","/seasonal/noviy-god","0.048","","Дать встроенный подбор/форму или явный переход с сохранением параметров поездки. | Добавить интерактивный выбор числа и размера вещей с подтверждением компоновки.","Отдельно не просмотрен","evidence/pages/5ffbdbce36803915.json"
"https://zakazminivena.ru/routes/adler-roza-khutor","200","Межгород","Расширение","Средняя / второй этап","P2","88","Полезная маршрутная посадочная Адлер → Роза Хутор, 45 км. За пределами выбранной средней дальности либо локальный трансфер. Есть описание и цена, но нет встроенной формы в основном HTML.","минивэн адлер роза хутор | такси минивэн Адлер Роза Хутор | заказать минивэн Адлер Роза Хутор | адлер роза хутор трансфер","2","Измерена базовая фраза","true","307","4","","/routes/simferopol-evpatoriya","0.568","","Дать встроенный подбор/форму или явный переход с сохранением параметров поездки. | Добавить интерактивный выбор числа и размера вещей с подтверждением компоновки.","Отдельно не просмотрен","evidence/pages/75fbc578c90bc5e7.json"
"https://zakazminivena.ru/routes/sochi-krasnaya-polyana","200","Межгород","Расширение","Средняя / второй этап","P2","88","Полезная маршрутная посадочная Сочи → Красная Поляна, 70 км. За пределами выбранной средней дальности либо локальный трансфер. Есть описание и цена, но нет встроенной формы в основном HTML.","минивэн сочи красная поляна | такси минивэн Сочи Красная Поляна | заказать минивэн Сочи Красная Поляна","8","Измерена базовая фраза","true","5","5","","/routes/simferopol-evpatoriya","0.533","","Дать встроенный подбор/форму или явный переход с сохранением параметров поездки. | Добавить интерактивный выбор числа и размера вещей с подтверждением компоновки.","Отдельно не просмотрен","evidence/pages/f451521b896b7d6f.json"
"https://zakazminivena.ru/routes/simferopol-yalta","200","Межгород","Расширение","Средняя / второй этап","P2","83","Полезная маршрутная посадочная Симферополь → Ялта, 82 км. За пределами выбранной средней дальности либо локальный трансфер. Есть описание и цена, но нет встроенной формы в основном HTML.","минивэн симферополь ялта | такси минивэн Симферополь Ялта | заказать минивэн Симферополь Ялта","1","Измерена базовая фраза","true","5","5","","/routes/simferopol-sevastopol","0.603","","Дать встроенный подбор/форму или явный переход с сохранением параметров поездки. | Добавить интерактивный выбор числа и размера вещей с подтверждением компоновки.","Отдельно не просмотрен","evidence/pages/d11fb4852235d1cb.json"
"https://zakazminivena.ru/routes/simferopol-alushta","200","Межгород","Расширение","Средняя / второй этап","P2","88","Полезная маршрутная посадочная Симферополь → Алушта, 60 км. За пределами выбранной средней дальности либо локальный трансфер. Есть описание и цена, но нет встроенной формы в основном HTML.","минивэн симферополь алушта | такси минивэн Симферополь Алушта | заказать минивэн Симферополь Алушта","","Гипотеза — проверить","true","3","3","","/routes/simferopol-evpatoriya","0.596","","Дать встроенный подбор/форму или явный переход с сохранением параметров поездки. | Добавить интерактивный выбор числа и размера вещей с подтверждением компоновки.","Отдельно не просмотрен","evidence/pages/905c286bcbc2bd75.json"
"https://zakazminivena.ru/routes/simferopol-evpatoriya","200","Межгород","Расширение","Средняя / второй этап","P2","88","Полезная маршрутная посадочная Симферополь → Евпатория, 65 км. За пределами выбранной средней дальности либо локальный трансфер. Есть описание и цена, но нет встроенной формы в основном HTML.","минивэн симферополь евпатория | такси минивэн Симферополь Евпатория | заказать минивэн Симферополь Евпатория","","Гипотеза — проверить","true","3","3","","/routes/simferopol-alushta","0.596","","Дать встроенный подбор/форму или явный переход с сохранением параметров поездки. | Добавить интерактивный выбор числа и размера вещей с подтверждением компоновки.","Отдельно не просмотрен","evidence/pages/16a9ab173e0a35fa.json"
"https://zakazminivena.ru/routes/simferopol-feodosiya","200","Межгород","Расширение","Средняя / второй этап","P2","88","Полезная маршрутная посадочная Симферополь → Феодосия, 115 км. За пределами выбранной средней дальности либо локальный трансфер. Есть описание и цена, но нет встроенной формы в основном HTML.","минивэн симферополь феодосия | такси минивэн Симферополь Феодосия | заказать минивэн Симферополь Феодосия","","Гипотеза — проверить","true","3","3","","/routes/simferopol-evpatoriya","0.554","","Дать встроенный подбор/форму или явный переход с сохранением параметров поездки. | Добавить интерактивный выбор числа и размера вещей с подтверждением компоновки.","Отдельно не просмотрен","evidence/pages/f108fa3f774416a3.json"
"https://zakazminivena.ru/routes/simferopol-sudak","200","Межгород","Расширение","Средняя / второй этап","P2","88","Полезная маршрутная посадочная Симферополь → Судак, 100 км. За пределами выбранной средней дальности либо локальный трансфер. Есть описание и цена, но нет встроенной формы в основном HTML.","минивэн симферополь судак | такси минивэн Симферополь Судак | заказать минивэн Симферополь Судак","","Гипотеза — проверить","true","3","3","","/routes/simferopol-sevastopol","0.549","","Дать встроенный подбор/форму или явный переход с сохранением параметров поездки. | Добавить интерактивный выбор числа и размера вещей с подтверждением компоновки.","Отдельно не просмотрен","evidence/pages/783d5109b12a69a1.json"
"https://zakazminivena.ru/routes/simferopol-sevastopol","200","Межгород","Расширение","Средняя / второй этап","P2","83","Полезная маршрутная посадочная Симферополь → Севастополь, 80 км. За пределами выбранной средней дальности либо локальный трансфер. Есть описание и цена, но нет встроенной формы в основном HTML.","минивэн симферополь севастополь | такси минивэн Симферополь Севастополь | заказать минивэн Симферополь Севастополь","2","Измерена базовая фраза","true","3","3","","/routes/simferopol-yalta","0.603","","Дать встроенный подбор/форму или явный переход с сохранением параметров поездки. | Добавить интерактивный выбор числа и размера вещей с подтверждением компоновки.","Отдельно не просмотрен","evidence/pages/39042f236d636938.json"
"https://zakazminivena.ru/routes/krasnodar-sochi","200","Межгород","Ядро-кандидат","Высокая потенциальная","P2","88","Полезная маршрутная посадочная Краснодар → Сочи, 320 км. Соответствует приоритету средней дальности. Есть описание и цена, но нет встроенной формы в основном HTML.","минивэн краснодар сочи | такси минивэн Краснодар Сочи | заказать минивэн Краснодар Сочи","4","Измерена базовая фраза","true","12","12","","/routes/krasnodar-simferopol","0.539","","Дать встроенный подбор/форму или явный переход с сохранением параметров поездки. | Добавить интерактивный выбор числа и размера вещей с подтверждением компоновки.","Отдельно не просмотрен","evidence/pages/620d4124b5bc037b.json"
"https://zakazminivena.ru/routes/krasnodar-adler","200","Межгород","Ядро-кандидат","Высокая потенциальная","P2","88","Полезная маршрутная посадочная Краснодар → Адлер, 350 км. Соответствует приоритету средней дальности. Есть описание и цена, но нет встроенной формы в основном HTML.","минивэн краснодар адлер | такси минивэн Краснодар Адлер | заказать минивэн Краснодар Адлер","","Гипотеза — проверить","true","5","5","","/routes/rostov-adler","0.555","","Дать встроенный подбор/форму или явный переход с сохранением параметров поездки. | Добавить интерактивный выбор числа и размера вещей с подтверждением компоновки.","Отдельно не просмотрен","evidence/pages/acaed8062af3533c.json"
"https://zakazminivena.ru/routes/krasnodar-simferopol","200","Межгород","Ядро-кандидат","Высокая потенциальная","P2","88","Полезная маршрутная посадочная Краснодар → Симферополь, 440 км. Соответствует приоритету средней дальности. Есть описание и цена, но нет встроенной формы в основном HTML.","минивэн краснодар симферополь | такси минивэн Краснодар Симферополь | заказать минивэн Краснодар Симферополь | аренда авто из краснодара в симферополь","11","Измерена базовая фраза","true","307","4","","/routes/krasnodar-sochi","0.539","","Дать встроенный подбор/форму или явный переход с сохранением параметров поездки. | Добавить интерактивный выбор числа и размера вещей с подтверждением компоновки.","Отдельно не просмотрен","evidence/pages/48cf249e322633f3.json"
"https://zakazminivena.ru/routes/krasnodar-anapa","200","Межгород","Ядро-кандидат","Высокая потенциальная","P1","83","Полезная маршрутная посадочная Краснодар → Анапа, 165 км. Соответствует приоритету средней дальности. Есть описание и цена, но нет встроенной формы в основном HTML.","минивэн краснодар анапа | такси минивэн Краснодар Анапа | заказать минивэн Краснодар Анапа","44","Измерена базовая фраза","true","4","4","","/routes/krasnodar-novorossiysk","0.643","","Дать встроенный подбор/форму или явный переход с сохранением параметров поездки. | Добавить интерактивный выбор числа и размера вещей с подтверждением компоновки.","Отдельно не просмотрен","evidence/pages/c13de71fd37b2376.json"
"https://zakazminivena.ru/routes/krasnodar-gelendzhik","200","Межгород","Ядро-кандидат","Высокая потенциальная","P1","88","Полезная маршрутная посадочная Краснодар → Геленджик, 200 км. Соответствует приоритету средней дальности. Есть описание и цена, но нет встроенной формы в основном HTML.","минивэн краснодар геленджик | такси минивэн Краснодар Геленджик | заказать минивэн Краснодар Геленджик","26","Измерена базовая фраза","true","4","4","","/routes/krasnodar-novorossiysk","0.553","","Дать встроенный подбор/форму или явный переход с сохранением параметров поездки. | Добавить интерактивный выбор числа и размера вещей с подтверждением компоновки.","Отдельно не просмотрен","evidence/pages/4f6536b9e05850b3.json"
"https://zakazminivena.ru/routes/krasnodar-novorossiysk","200","Межгород","Ядро-кандидат","Высокая потенциальная","P2","83","Полезная маршрутная посадочная Краснодар → Новороссийск, 165 км. Соответствует приоритету средней дальности. Есть описание и цена, но нет встроенной формы в основном HTML.","минивэн краснодар новороссийск | такси минивэн Краснодар Новороссийск | заказать минивэн Краснодар Новороссийск","16","Измерена базовая фраза","true","3","3","","/routes/krasnodar-anapa","0.643","","Дать встроенный подбор/форму или явный переход с сохранением параметров поездки. | Добавить интерактивный выбор числа и размера вещей с подтверждением компоновки.","Отдельно не просмотрен","evidence/pages/b4849df0f3b04a68.json"
"https://zakazminivena.ru/routes/krasnodar-yalta","200","Межгород","Ядро-кандидат","Высокая потенциальная","P2","88","Полезная маршрутная посадочная Краснодар → Ялта, 500 км. Соответствует приоритету средней дальности. Есть описание и цена, но нет встроенной формы в основном HTML.","минивэн краснодар ялта | такси минивэн Краснодар Ялта | заказать минивэн Краснодар Ялта","6","Измерена базовая фраза","true","2","2","","/routes/krasnodar-gelendzhik","0.54","","Дать встроенный подбор/форму или явный переход с сохранением параметров поездки. | Добавить интерактивный выбор числа и размера вещей с подтверждением компоновки.","Отдельно не просмотрен","evidence/pages/a57a201cc52150d9.json"
"https://zakazminivena.ru/routes/rostov-krasnodar","200","Межгород","Ядро-кандидат","Высокая потенциальная","P1","88","Полезная маршрутная посадочная Ростов → Краснодар, 275 км. Соответствует приоритету средней дальности. Есть описание и цена, но нет встроенной формы в основном HTML.","минивэн ростов краснодар | такси минивэн Ростов Краснодар | заказать минивэн Ростов Краснодар | минивэн в краснодар из ростова","36","Измерена базовая фраза","true","11","11","","/routes/rostov-adler","0.539","","Дать встроенный подбор/форму или явный переход с сохранением параметров поездки. | Добавить интерактивный выбор числа и размера вещей с подтверждением компоновки.","Отдельно не просмотрен","evidence/pages/a00b1f9c59827e89.json"
"https://zakazminivena.ru/routes/rostov-sochi","200","Межгород","Расширение","Средняя / второй этап","P2","88","Полезная маршрутная посадочная Ростов → Сочи, 550 км. За пределами выбранной средней дальности либо локальный трансфер. Есть описание и цена, но нет встроенной формы в основном HTML.","минивэн ростов сочи | такси минивэн Ростов Сочи | заказать минивэн Ростов Сочи | такси минивэн ростов сочи","6","Измерена базовая фраза","true","5","5","","/routes/rostov-adler","0.554","","Дать встроенный подбор/форму или явный переход с сохранением параметров поездки. | Добавить интерактивный выбор числа и размера вещей с подтверждением компоновки.","Отдельно не просмотрен","evidence/pages/fcebe7cd37bd6972.json"
"https://zakazminivena.ru/routes/rostov-adler","200","Межгород","Расширение","Средняя / второй этап","P2","88","Полезная маршрутная посадочная Ростов → Адлер, 570 км. За пределами выбранной средней дальности либо локальный трансфер. Есть описание и цена, но нет встроенной формы в основном HTML.","минивэн ростов адлер | такси минивэн Ростов Адлер | заказать минивэн Ростов Адлер","","Гипотеза — проверить","true","4","4","","/routes/krasnodar-adler","0.555","","Дать встроенный подбор/форму или явный переход с сохранением параметров поездки. | Добавить интерактивный выбор числа и размера вещей с подтверждением компоновки.","Отдельно не просмотрен","evidence/pages/dee42d8828d0e258.json"
"https://zakazminivena.ru/routes/rostov-anapa","200","Межгород","Ядро-кандидат","Высокая потенциальная","P2","88","Полезная маршрутная посадочная Ростов → Анапа, 430 км. Соответствует приоритету средней дальности. Есть описание и цена, но нет встроенной формы в основном HTML.","минивэн ростов анапа | такси минивэн Ростов Анапа | заказать минивэн Ростов Анапа","2","Измерена базовая фраза","true","3","3","","/routes/rostov-sochi","0.547","","Дать встроенный подбор/форму или явный переход с сохранением параметров поездки. | Добавить интерактивный выбор числа и размера вещей с подтверждением компоновки.","Отдельно не просмотрен","evidence/pages/74600aab80dfb556.json"
"https://zakazminivena.ru/routes/moskva-sochi","200","Межгород","Расширение","Средняя / второй этап","P1","88","Полезная маршрутная посадочная Москва → Сочи, 1650 км. За пределами выбранной средней дальности либо локальный трансфер. Есть описание и цена, но нет встроенной формы в основном HTML.","минивэн москва сочи | такси минивэн Москва Сочи | заказать минивэн Москва Сочи","85","Измерена базовая фраза","true","307","7","","/routes/rostov-sochi","0.538","","Дать встроенный подбор/форму или явный переход с сохранением параметров поездки. | Добавить интерактивный выбор числа и размера вещей с подтверждением компоновки.","Отдельно не просмотрен","evidence/pages/6f5c42983d64879b.json"
"https://zakazminivena.ru/routes/mineralnye-vody-dombay","200","Межгород","Ядро-кандидат","Высокая потенциальная","P2","88","Полезная маршрутная посадочная Минеральные Воды → Домбай, 200 км. Соответствует приоритету средней дальности. Есть описание и цена, но нет встроенной формы в основном HTML.","минивэн минеральные воды домбай | такси минивэн Минеральные Воды Домбай | заказать минивэн Минеральные Воды Домбай","","Гипотеза — проверить","true","4","4","","/routes/mineralnye-vody-nalchik","0.571","","Дать встроенный подбор/форму или явный переход с сохранением параметров поездки. | Добавить интерактивный выбор числа и размера вещей с подтверждением компоновки.","Отдельно не просмотрен","evidence/pages/7bdd32aa77ab501c.json"
"https://zakazminivena.ru/routes/mineralnye-vody-kislovodsk","200","Межгород","Расширение","Средняя / второй этап","P2","88","Полезная маршрутная посадочная Минеральные Воды → Кисловодск, 60 км. За пределами выбранной средней дальности либо локальный трансфер. Есть описание и цена, но нет встроенной формы в основном HTML.","минивэн минеральные воды кисловодск | такси минивэн Минеральные Воды Кисловодск | заказать минивэн Минеральные Воды Кисловодск","4","Измерена базовая фраза","true","4","4","","/routes/mineralnye-vody-pyatigorsk","0.588","","Дать встроенный подбор/форму или явный переход с сохранением параметров поездки. | Добавить интерактивный выбор числа и размера вещей с подтверждением компоновки.","Отдельно не просмотрен","evidence/pages/471edf964d753468.json"
"https://zakazminivena.ru/routes/mineralnye-vody-pyatigorsk","200","Межгород","Расширение","Средняя / второй этап","P2","88","Полезная маршрутная посадочная Минеральные Воды → Пятигорск, 25 км. За пределами выбранной средней дальности либо локальный трансфер. Есть описание и цена, но нет встроенной формы в основном HTML.","минивэн минеральные воды пятигорск | такси минивэн Минеральные Воды Пятигорск | заказать минивэн Минеральные Воды Пятигорск","1","Измерена базовая фраза","true","4","4","","/routes/mineralnye-vody-kislovodsk","0.588","","Дать встроенный подбор/форму или явный переход с сохранением параметров поездки. | Добавить интерактивный выбор числа и размера вещей с подтверждением компоновки.","Отдельно не просмотрен","evidence/pages/6aba7b6c0cb0dc34.json"
"https://zakazminivena.ru/routes/mineralnye-vody-nalchik","200","Межгород","Расширение","Средняя / второй этап","P2","88","Полезная маршрутная посадочная Минеральные Воды → Нальчик, 80 км. За пределами выбранной средней дальности либо локальный трансфер. Есть описание и цена, но нет встроенной формы в основном HTML.","минивэн минеральные воды нальчик | такси минивэн Минеральные Воды Нальчик | заказать минивэн Минеральные Воды Нальчик | минеральные воды нальчик такси цены","2","Измерена базовая фраза","true","3","3","","/routes/mineralnye-vody-kislovodsk","0.573","","Дать встроенный подбор/форму или явный переход с сохранением параметров поездки. | Добавить интерактивный выбор числа и размера вещей с подтверждением компоновки.","Отдельно не просмотрен","evidence/pages/efd18a9f2d098e72.json"
"https://zakazminivena.ru/routes/kazan-samara","200","Межгород","Ядро-кандидат","Высокая потенциальная","P1","83","Полезная маршрутная посадочная Казань → Самара, 375 км. Соответствует приоритету средней дальности. Есть описание и цена, но нет встроенной формы в основном HTML.","минивэн казань самара | такси минивэн Казань Самара | заказать минивэн Казань Самара | казань самара минивэн","67","Измерена базовая фраза","true","307","10","","/routes/volgograd-saratov","0.624","","Дать встроенный подбор/форму или явный переход с сохранением параметров поездки. | Добавить интерактивный выбор числа и размера вещей с подтверждением компоновки.","Просмотрен начальный мобильный экран этого URL","evidence/pages/930ed8c3f168f2ae.json"
"https://zakazminivena.ru/routes/samara-kazan","200","Межгород","Ядро-кандидат","Высокая потенциальная","P1","88","Полезная маршрутная посадочная Самара → Казань, 365 км. Соответствует приоритету средней дальности. Есть описание и цена, но нет встроенной формы в основном HTML.","минивэн казань самара | такси минивэн Самара Казань | заказать минивэн Самара Казань | минивэн самара казань","67","Измерена базовая фраза","true","3","3","","/routes/volgograd-saratov","0.552","","Дать встроенный подбор/форму или явный переход с сохранением параметров поездки. | Добавить интерактивный выбор числа и размера вещей с подтверждением компоновки.","Отдельно не просмотрен","evidence/pages/3eaf017a6fcae944.json"
"https://zakazminivena.ru/routes/ekaterinburg-chelyabinsk","200","Межгород","Ядро-кандидат","Высокая потенциальная","P1","83","Полезная маршрутная посадочная Екатеринбург → Челябинск, 210 км. Соответствует приоритету средней дальности. Есть описание и цена, но нет встроенной формы в основном HTML.","минивэн екатеринбург челябинск | такси минивэн Екатеринбург Челябинск | заказать минивэн Екатеринбург Челябинск | групповой трансфер из екатеринбурга в челябинск","30","Измерена базовая фраза","true","307","10","","/routes/chelyabinsk-ekaterinburg","0.637","","Дать встроенный подбор/форму или явный переход с сохранением параметров поездки. | Добавить интерактивный выбор числа и размера вещей с подтверждением компоновки.","Отдельно не просмотрен","evidence/pages/4e2778321f1a7ed4.json"
"https://zakazminivena.ru/routes/chelyabinsk-ekaterinburg","200","Межгород","Ядро-кандидат","Высокая потенциальная","P1","83","Полезная маршрутная посадочная Челябинск → Екатеринбург, 210 км. Соответствует приоритету средней дальности. Есть описание и цена, но нет встроенной формы в основном HTML.","минивэн екатеринбург челябинск | такси минивэн Челябинск Екатеринбург | заказать минивэн Челябинск Екатеринбург | минивэн челябинск екатеринбург","30","Измерена базовая фраза","true","5","5","","/routes/ekaterinburg-chelyabinsk","0.637","","Дать встроенный подбор/форму или явный переход с сохранением параметров поездки. | Добавить интерактивный выбор числа и размера вещей с подтверждением компоновки.","Отдельно не просмотрен","evidence/pages/225baf379c9774f5.json"
"https://zakazminivena.ru/routes/ekaterinburg-tyumen","200","Межгород","Ядро-кандидат","Высокая потенциальная","P1","83","Полезная маршрутная посадочная Екатеринбург → Тюмень, 330 км. Соответствует приоритету средней дальности. Есть описание и цена, но нет встроенной формы в основном HTML.","минивэн екатеринбург тюмень | такси минивэн Екатеринбург Тюмень | заказать минивэн Екатеринбург Тюмень | такси минивэн екатеринбург до тюмени и обратно цена","13","Измерена базовая фраза","true","5","5","","/routes/tyumen-ekaterinburg","0.627","","Дать встроенный подбор/форму или явный переход с сохранением параметров поездки. | Добавить интерактивный выбор числа и размера вещей с подтверждением компоновки.","Отдельно не просмотрен","evidence/pages/0b61a968d2f575ae.json"
"https://zakazminivena.ru/routes/tyumen-ekaterinburg","200","Межгород","Ядро-кандидат","Высокая потенциальная","P2","83","Полезная маршрутная посадочная Тюмень → Екатеринбург, 330 км. Соответствует приоритету средней дальности. Есть описание и цена, но нет встроенной формы в основном HTML.","минивэн екатеринбург тюмень | такси минивэн Тюмень Екатеринбург | заказать минивэн Тюмень Екатеринбург | услуга трансфер тюмень екатеринбург","13","Измерена базовая фраза","true","5","5","","/routes/ekaterinburg-tyumen","0.627","","Дать встроенный подбор/форму или явный переход с сохранением параметров поездки. | Добавить интерактивный выбор числа и размера вещей с подтверждением компоновки.","Отдельно не просмотрен","evidence/pages/6724047da3d87546.json"
"https://zakazminivena.ru/routes/ekaterinburg-perm","200","Межгород","Ядро-кандидат","Высокая потенциальная","P2","83","Полезная маршрутная посадочная Екатеринбург → Пермь, 360 км. Соответствует приоритету средней дальности. Есть описание и цена, но нет встроенной формы в основном HTML.","минивэн екатеринбург пермь | такси минивэн Екатеринбург Пермь | заказать минивэн Екатеринбург Пермь","6","Измерена базовая фраза","true","5","5","","/routes/ekaterinburg-kurgan","0.613","","Дать встроенный подбор/форму или явный переход с сохранением параметров поездки. | Добавить интерактивный выбор числа и размера вещей с подтверждением компоновки.","Отдельно не просмотрен","evidence/pages/29e90580b73e335f.json"
"https://zakazminivena.ru/routes/ekaterinburg-kurgan","200","Межгород","Ядро-кандидат","Высокая потенциальная","P2","83","Полезная маршрутная посадочная Екатеринбург → Курган, 365 км. Соответствует приоритету средней дальности. Есть описание и цена, но нет встроенной формы в основном HTML.","минивэн екатеринбург курган | такси минивэн Екатеринбург Курган | заказать минивэн Екатеринбург Курган","","Гипотеза — проверить","true","3","3","","/routes/ekaterinburg-perm","0.613","","Дать встроенный подбор/форму или явный переход с сохранением параметров поездки. | Добавить интерактивный выбор числа и размера вещей с подтверждением компоновки.","Отдельно не просмотрен","evidence/pages/118b9cbe77e0ee6e.json"
"https://zakazminivena.ru/routes/kazan-nizhniy-novgorod","200","Межгород","Ядро-кандидат","Высокая потенциальная","P1","88","Полезная маршрутная посадочная Казань → Нижний Новгород, 420 км. Соответствует приоритету средней дальности. Есть описание и цена, но нет встроенной формы в основном HTML.","минивэн казань нижний новгород | такси минивэн Казань Нижний Новгород | заказать минивэн Казань Нижний Новгород | казань нижний новгород на минивэне","6","Измерена базовая фраза","true","3","3","","/routes/nizhniy-novgorod-kazan","0.541","","Дать встроенный подбор/форму или явный переход с сохранением параметров поездки. | Добавить интерактивный выбор числа и размера вещей с подтверждением компоновки.","Отдельно не просмотрен","evidence/pages/17ea1132f4d2f67e.json"
"https://zakazminivena.ru/routes/nizhniy-novgorod-kazan","200","Межгород","Ядро-кандидат","Высокая потенциальная","P2","88","Полезная маршрутная посадочная Нижний Новгород → Казань, 390 км. Соответствует приоритету средней дальности. Есть описание и цена, но нет встроенной формы в основном HTML.","минивэн казань нижний новгород | такси минивэн Нижний Новгород Казань | заказать минивэн Нижний Новгород Казань | минивены нижний новгород казань","6","Измерена базовая фраза","true","2","2","","/routes/volgograd-saratov","0.56","","Дать встроенный подбор/форму или явный переход с сохранением параметров поездки. | Добавить интерактивный выбор числа и размера вещей с подтверждением компоновки.","Отдельно не просмотрен","evidence/pages/933a0451d4375d14.json"
"https://zakazminivena.ru/routes/kazan-ekaterinburg","200","Межгород","Расширение","Средняя / второй этап","P2","88","Полезная маршрутная посадочная Казань → Екатеринбург, 865 км. За пределами выбранной средней дальности либо локальный трансфер. Есть описание и цена, но нет встроенной формы в основном HTML.","минивэн казань екатеринбург | такси минивэн Казань Екатеринбург | заказать минивэн Казань Екатеринбург","1","Измерена базовая фраза","true","2","2","","/routes/chelyabinsk-ekaterinburg","0.543","","Дать встроенный подбор/форму или явный переход с сохранением параметров поездки. | Добавить интерактивный выбор числа и размера вещей с подтверждением компоновки.","Отдельно не просмотрен","evidence/pages/00f45dfee145e092.json"
"https://zakazminivena.ru/routes/moskva-spb","200","Межгород","Расширение","Средняя / второй этап","P1","88","Полезная маршрутная посадочная Москва → Санкт-Петербург, 700 км. За пределами выбранной средней дальности либо локальный трансфер. Есть описание и цена, но нет встроенной формы в основном HTML.","минивэн москва санкт-петербург | такси минивэн Москва Санкт-Петербург | заказать минивэн Москва Санкт-Петербург | минивэн москва спб","61","Измерена базовая фраза","true","19","19","","/routes/spb-moskva","0.56","","Дать встроенный подбор/форму или явный переход с сохранением параметров поездки. | Добавить интерактивный выбор числа и размера вещей с подтверждением компоновки.","Отдельно не просмотрен","evidence/pages/abcaf6296e22ad95.json"
"https://zakazminivena.ru/routes/spb-moskva","200","Межгород","Расширение","Средняя / второй этап","P1","88","Полезная маршрутная посадочная Санкт-Петербург → Москва, 705 км. За пределами выбранной средней дальности либо локальный трансфер. Есть описание и цена, но нет встроенной формы в основном HTML.","минивэн москва санкт-петербург | такси минивэн Санкт-Петербург Москва | заказать минивэн Санкт-Петербург Москва | в москву на минивене","61","Измерена базовая фраза","true","6","6","","/routes/nizhniy-novgorod-moskva","0.563","","Дать встроенный подбор/форму или явный переход с сохранением параметров поездки. | Добавить интерактивный выбор числа и размера вещей с подтверждением компоновки.","Отдельно не просмотрен","evidence/pages/13670085bffae5d5.json"
"https://zakazminivena.ru/routes/moskva-nizhniy-novgorod","200","Межгород","Ядро-кандидат","Высокая потенциальная","P1","88","Полезная маршрутная посадочная Москва → Нижний Новгород, 460 км. Соответствует приоритету средней дальности. Есть описание и цена, но нет встроенной формы в основном HTML.","минивэн москва нижний новгород | такси минивэн Москва Нижний Новгород | заказать минивэн Москва Нижний Новгород | такси минивэн из москвы в нижний новгород","15","Измерена базовая фраза","true","7","7","","/routes/moskva-suzdal","0.575","","Дать встроенный подбор/форму или явный переход с сохранением параметров поездки. | Добавить интерактивный выбор числа и размера вещей с подтверждением компоновки.","Отдельно не просмотрен","evidence/pages/6002058d661ee5ac.json"
"https://zakazminivena.ru/routes/nizhniy-novgorod-moskva","200","Межгород","Ядро-кандидат","Высокая потенциальная","P2","88","Полезная маршрутная посадочная Нижний Новгород → Москва, 440 км. Соответствует приоритету средней дальности. Есть описание и цена, но нет встроенной формы в основном HTML.","минивэн москва нижний новгород | такси минивэн Нижний Новгород Москва | заказать минивэн Нижний Новгород Москва","15","Измерена базовая фраза","true","5","5","","/routes/kazan-moskva","0.575","","Дать встроенный подбор/форму или явный переход с сохранением параметров поездки. | Добавить интерактивный выбор числа и размера вещей с подтверждением компоновки.","Отдельно не просмотрен","evidence/pages/ac566c9db9b0d647.json"
"https://zakazminivena.ru/routes/moskva-voronezh","200","Межгород","Расширение","Средняя / второй этап","P2","83","Полезная маршрутная посадочная Москва → Воронеж, 515 км. За пределами выбранной средней дальности либо локальный трансфер. Есть описание и цена, но нет встроенной формы в основном HTML.","минивэн москва воронеж | такси минивэн Москва Воронеж | заказать минивэн Москва Воронеж","17","Измерена базовая фраза","true","6","6","","/routes/voronezh-moskva","0.658","","Дать встроенный подбор/форму или явный переход с сохранением параметров поездки. | Добавить интерактивный выбор числа и размера вещей с подтверждением компоновки.","Отдельно не просмотрен","evidence/pages/e3941051992afa92.json"
"https://zakazminivena.ru/routes/voronezh-moskva","200","Межгород","Расширение","Средняя / второй этап","P1","83","Полезная маршрутная посадочная Воронеж → Москва, 515 км. За пределами выбранной средней дальности либо локальный трансфер. Есть описание и цена, но нет встроенной формы в основном HTML.","минивэн москва воронеж | такси минивэн Воронеж Москва | заказать минивэн Воронеж Москва | такси минивэн с воронежа в москву","17","Измерена базовая фраза","true","307","3","","/routes/moskva-voronezh","0.658","","Дать встроенный подбор/форму или явный переход с сохранением параметров поездки. | Добавить интерактивный выбор числа и размера вещей с подтверждением компоновки.","Отдельно не просмотрен","evidence/pages/bb2697f560745bb1.json"
"https://zakazminivena.ru/routes/moskva-kazan","200","Межгород","Расширение","Средняя / второй этап","P1","88","Полезная маршрутная посадочная Москва → Казань, 805 км. За пределами выбранной средней дальности либо локальный трансфер. Есть описание и цена, но нет встроенной формы в основном HTML.","минивэн москва казань | такси минивэн Москва Казань | заказать минивэн Москва Казань","53","Измерена базовая фраза","true","3","3","","/routes/kazan-moskva","0.57","","Дать встроенный подбор/форму или явный переход с сохранением параметров поездки. | Добавить интерактивный выбор числа и размера вещей с подтверждением компоновки.","Отдельно не просмотрен","evidence/pages/19f3690e0635960c.json"
"https://zakazminivena.ru/routes/kazan-moskva","200","Межгород","Расширение","Средняя / второй этап","P1","88","Полезная маршрутная посадочная Казань → Москва, 810 км. За пределами выбранной средней дальности либо локальный трансфер. Есть описание и цена, но нет встроенной формы в основном HTML.","минивэн москва казань | такси минивэн Казань Москва | заказать минивэн Казань Москва | доехать на минивене из казани в москву","53","Измерена базовая фраза","true","2","2","","/routes/nizhniy-novgorod-moskva","0.575","","Дать встроенный подбор/форму или явный переход с сохранением параметров поездки. | Добавить интерактивный выбор числа и размера вещей с подтверждением компоновки.","Отдельно не просмотрен","evidence/pages/24abb2554bd71e0a.json"
"https://zakazminivena.ru/routes/moskva-yaroslavl","200","Межгород","Ядро-кандидат","Высокая потенциальная","P2","83","Полезная маршрутная посадочная Москва → Ярославль, 265 км. Соответствует приоритету средней дальности. Есть описание и цена, но нет встроенной формы в основном HTML.","минивэн москва ярославль | такси минивэн Москва Ярославль | заказать минивэн Москва Ярославль | москва ярославль минивэн заказ","14","Измерена базовая фраза","true","3","3","","/routes/yaroslavl-moskva","0.653","","Дать встроенный подбор/форму или явный переход с сохранением параметров поездки. | Добавить интерактивный выбор числа и размера вещей с подтверждением компоновки.","Отдельно не просмотрен","evidence/pages/3890f98c94588e73.json"
"https://zakazminivena.ru/routes/yaroslavl-moskva","200","Межгород","Ядро-кандидат","Высокая потенциальная","P2","83","Полезная маршрутная посадочная Ярославль → Москва, 265 км. Соответствует приоритету средней дальности. Есть описание и цена, но нет встроенной формы в основном HTML.","минивэн москва ярославль | такси минивэн Ярославль Москва | заказать минивэн Ярославль Москва","14","Измерена базовая фраза","true","2","2","","/routes/moskva-yaroslavl","0.653","","Дать встроенный подбор/форму или явный переход с сохранением параметров поездки. | Добавить интерактивный выбор числа и размера вещей с подтверждением компоновки.","Отдельно не просмотрен","evidence/pages/859c497896e1c4e7.json"
"https://zakazminivena.ru/routes/moskva-suzdal","200","Межгород","Ядро-кандидат","Высокая потенциальная","P1","88","Полезная маршрутная посадочная Москва → Суздаль, 230 км. Соответствует приоритету средней дальности. Есть описание и цена, но нет встроенной формы в основном HTML.","минивэн москва суздаль | такси минивэн Москва Суздаль | заказать минивэн Москва Суздаль | минивены в суздаль из москвы","7","Измерена базовая фраза","true","3","3","","/routes/moskva-nizhniy-novgorod","0.575","","Дать встроенный подбор/форму или явный переход с сохранением параметров поездки. | Добавить интерактивный выбор числа и размера вещей с подтверждением компоновки.","Отдельно не просмотрен","evidence/pages/e32fdf71720f2ebb.json"
"https://zakazminivena.ru/routes/moskva-vladimir","200","Межгород","Ядро-кандидат","Высокая потенциальная","P2","83","Полезная маршрутная посадочная Москва → Владимир, 185 км. Соответствует приоритету средней дальности. Есть описание и цена, но нет встроенной формы в основном HTML.","минивэн москва владимир | такси минивэн Москва Владимир | заказать минивэн Москва Владимир","3","Измерена базовая фраза","true","2","2","","/routes/moskva-tula","0.658","","Дать встроенный подбор/форму или явный переход с сохранением параметров поездки. | Добавить интерактивный выбор числа и размера вещей с подтверждением компоновки.","Отдельно не просмотрен","evidence/pages/f18acb9922638b22.json"
"https://zakazminivena.ru/routes/moskva-tver","200","Межгород","Ядро-кандидат","Высокая потенциальная","P1","88","Полезная маршрутная посадочная Москва → Тверь, 165 км. Соответствует приоритету средней дальности. Есть описание и цена, но нет встроенной формы в основном HTML.","минивэн москва тверь | такси минивэн Москва Тверь | заказать минивэн Москва Тверь","23","Измерена базовая фраза","true","2","2","","/routes/moskva-tula","0.561","","Дать встроенный подбор/форму или явный переход с сохранением параметров поездки. | Добавить интерактивный выбор числа и размера вещей с подтверждением компоновки.","Отдельно не просмотрен","evidence/pages/a8d581d900864957.json"
"https://zakazminivena.ru/routes/moskva-tula","200","Межгород","Ядро-кандидат","Высокая потенциальная","P2","83","Полезная маршрутная посадочная Москва → Тула, 185 км. Соответствует приоритету средней дальности. Есть описание и цена, но нет встроенной формы в основном HTML.","минивэн москва тула | такси минивэн Москва Тула | заказать минивэн Москва Тула | заказать минивэн из москвы в тулу","15","Измерена базовая фраза","true","2","2","","/routes/moskva-vladimir","0.658","","Дать встроенный подбор/форму или явный переход с сохранением параметров поездки. | Добавить интерактивный выбор числа и размера вещей с подтверждением компоновки.","Отдельно не просмотрен","evidence/pages/fd617a666d56b961.json"
"https://zakazminivena.ru/routes/moskva-ryazan","200","Межгород","Ядро-кандидат","Высокая потенциальная","P1","88","Полезная маршрутная посадочная Москва → Рязань, 200 км. Соответствует приоритету средней дальности. Есть описание и цена, но нет встроенной формы в основном HTML.","минивэн москва рязань | такси минивэн Москва Рязань | заказать минивэн Москва Рязань | заказать минивэн с водителем москва-рязань","11","Измерена базовая фраза","true","2","2","","/routes/moskva-kaluga","0.584","","Дать встроенный подбор/форму или явный переход с сохранением параметров поездки. | Добавить интерактивный выбор числа и размера вещей с подтверждением компоновки.","Отдельно не просмотрен","evidence/pages/94d5df59e2840296.json"
"https://zakazminivena.ru/routes/moskva-kaluga","200","Межгород","Ядро-кандидат","Высокая потенциальная","P2","88","Полезная маршрутная посадочная Москва → Калуга, 220 км. Соответствует приоритету средней дальности. Есть описание и цена, но нет встроенной формы в основном HTML.","минивэн москва калуга | такси минивэн Москва Калуга | заказать минивэн Москва Калуга","2","Измерена базовая фраза","true","2","2","","/routes/moskva-ryazan","0.584","","Дать встроенный подбор/форму или явный переход с сохранением параметров поездки. | Добавить интерактивный выбор числа и размера вещей с подтверждением компоновки.","Отдельно не просмотрен","evidence/pages/0108ae5e46f521bb.json"
"https://zakazminivena.ru/routes/moskva-kostroma","200","Межгород","Ядро-кандидат","Высокая потенциальная","P2","88","Полезная маршрутная посадочная Москва → Кострома, 350 км. Соответствует приоритету средней дальности. Есть описание и цена, но нет встроенной формы в основном HTML.","минивэн москва кострома | такси минивэн Москва Кострома | заказать минивэн Москва Кострома","9","Измерена базовая фраза","true","2","2","","/routes/moskva-nizhniy-novgorod","0.571","","Дать встроенный подбор/форму или явный переход с сохранением параметров поездки. | Добавить интерактивный выбор числа и размера вещей с подтверждением компоновки.","Отдельно не просмотрен","evidence/pages/f7ada8e23411a87e.json"
"https://zakazminivena.ru/routes/spb-velikiy-novgorod","200","Межгород","Ядро-кандидат","Высокая потенциальная","P2","88","Полезная маршрутная посадочная Санкт-Петербург → Великий Новгород, 195 км. Соответствует приоритету средней дальности. Есть описание и цена, но нет встроенной формы в основном HTML.","минивэн санкт-петербург великий новгород | такси минивэн Санкт-Петербург Великий Новгород | заказать минивэн Санкт-Петербург Великий Новгород | такси питер великий новгород минивен","1","Измерена базовая фраза","true","3","3","","/routes/spb-petrozavodsk","0.571","","Дать встроенный подбор/форму или явный переход с сохранением параметров поездки. | Добавить интерактивный выбор числа и размера вещей с подтверждением компоновки.","Отдельно не просмотрен","evidence/pages/45c89caadd2c612e.json"
"https://zakazminivena.ru/routes/spb-pskov","200","Межгород","Ядро-кандидат","Высокая потенциальная","P2","88","Полезная маршрутная посадочная Санкт-Петербург → Псков, 295 км. Соответствует приоритету средней дальности. Есть описание и цена, но нет встроенной формы в основном HTML.","минивэн санкт-петербург псков | такси минивэн Санкт-Петербург Псков | заказать минивэн Санкт-Петербург Псков | аренда авто с спб в псков","2","Измерена базовая фраза","true","3","3","","/routes/spb-velikiy-novgorod","0.566","","Дать встроенный подбор/форму или явный переход с сохранением параметров поездки. | Добавить интерактивный выбор числа и размера вещей с подтверждением компоновки.","Отдельно не просмотрен","evidence/pages/1f899b106cef4fad.json"
"https://zakazminivena.ru/routes/spb-petrozavodsk","200","Межгород","Ядро-кандидат","Высокая потенциальная","P2","88","Полезная маршрутная посадочная Санкт-Петербург → Петрозаводск, 430 км. Соответствует приоритету средней дальности. Есть описание и цена, но нет встроенной формы в основном HTML.","минивэн санкт-петербург петрозаводск | такси минивэн Санкт-Петербург Петрозаводск | заказать минивэн Санкт-Петербург Петрозаводск | минивэн санкт петербург петрозаводск","2","Измерена базовая фраза","true","3","3","","/routes/spb-velikiy-novgorod","0.571","","Дать встроенный подбор/форму или явный переход с сохранением параметров поездки. | Добавить интерактивный выбор числа и размера вещей с подтверждением компоновки.","Отдельно не просмотрен","evidence/pages/2b89d643c108a624.json"
"https://zakazminivena.ru/routes/voronezh-lipetsk","200","Межгород","Расширение","Средняя / второй этап","P2","83","Полезная маршрутная посадочная Воронеж → Липецк, 125 км. За пределами выбранной средней дальности либо локальный трансфер. Есть описание и цена, но нет встроенной формы в основном HTML.","минивэн воронеж липецк | такси минивэн Воронеж Липецк | заказать минивэн Воронеж Липецк","2","Измерена базовая фраза","true","2","2","","/routes/voronezh-kursk","0.613","","Дать встроенный подбор/форму или явный переход с сохранением параметров поездки. | Добавить интерактивный выбор числа и размера вещей с подтверждением компоновки.","Отдельно не просмотрен","evidence/pages/06664f647d6859cf.json"
"https://zakazminivena.ru/routes/voronezh-belgorod","200","Межгород","Ядро-кандидат","Высокая потенциальная","P2","88","Полезная маршрутная посадочная Воронеж → Белгород, 255 км. Соответствует приоритету средней дальности. Есть описание и цена, но нет встроенной формы в основном HTML.","минивэн воронеж белгород | такси минивэн Воронеж Белгород | заказать минивэн Воронеж Белгород","","Гипотеза — проверить","true","2","2","","/routes/voronezh-kursk","0.582","","Дать встроенный подбор/форму или явный переход с сохранением параметров поездки. | Добавить интерактивный выбор числа и размера вещей с подтверждением компоновки.","Отдельно не просмотрен","evidence/pages/823225caad93e1c1.json"
"https://zakazminivena.ru/routes/voronezh-kursk","200","Межгород","Ядро-кандидат","Высокая потенциальная","P2","83","Полезная маршрутная посадочная Воронеж → Курск, 225 км. Соответствует приоритету средней дальности. Есть описание и цена, но нет встроенной формы в основном HTML.","минивэн воронеж курск | такси минивэн Воронеж Курск | заказать минивэн Воронеж Курск","1","Измерена базовая фраза","true","2","2","","/routes/voronezh-tambov","0.654","","Дать встроенный подбор/форму или явный переход с сохранением параметров поездки. | Добавить интерактивный выбор числа и размера вещей с подтверждением компоновки.","Отдельно не просмотрен","evidence/pages/12bf90495c95b3a5.json"
"https://zakazminivena.ru/routes/voronezh-tambov","200","Межгород","Ядро-кандидат","Высокая потенциальная","P2","83","Полезная маршрутная посадочная Воронеж → Тамбов, 220 км. Соответствует приоритету средней дальности. Есть описание и цена, но нет встроенной формы в основном HTML.","минивэн воронеж тамбов | такси минивэн Воронеж Тамбов | заказать минивэн Воронеж Тамбов | стоимость такси воронеж тамбов","","Гипотеза — проверить","true","2","2","","/routes/voronezh-kursk","0.654","","Дать встроенный подбор/форму или явный переход с сохранением параметров поездки. | Добавить интерактивный выбор числа и размера вещей с подтверждением компоновки.","Отдельно не просмотрен","evidence/pages/4c8314b555443e1a.json"
"https://zakazminivena.ru/routes/novosibirsk-barnaul","200","Межгород","Ядро-кандидат","Высокая потенциальная","P2","88","Полезная маршрутная посадочная Новосибирск → Барнаул, 240 км. Соответствует приоритету средней дальности. Есть описание и цена, но нет встроенной формы в основном HTML.","минивэн новосибирск барнаул | такси минивэн Новосибирск Барнаул | заказать минивэн Новосибирск Барнаул","4","Измерена базовая фраза","true","3","3","","/routes/novosibirsk-kemerovo","0.597","","Дать встроенный подбор/форму или явный переход с сохранением параметров поездки. | Добавить интерактивный выбор числа и размера вещей с подтверждением компоновки.","Отдельно не просмотрен","evidence/pages/41430a933b416d4c.json"
"https://zakazminivena.ru/routes/novosibirsk-tomsk","200","Межгород","Ядро-кандидат","Высокая потенциальная","P2","83","Полезная маршрутная посадочная Новосибирск → Томск, 260 км. Соответствует приоритету средней дальности. Есть описание и цена, но нет встроенной формы в основном HTML.","минивэн новосибирск томск | такси минивэн Новосибирск Томск | заказать минивэн Новосибирск Томск","6","Измерена базовая фраза","true","3","3","","/routes/novosibirsk-kemerovo","0.682","","Дать встроенный подбор/форму или явный переход с сохранением параметров поездки. | Добавить интерактивный выбор числа и размера вещей с подтверждением компоновки.","Отдельно не просмотрен","evidence/pages/56a5b81c737ec80d.json"
"https://zakazminivena.ru/routes/novosibirsk-kemerovo","200","Межгород","Ядро-кандидат","Высокая потенциальная","P2","83","Полезная маршрутная посадочная Новосибирск → Кемерово, 260 км. Соответствует приоритету средней дальности. Есть описание и цена, но нет встроенной формы в основном HTML.","минивэн новосибирск кемерово | такси минивэн Новосибирск Кемерово | заказать минивэн Новосибирск Кемерово | заказать минивэн из новосибирска в кемерово","12","Измерена базовая фраза","true","3","3","","/routes/novosibirsk-tomsk","0.682","","Дать встроенный подбор/форму или явный переход с сохранением параметров поездки. | Добавить интерактивный выбор числа и размера вещей с подтверждением компоновки.","Отдельно не просмотрен","evidence/pages/529e528ebc126aff.json"
"https://zakazminivena.ru/routes/novosibirsk-omsk","200","Межгород","Расширение","Средняя / второй этап","P2","88","Полезная маршрутная посадочная Новосибирск → Омск, 650 км. За пределами выбранной средней дальности либо локальный трансфер. Есть описание и цена, но нет встроенной формы в основном HTML.","минивэн новосибирск омск | такси минивэн Новосибирск Омск | заказать минивэн Новосибирск Омск","2","Измерена базовая фраза","true","3","3","","/routes/novosibirsk-kemerovo","0.562","","Дать встроенный подбор/форму или явный переход с сохранением параметров поездки. | Добавить интерактивный выбор числа и размера вещей с подтверждением компоновки.","Отдельно не просмотрен","evidence/pages/90e5c0e1c6eb7f8c.json"
"https://zakazminivena.ru/routes/volgograd-rostov","200","Межгород","Ядро-кандидат","Высокая потенциальная","P2","88","Полезная маршрутная посадочная Волгоград → Ростов-на-Дону, 490 км. Соответствует приоритету средней дальности. Есть описание и цена, но нет встроенной формы в основном HTML.","минивэн волгоград ростов-на-дону | такси минивэн Волгоград Ростов-на-Дону | заказать минивэн Волгоград Ростов-на-Дону","3","Измерена базовая фраза","true","3","3","","/routes/volgograd-saratov","0.563","","Дать встроенный подбор/форму или явный переход с сохранением параметров поездки. | Добавить интерактивный выбор числа и размера вещей с подтверждением компоновки.","Отдельно не просмотрен","evidence/pages/df5d58d48ca94888.json"
"https://zakazminivena.ru/routes/volgograd-saratov","200","Межгород","Ядро-кандидат","Высокая потенциальная","P2","83","Полезная маршрутная посадочная Волгоград → Саратов, 375 км. Соответствует приоритету средней дальности. Есть описание и цена, но нет встроенной формы в основном HTML.","минивэн волгоград саратов | такси минивэн Волгоград Саратов | заказать минивэн Волгоград Саратов","","Гипотеза — проверить","true","2","2","","/routes/kazan-samara","0.624","","Дать встроенный подбор/форму или явный переход с сохранением параметров поездки. | Добавить интерактивный выбор числа и размера вещей с подтверждением компоновки.","Отдельно не просмотрен","evidence/pages/14ebcf66cbebc728.json"
"https://zakazminivena.ru/routes/volgograd-astrakhan","200","Межгород","Ядро-кандидат","Высокая потенциальная","P2","88","Полезная маршрутная посадочная Волгоград → Астрахань, 430 км. Соответствует приоритету средней дальности. Есть описание и цена, но нет встроенной формы в основном HTML.","минивэн волгоград астрахань | такси минивэн Волгоград Астрахань | заказать минивэн Волгоград Астрахань","8","Измерена базовая фраза","true","2","2","","/routes/volgograd-saratov","0.56","","Дать встроенный подбор/форму или явный переход с сохранением параметров поездки. | Добавить интерактивный выбор числа и размера вещей с подтверждением компоновки.","Отдельно не просмотрен","evidence/pages/f592bb890633f169.json"
"https://zakazminivena.ru/routes/volgograd-elista","200","Межгород","Ядро-кандидат","Высокая потенциальная","P1","88","Полезная маршрутная посадочная Волгоград → Элиста, 295 км. Соответствует приоритету средней дальности. Есть описание и цена, но нет встроенной формы в основном HTML.","минивэн волгоград элиста | такси минивэн Волгоград Элиста | заказать минивэн Волгоград Элиста | сколько будет длиться дорога с волгограда в элисту на минивене","53","Измерена базовая фраза","true","2","2","","/routes/volgograd-astrakhan","0.551","","Дать встроенный подбор/форму или явный переход с сохранением параметров поездки. | Добавить интерактивный выбор числа и размера вещей с подтверждением компоновки.","Отдельно не просмотрен","evidence/pages/9a160d3baec2485b.json"
"https://zakazminivena.ru/cities/moskva","200","Города","Ядро-кандидат","Высокая потенциальная","P1","91","Региональная точка входа Москва. Связать город, реальные варианты подачи и маршрутный выбор.","заказать минивэн москва | такси минивэн Москва | минивэн с водителем Москва","468","Измерена базовая фраза","true","307","10","","/cities/novosibirsk","0.55","","Дать встроенный подбор/форму или явный переход с сохранением параметров поездки. | Добавить интерактивный выбор числа и размера вещей с подтверждением компоновки.","Отдельно не просмотрен","evidence/pages/16caa3d92af1720e.json"
"https://zakazminivena.ru/cities/spb","200","Города","Ядро-кандидат","Высокая потенциальная","P1","91","Региональная точка входа Санкт-Петербург. Связать город, реальные варианты подачи и маршрутный выбор.","такси минивэн | такси минивэн Санкт-Петербург | минивэн с водителем Санкт-Петербург","922","Измерена базовая фраза","true","307","10","","/cities/mineralnye-vody","0.571","","Дать встроенный подбор/форму или явный переход с сохранением параметров поездки. | Добавить интерактивный выбор числа и размера вещей с подтверждением компоновки.","Отдельно не просмотрен","evidence/pages/876f1223976f70bc.json"
"https://zakazminivena.ru/cities/ekaterinburg","200","Города","Ядро-кандидат","Высокая потенциальная","P1","86","Региональная точка входа Екатеринбург. Связать город, реальные варианты подачи и маршрутный выбор.","такси минивэн | такси минивэн Екатеринбург | минивэн с водителем Екатеринбург | минивэн с водителем в екатеринбурге","493","Измерена базовая фраза","true","307","14","","/cities/tyumen","0.728","","Дать встроенный подбор/форму или явный переход с сохранением параметров поездки. | Добавить интерактивный выбор числа и размера вещей с подтверждением компоновки.","Отдельно не просмотрен","evidence/pages/e340fd11b7847158.json"
"https://zakazminivena.ru/cities/kazan","200","Города","Ядро-кандидат","Высокая потенциальная","P1","86","Региональная точка входа Казань. Связать город, реальные варианты подачи и маршрутный выбор.","такси минивэн | такси минивэн Казань | минивэн с водителем Казань | сколько стоит заказать минивэн на 7 человек для поездки из казани в свияжск","262","Измерена базовая фраза","true","307","10","","/cities/yaroslavl","0.699","","Дать встроенный подбор/форму или явный переход с сохранением параметров поездки. | Добавить интерактивный выбор числа и размера вещей с подтверждением компоновки.","Просмотрен начальный мобильный экран этого URL","evidence/pages/af5aa666acc89f84.json"
"https://zakazminivena.ru/cities/krasnodar","200","Города","Ядро-кандидат","Высокая потенциальная","P1","86","Региональная точка входа Краснодар. Связать город, реальные варианты подачи и маршрутный выбор.","заказать минивэн краснодар | такси минивэн Краснодар | минивэн с водителем Краснодар | такси минивэн краснодар","152","Измерена базовая фраза","true","307","14","","/cities/sochi","0.691","","Дать встроенный подбор/форму или явный переход с сохранением параметров поездки. | Добавить интерактивный выбор числа и размера вещей с подтверждением компоновки.","Отдельно не просмотрен","evidence/pages/266679f62c7e5374.json"
"https://zakazminivena.ru/cities/sochi","200","Города","Ядро-кандидат","Высокая потенциальная","P1","86","Региональная точка входа Сочи. Связать город, реальные варианты подачи и маршрутный выбор.","заказать минивэн сочи | такси минивэн Сочи | минивэн с водителем Сочи | адлер роза хутор трансфер minivensochi","45","Измерена базовая фраза","true","307","14","","/cities/simferopol","0.708","","Дать встроенный подбор/форму или явный переход с сохранением параметров поездки. | Добавить интерактивный выбор числа и размера вещей с подтверждением компоновки.","Отдельно не просмотрен","evidence/pages/77f5d2449c9373aa.json"
"https://zakazminivena.ru/cities/samara","200","Города","Ядро-кандидат","Высокая потенциальная","P1","86","Региональная точка входа Самара. Связать город, реальные варианты подачи и маршрутный выбор.","заказать минивэн самара | такси минивэн Самара | минивэн с водителем Самара | аренда минивэна в самаре с водителем","29","Измерена базовая фраза","true","10","10","","/cities/yaroslavl","0.744","","Дать встроенный подбор/форму или явный переход с сохранением параметров поездки. | Добавить интерактивный выбор числа и размера вещей с подтверждением компоновки.","Отдельно не просмотрен","evidence/pages/29d31bc3fe8a66a4.json"
"https://zakazminivena.ru/cities/nizhniy-novgorod","200","Города","Ядро-кандидат","Высокая потенциальная","P1","86","Региональная точка входа Нижний Новгород. Связать город, реальные варианты подачи и маршрутный выбор.","заказать минивэн нижний новгород | такси минивэн Нижний Новгород | минивэн с водителем Нижний Новгород","65","Измерена базовая фраза","true","5","5","","/cities/yaroslavl","0.736","","Дать встроенный подбор/форму или явный переход с сохранением параметров поездки. | Добавить интерактивный выбор числа и размера вещей с подтверждением компоновки.","Отдельно не просмотрен","evidence/pages/e4c15daafe08c725.json"
"https://zakazminivena.ru/cities/novosibirsk","200","Города","Ядро-кандидат","Высокая потенциальная","P1","91","Региональная точка входа Новосибирск. Связать город, реальные варианты подачи и маршрутный выбор.","такси минивэн | такси минивэн Новосибирск | минивэн с водителем Новосибирск","166","Измерена базовая фраза","true","1","1","","/cities/yaroslavl","0.567","","Дать встроенный подбор/форму или явный переход с сохранением параметров поездки. | Добавить интерактивный выбор числа и размера вещей с подтверждением компоновки.","Отдельно не просмотрен","evidence/pages/f501aa01310394fa.json"
"https://zakazminivena.ru/cities/voronezh","200","Города","Ядро-кандидат","Высокая потенциальная","P2","86","Региональная точка входа Воронеж. Связать город, реальные варианты подачи и маршрутный выбор.","заказать минивэн воронеж | такси минивэн Воронеж | минивэн с водителем Воронеж","10","Измерена базовая фраза","true","1","1","","/cities/yaroslavl","0.72","","Дать встроенный подбор/форму или явный переход с сохранением параметров поездки. | Добавить интерактивный выбор числа и размера вещей с подтверждением компоновки.","Отдельно не просмотрен","evidence/pages/3b618f0a051801fb.json"
"https://zakazminivena.ru/cities/rostov","200","Города","Ядро-кандидат","Высокая потенциальная","P1","86","Региональная точка входа Ростов-на-Дону. Связать город, реальные варианты подачи и маршрутный выбор.","заказать минивэн ростов-на-дону | такси минивэн Ростов-на-Дону | минивэн с водителем Ростов-на-Дону","30","Измерена базовая фраза","true","4","4","","/cities/sochi","0.701","","Дать встроенный подбор/форму или явный переход с сохранением параметров поездки. | Добавить интерактивный выбор числа и размера вещей с подтверждением компоновки.","Отдельно не просмотрен","evidence/pages/339e7afd9cdc4c61.json"
"https://zakazminivena.ru/cities/tyumen","200","Города","Ядро-кандидат","Высокая потенциальная","P1","86","Региональная точка входа Тюмень. Связать город, реальные варианты подачи и маршрутный выбор.","заказать минивэн тюмень | такси минивэн Тюмень | минивэн с водителем Тюмень | такси минивэн тюмень заказать","56","Измерена базовая фраза","true","4","4","","/cities/chelyabinsk","0.746","","Дать встроенный подбор/форму или явный переход с сохранением параметров поездки. | Добавить интерактивный выбор числа и размера вещей с подтверждением компоновки.","Отдельно не просмотрен","evidence/pages/e4ebe03e59624e91.json"
"https://zakazminivena.ru/cities/chelyabinsk","200","Города","Ядро-кандидат","Высокая потенциальная","P1","86","Региональная точка входа Челябинск. Связать город, реальные варианты подачи и маршрутный выбор.","заказать минивэн челябинск | такси минивэн Челябинск | минивэн с водителем Челябинск | заказать минивэн с водителем в челябинске","41","Измерена базовая фраза","true","4","4","","/cities/tyumen","0.746","","Дать встроенный подбор/форму или явный переход с сохранением параметров поездки. | Добавить интерактивный выбор числа и размера вещей с подтверждением компоновки.","Отдельно не просмотрен","evidence/pages/10a4d78eca61aebd.json"
"https://zakazminivena.ru/cities/volgograd","200","Города","Ядро-кандидат","Высокая потенциальная","P1","86","Региональная точка входа Волгоград. Связать город, реальные варианты подачи и маршрутный выбор.","заказать минивэн волгоград | такси минивэн Волгоград | минивэн с водителем Волгоград | заказать минивэн индайв волгограде","22","Измерена базовая фраза","true","1","1","","/cities/yaroslavl","0.732","","Дать встроенный подбор/форму или явный переход с сохранением параметров поездки. | Добавить интерактивный выбор числа и размера вещей с подтверждением компоновки.","Отдельно не просмотрен","evidence/pages/5f50a197bc8afe9c.json"
"https://zakazminivena.ru/cities/perm","200","Города","Ядро-кандидат","Высокая потенциальная","P1","86","Региональная точка входа Пермь. Связать город, реальные варианты подачи и маршрутный выбор.","заказать минивэн пермь | такси минивэн Пермь | минивэн с водителем Пермь | заказать машину минивэн с водителем пермь","23","Измерена базовая фраза","true","4","4","","/cities/chelyabinsk","0.716","","Дать встроенный подбор/форму или явный переход с сохранением параметров поездки. | Добавить интерактивный выбор числа и размера вещей с подтверждением компоновки.","Отдельно не просмотрен","evidence/pages/9f4f1549ddb42314.json"
"https://zakazminivena.ru/cities/simferopol","200","Города","Ядро-кандидат","Высокая потенциальная","P1","86","Региональная точка входа Симферополь. Связать город, реальные варианты подачи и маршрутный выбор.","заказать минивэн симферополь | такси минивэн Симферополь | минивэн с водителем Симферополь","21","Измерена базовая фраза","true","4","4","","/cities/sochi","0.708","","Дать встроенный подбор/форму или явный переход с сохранением параметров поездки. | Добавить интерактивный выбор числа и размера вещей с подтверждением компоновки.","Отдельно не просмотрен","evidence/pages/10d6ed5a911dc96f.json"
"https://zakazminivena.ru/cities/yaroslavl","200","Города","Ядро-кандидат","Высокая потенциальная","P1","86","Региональная точка входа Ярославль. Связать город, реальные варианты подачи и маршрутный выбор.","заказать минивэн ярославль | такси минивэн Ярославль | минивэн с водителем Ярославль","29","Измерена базовая фраза","true","1","1","","/cities/samara","0.744","","Дать встроенный подбор/форму или явный переход с сохранением параметров поездки. | Добавить интерактивный выбор числа и размера вещей с подтверждением компоновки.","Отдельно не просмотрен","evidence/pages/3ee17eb4d3be5f97.json"
"https://zakazminivena.ru/cities/mineralnye-vody","200","Города","Ядро-кандидат","Высокая потенциальная","P2","91","Региональная точка входа Минеральные Воды. Связать город, реальные варианты подачи и маршрутный выбор.","заказать минивэн минеральные воды | такси минивэн Минеральные Воды | минивэн с водителем Минеральные Воды | заказать минивэн минеральные воды с водителем","13","Измерена базовая фраза","true","1","1","","/cities/chelyabinsk","0.575","","Дать встроенный подбор/форму или явный переход с сохранением параметров поездки. | Добавить интерактивный выбор числа и размера вещей с подтверждением компоновки.","Отдельно не просмотрен","evidence/pages/cbba3a1a79f38770.json"
"https://zakazminivena.ru/airports/sheremetyevo","200","Старые аэропорты","Пересечение","Условная: разделить намерения","P1","86","Отдельное продвижение Трансфер минивэн — аэропорт Шереметьево сначала проверить на пересечение с /airport/svo.","минивэн шереметьево | минивэн аэропорт Шереметьево | трансфер Шереметьево на минивэне | встреча с аэропорта шереметьево минивэн","258","Измерена базовая фраза","true","2","2","","/airports/vnukovo","0.5","/airport/svo","Сравнить запросы и предложение с /airport/svo; определить основной URL, не склеивать автоматически. | Дать встроенный подбор/форму или явный переход с сохранением параметров поездки. | Добавить интерактивный выбор числа и размера вещей с подтверждением компоновки. | Проверить актуальные рейсы, точки встречи и фактическую доступность подачи перед рекламой.","Просмотрен начальный мобильный экран этого URL","evidence/pages/43b4e3076fa43fd1.json"
"https://zakazminivena.ru/airports/domodedovo","200","Старые аэропорты","Пересечение","Условная: разделить намерения","P1","86","Отдельное продвижение Трансфер минивэн — аэропорт Домодедово сначала проверить на пересечение с /airport/dme.","минивэн домодедово | минивэн аэропорт Домодедово | трансфер Домодедово на минивэне","184","Измерена базовая фраза","true","2","2","","/airports/vnukovo","0.51","/airport/dme","Сравнить запросы и предложение с /airport/dme; определить основной URL, не склеивать автоматически. | Дать встроенный подбор/форму или явный переход с сохранением параметров поездки. | Добавить интерактивный выбор числа и размера вещей с подтверждением компоновки. | Проверить актуальные рейсы, точки встречи и фактическую доступность подачи перед рекламой.","Отдельно не просмотрен","evidence/pages/5f0810ef344265e2.json"
"https://zakazminivena.ru/airports/vnukovo","200","Старые аэропорты","Пересечение","Условная: разделить намерения","P1","86","Отдельное продвижение Трансфер минивэн — аэропорт Внуково сначала проверить на пересечение с /airport/vko.","минивэн внуково | минивэн аэропорт Внуково | трансфер Внуково на минивэне","138","Измерена базовая фраза","true","2","2","","/airports/domodedovo","0.51","/airport/vko","Сравнить запросы и предложение с /airport/vko; определить основной URL, не склеивать автоматически. | Дать встроенный подбор/форму или явный переход с сохранением параметров поездки. | Добавить интерактивный выбор числа и размера вещей с подтверждением компоновки. | Проверить актуальные рейсы, точки встречи и фактическую доступность подачи перед рекламой.","Отдельно не просмотрен","evidence/pages/72cfee2e24123fc4.json"
"https://zakazminivena.ru/airports/pulkovo","200","Старые аэропорты","Пересечение","Условная: разделить намерения","P1","82","Отдельное продвижение Трансфер минивэн — аэропорт Пулково сначала проверить на пересечение с /airport/led.","минивэн пулково | минивэн аэропорт Пулково | трансфер Пулково на минивэне","57","Измерена базовая фраза","true","2","2","","/airports/koltsovo","0.256","/airport/led","Сравнить запросы и предложение с /airport/led; определить основной URL, не склеивать автоматически. | Дать встроенный подбор/форму или явный переход с сохранением параметров поездки. | Добавить интерактивный выбор числа и размера вещей с подтверждением компоновки. | Показать цену за автомобиль либо объяснить состав расчёта и этап подтверждения. | Проверить актуальные рейсы, точки встречи и фактическую доступность подачи перед рекламой.","Отдельно не просмотрен","evidence/pages/8c48dfcb68f869af.json"
"https://zakazminivena.ru/airports/koltsovo","200","Старые аэропорты","Пересечение","Условная: разделить намерения","P3","82","Отдельное продвижение Трансфер минивэн — аэропорт Кольцово сначала проверить на пересечение с /airport/svx.","минивэн екатеринбург (кольцово) | минивэн аэропорт Екатеринбург (Кольцово) | трансфер Екатеринбург (Кольцово) на минивэне | трансфер из кольцово минивэн","12","Измерена базовая фраза","true","2","2","","/airports/pulkovo","0.256","/airport/svx","Сравнить запросы и предложение с /airport/svx; определить основной URL, не склеивать автоматически. | Дать встроенный подбор/форму или явный переход с сохранением параметров поездки. | Добавить интерактивный выбор числа и размера вещей с подтверждением компоновки. | Показать цену за автомобиль либо объяснить состав расчёта и этап подтверждения. | Проверить актуальные рейсы, точки встречи и фактическую доступность подачи перед рекламой.","Отдельно не просмотрен","evidence/pages/dc77f65376bbf267.json"
"https://zakazminivena.ru/airports/kurumoch","200","Старые аэропорты","Расширение","Средняя / второй этап","P1","82","Страница «Трансфер минивэн — аэропорт Курумоч» требует привязки к самостоятельной задаче и доступной услуге.","Трансфер минивэн — аэропорт Курумоч | минивен в аэропорт курумо","","Гипотеза — проверить","true","2","2","","/airports/vnukovo","0.314","","Дать встроенный подбор/форму или явный переход с сохранением параметров поездки. | Добавить интерактивный выбор числа и размера вещей с подтверждением компоновки. | Показать цену за автомобиль либо объяснить состав расчёта и этап подтверждения. | Проверить актуальные рейсы, точки встречи и фактическую доступность подачи перед рекламой.","Отдельно не просмотрен","evidence/pages/a02ecce1eaca69d6.json"
"https://zakazminivena.ru/airports/adler-airport","200","Старые аэропорты","Пересечение","Условная: разделить намерения","P3","82","Отдельное продвижение Трансфер минивэн — аэропорт Адлер сначала проверить на пересечение с /airport/aer.","минивэн аэропорт Сочи (Адлер) | трансфер Сочи (Адлер) на минивэне","","Гипотеза — проверить","true","2","2","","/airports/platov","0.46","/airport/aer","Сравнить запросы и предложение с /airport/aer; определить основной URL, не склеивать автоматически. | Дать встроенный подбор/форму или явный переход с сохранением параметров поездки. | Добавить интерактивный выбор числа и размера вещей с подтверждением компоновки. | Показать цену за автомобиль либо объяснить состав расчёта и этап подтверждения. | Проверить актуальные рейсы, точки встречи и фактическую доступность подачи перед рекламой.","Отдельно не просмотрен","evidence/pages/5a44028c760a37bb.json"
"https://zakazminivena.ru/airports/pashkovskiy","200","Старые аэропорты","Пересечение","Условная: разделить намерения","P3","82","Отдельное продвижение Трансфер минивэн — аэропорт Пашковский сначала проверить на пересечение с /airport/krr.","минивэн аэропорт Краснодар | трансфер Краснодар на минивэне","","Гипотеза — проверить","true","2","2","","/airports/adler-airport","0.448","/airport/krr","Сравнить запросы и предложение с /airport/krr; определить основной URL, не склеивать автоматически. | Дать встроенный подбор/форму или явный переход с сохранением параметров поездки. | Добавить интерактивный выбор числа и размера вещей с подтверждением компоновки. | Показать цену за автомобиль либо объяснить состав расчёта и этап подтверждения. | Проверить актуальные рейсы, точки встречи и фактическую доступность подачи перед рекламой.","Отдельно не просмотрен","evidence/pages/fc110bfc759f37a5.json"
"https://zakazminivena.ru/airports/platov","200","Старые аэропорты","Расширение","Средняя / второй этап","P2","82","Страница «Трансфер минивэн — аэропорт Платов» требует привязки к самостоятельной задаче и доступной услуге.","Трансфер минивэн — аэропорт Платов","","Гипотеза — проверить","true","2","2","","/airports/adler-airport","0.46","","Дать встроенный подбор/форму или явный переход с сохранением параметров поездки. | Добавить интерактивный выбор числа и размера вещей с подтверждением компоновки. | Показать цену за автомобиль либо объяснить состав расчёта и этап подтверждения. | Проверить актуальные рейсы, точки встречи и фактическую доступность подачи перед рекламой.","Отдельно не просмотрен","evidence/pages/277bcf3588f0341e.json"
"https://zakazminivena.ru/airports/tolmachyovo","200","Старые аэропорты","Пересечение","Условная: разделить намерения","P3","82","Отдельное продвижение Трансфер минивэн — аэропорт Толмачёво сначала проверить на пересечение с /airport/ovb.","минивэн новосибирск (толмачёво) | минивэн аэропорт Новосибирск (Толмачёво) | трансфер Новосибирск (Толмачёво) на минивэне | трансфер из толмачево s7","6","Измерена базовая фраза","true","2","2","","/airports/koltsovo","0.241","/airport/ovb","Сравнить запросы и предложение с /airport/ovb; определить основной URL, не склеивать автоматически. | Дать встроенный подбор/форму или явный переход с сохранением параметров поездки. | Добавить интерактивный выбор числа и размера вещей с подтверждением компоновки. | Показать цену за автомобиль либо объяснить состав расчёта и этап подтверждения. | Проверить актуальные рейсы, точки встречи и фактическую доступность подачи перед рекламой.","Отдельно не просмотрен","evidence/pages/52c90debc1a7eba5.json"
"https://zakazminivena.ru/airports/simferopol-airport","200","Старые аэропорты","Пересечение","Условная: разделить намерения","P3","82","Отдельное продвижение Трансфер минивэн — аэропорт Симферополь сначала проверить на пересечение с /airport/sip.","минивэн аэропорт Симферополь | трансфер Симферополь на минивэне","","Гипотеза — проверить","true","2","2","","/airports/pashkovskiy","0.445","/airport/sip","Сравнить запросы и предложение с /airport/sip; определить основной URL, не склеивать автоматически. | Дать встроенный подбор/форму или явный переход с сохранением параметров поездки. | Добавить интерактивный выбор числа и размера вещей с подтверждением компоновки. | Показать цену за автомобиль либо объяснить состав расчёта и этап подтверждения. | Проверить актуальные рейсы, точки встречи и фактическую доступность подачи перед рекламой.","Отдельно не просмотрен","evidence/pages/7da5b4c9bfe3c5e0.json"
"https://zakazminivena.ru/airports/mineralnye-vody-airport","200","Старые аэропорты","Пересечение","Условная: разделить намерения","P3","82","Отдельное продвижение Трансфер минивэн — аэропорт Минеральные Воды сначала проверить на пересечение с /airport/mrv.","минивэн аэропорт Минеральные Воды | трансфер Минеральные Воды на минивэне","","Гипотеза — проверить","true","2","2","","/airports/pulkovo","0.24","/airport/mrv","Сравнить запросы и предложение с /airport/mrv; определить основной URL, не склеивать автоматически. | Дать встроенный подбор/форму или явный переход с сохранением параметров поездки. | Добавить интерактивный выбор числа и размера вещей с подтверждением компоновки. | Показать цену за автомобиль либо объяснить состав расчёта и этап подтверждения. | Проверить актуальные рейсы, точки встречи и фактическую доступность подачи перед рекламой.","Отдельно не просмотрен","evidence/pages/711b72b77a7f851d.json"
"https://zakazminivena.ru/compare/miniven-vs-poezd","200","Сравнения","Поддержка","Косвенная: выбор услуги","P3","100","Страница «Минивэн vs Поезд: подробное сравнение для семей и групп» требует привязки к самостоятельной задаче и доступной услуге.","Минивэн vs Поезд: подробное сравнение для семей и групп","","Гипотеза — проверить","true","1","1","","/compare/miniven-vs-avtobus","0.19","","","Просмотрен начальный мобильный экран этого URL","evidence/pages/5a7a18686b55e3d6.json"
"https://zakazminivena.ru/compare/miniven-vs-avtobus","200","Сравнения","Поддержка","Косвенная: выбор услуги","P3","100","Страница «Минивэн vs Автобус: что лучше для группы или семьи» требует привязки к самостоятельной задаче и доступной услуге.","Минивэн vs Автобус: что лучше для группы или семьи","","Гипотеза — проверить","true","1","1","","/compare/miniven-vs-poezd","0.19","","","Отдельно не просмотрен","evidence/pages/83b05837aea5b687.json"
"https://zakazminivena.ru/compare/miniven-vs-blablacar","200","Сравнения","Поддержка","Косвенная: выбор услуги","P3","100","Страница «Минивэн vs BlaBlaCar: что безопаснее и надёжнее» требует привязки к самостоятельной задаче и доступной услуге.","Минивэн vs BlaBlaCar: что безопаснее и надёжнее","","Гипотеза — проверить","true","1","1","","/compare/miniven-vs-poezd","0.175","","","Отдельно не просмотрен","evidence/pages/dba2aed2f3490ceb.json"
"https://zakazminivena.ru/b2b/corporate-transport","200","Для бизнеса","Расширение","Средняя / второй этап","P2","81","Страница «Корпоративный транспорт на минивэне» требует привязки к самостоятельной задаче и доступной услуге.","Корпоративный транспорт на минивэне","","Гипотеза — проверить","true","3","3","","/b2b/cargo","0.209","","Дать встроенный подбор/форму или явный переход с сохранением параметров поездки. | Добавить интерактивный выбор числа и размера вещей с подтверждением компоновки. | Раскрыть ограничения багажа для доступных машин.","Отдельно не просмотрен","evidence/pages/c9cb4ad1d71a7626.json"
"https://zakazminivena.ru/b2b/airport-vip","200","Для бизнеса","Расширение","Средняя / второй этап","P2","88","Страница «VIP-трансфер в аэропорт для бизнеса» требует привязки к самостоятельной задаче и доступной услуге.","VIP-трансфер в аэропорт для бизнеса","","Гипотеза — проверить","true","2","2","","/b2b/events","0.098","","Дать встроенный подбор/форму или явный переход с сохранением параметров поездки. | Добавить интерактивный выбор числа и размера вещей с подтверждением компоновки.","Отдельно не просмотрен","evidence/pages/64572eb04b94e463.json"
"https://zakazminivena.ru/b2b/events","200","Для бизнеса","Расширение","Средняя / второй этап","P2","81","Страница «Трансфер на корпоративные мероприятия» требует привязки к самостоятельной задаче и доступной услуге.","Трансфер на корпоративные мероприятия | развозка гостей и координатора","","Гипотеза — проверить","true","2","2","","/b2b/cargo","0.197","","Дать встроенный подбор/форму или явный переход с сохранением параметров поездки. | Добавить интерактивный выбор числа и размера вещей с подтверждением компоновки. | Раскрыть ограничения багажа для доступных машин.","Отдельно не просмотрен","evidence/pages/85a6b7b5f81f9aa1.json"
"https://zakazminivena.ru/b2b/shift-workers","200","Для бизнеса","Расширение","Средняя / второй этап","P2","85","Страница «Вахтовые перевозки персонала» требует привязки к самостоятельной задаче и доступной услуге.","Вахтовые перевозки персонала","","Гипотеза — проверить","true","2","2","","/b2b/corporate-transport","0.201","","Дать встроенный подбор/форму или явный переход с сохранением параметров поездки. | Добавить интерактивный выбор числа и размера вещей с подтверждением компоновки.","Отдельно не просмотрен","evidence/pages/a618cfd3f1dbf9c2.json"
"https://zakazminivena.ru/b2b/medical","200","Для бизнеса","Расширение","Средняя / второй этап","P1","88","Предложение медицинского трансфера требует отдельного подтверждения допустимого сценария и оснащения; обычный минивэн не следует представлять как специализированную помощь.","Медицинский трансфер на минивэне","","Гипотеза — проверить","true","2","2","","/b2b/airport-vip","0.065","","Дать встроенный подбор/форму или явный переход с сохранением параметров поездки. | Добавить интерактивный выбор числа и размера вещей с подтверждением компоновки. | Чётко ограничить услугу плановой поездкой подходящих пассажиров и подтверждёнными возможностями; не включать в первую рекламную волну до проверки.","Просмотрен начальный мобильный экран этого URL","evidence/pages/016baf9361d47f6a.json"
"https://zakazminivena.ru/b2b/cargo","200","Для бизнеса","Расширение","Средняя / второй этап","P1","81","Грузовой сценарий уводит от основной задачи — пассажирский минивэн. Это не основной кластер текущего SEO-ядра.","Срочная доставка грузов до 500 кг","","Гипотеза — проверить","true","3","3","","/b2b/corporate-transport","0.209","","Дать встроенный подбор/форму или явный переход с сохранением параметров поездки. | Добавить интерактивный выбор числа и размера вещей с подтверждением компоновки. | Раскрыть ограничения багажа для доступных машин. | Проверить фактическую услугу, приоритет и связь с перевозкой группы; не масштабировать ради общего грузового спроса.","Отдельно не просмотрен","evidence/pages/721510561c6fd3c4.json"
"https://zakazminivena.ru/b2b/cases/technoservice","200","Кейсы","Доверие","Косвенная: доверие","P3","100","Нужна для доверия; оценка содержания не подтверждает подлинность опубликованных отзывов, кейсов и обещаний.","","","Не требуется отдельный SEO-кластер","true","10","10","","/b2b/cases/autopremium","0.338","","Подтвердить кейс реальными данными и разрешением на публикацию; не выдумывать результаты.","Отдельно не просмотрен","evidence/pages/38c83524da87309c.json"
"https://zakazminivena.ru/b2b/cases/stroymaster","200","Кейсы","Доверие","Косвенная: доверие","P3","100","Нужна для доверия; оценка содержания не подтверждает подлинность опубликованных отзывов, кейсов и обещаний.","","","Не требуется отдельный SEO-кластер","true","10","10","","/b2b/cases/farmalogistic","0.342","","Подтвердить кейс реальными данными и разрешением на публикацию; не выдумывать результаты.","Отдельно не просмотрен","evidence/pages/3578c8c8c94c62e8.json"
"https://zakazminivena.ru/b2b/cases/farmalogistic","200","Кейсы","Доверие","Косвенная: доверие","P3","100","Нужна для доверия; оценка содержания не подтверждает подлинность опубликованных отзывов, кейсов и обещаний.","","","Не требуется отдельный SEO-кластер","true","10","10","","/b2b/cases/stroymaster","0.342","","Подтвердить кейс реальными данными и разрешением на публикацию; не выдумывать результаты.","Просмотрен начальный мобильный экран этого URL","evidence/pages/d72da6b2805aa013.json"
"https://zakazminivena.ru/b2b/cases/happy-day","200","Кейсы","Доверие","Косвенная: доверие","P3","100","Нужна для доверия; оценка содержания не подтверждает подлинность опубликованных отзывов, кейсов и обещаний.","","","Не требуется отдельный SEO-кластер","true","6","6","","/b2b/cases/agroyug","0.349","","Подтвердить кейс реальными данными и разрешением на публикацию; не выдумывать результаты.","Отдельно не просмотрен","evidence/pages/852ac94755fe5000.json"
"https://zakazminivena.ru/b2b/cases/globaltrade","200","Кейсы","Доверие","Косвенная: доверие","P3","100","Нужна для доверия; оценка содержания не подтверждает подлинность опубликованных отзывов, кейсов и обещаний.","","","Не требуется отдельный SEO-кластер","true","2","2","","/b2b/cases/autopremium","0.362","","Подтвердить кейс реальными данными и разрешением на публикацию; не выдумывать результаты.","Отдельно не просмотрен","evidence/pages/2179c8441a80f73a.json"
"https://zakazminivena.ru/b2b/cases/autopremium","200","Кейсы","Доверие","Косвенная: доверие","P3","100","Нужна для доверия; оценка содержания не подтверждает подлинность опубликованных отзывов, кейсов и обещаний.","","","Не требуется отдельный SEO-кластер","true","2","2","","/b2b/cases/globaltrade","0.362","","Подтвердить кейс реальными данными и разрешением на публикацию; не выдумывать результаты.","Отдельно не просмотрен","evidence/pages/2caf268464f27ba4.json"
"https://zakazminivena.ru/b2b/cases/agroyug","200","Кейсы","Доверие","Косвенная: доверие","P3","100","Нужна для доверия; оценка содержания не подтверждает подлинность опубликованных отзывов, кейсов и обещаний.","","","Не требуется отдельный SEO-кластер","true","2","2","","/b2b/cases/happy-day","0.349","","Подтвердить кейс реальными данными и разрешением на публикацию; не выдумывать результаты.","Отдельно не просмотрен","evidence/pages/41da11be9850dafa.json"
"https://zakazminivena.ru/b2b/cases/skladlogistic","200","Кейсы","Доверие","Косвенная: доверие","P3","100","Нужна для доверия; оценка содержания не подтверждает подлинность опубликованных отзывов, кейсов и обещаний.","","","Не требуется отдельный SEO-кластер","true","2","2","","/b2b/cases/autopremium","0.352","","Подтвердить кейс реальными данными и разрешением на публикацию; не выдумывать результаты.","Отдельно не просмотрен","evidence/pages/42b9cd33dedcf702.json"
"https://zakazminivena.ru/airport/svo","200","Аэропорты","Ядро-кандидат","Высокая потенциальная","P1","97","Страница «Минивэн в — встретим с табличкой, ждём при задержке рейса Шереметьево ( SVO )» требует привязки к самостоятельной задаче и доступной услуге.","минивэн шереметьево | минивэн аэропорт Шереметьево | трансфер Шереметьево на минивэне | заказать минивэн в аэропорт шереметьево","258","Измерена базовая фраза","true","7","7","","/airport/zia","0.585","","Добавить интерактивный выбор числа и размера вещей с подтверждением компоновки. | Проверить актуальные рейсы, точки встречи и фактическую доступность подачи перед рекламой.","Просмотрен начальный мобильный экран этого URL","evidence/pages/b2addb85bb09d39e.json"
"https://zakazminivena.ru/airport/vko","200","Аэропорты","Ядро-кандидат","Высокая потенциальная","P1","92","Страница «Минивэн в — встретим с табличкой, ждём при задержке рейса Внуково ( VKO )» требует привязки к самостоятельной задаче и доступной услуге.","минивэн внуково | минивэн аэропорт Внуково | трансфер Внуково на минивэне | заказ минивэна в аэропорт внуково","138","Измерена базовая фраза","true","7","7","","/airport/mmk","0.657","","Добавить интерактивный выбор числа и размера вещей с подтверждением компоновки. | Проверить актуальные рейсы, точки встречи и фактическую доступность подачи перед рекламой.","Отдельно не просмотрен","evidence/pages/8fecaf8b2c795d99.json"
"https://zakazminivena.ru/airport/dme","200","Аэропорты","Ядро-кандидат","Высокая потенциальная","P1","92","Страница «Минивэн в — встретим с табличкой, ждём при задержке рейса Домодедово ( DME )» требует привязки к самостоятельной задаче и доступной услуге.","минивэн домодедово | минивэн аэропорт Домодедово | трансфер Домодедово на минивэне | заказать минивэн в аэропорт домодедово","184","Измерена базовая фраза","true","7","7","","/airport/mrv","0.682","","Добавить интерактивный выбор числа и размера вещей с подтверждением компоновки. | Проверить актуальные рейсы, точки встречи и фактическую доступность подачи перед рекламой.","Отдельно не просмотрен","evidence/pages/9f9f5ceaee6e2cf7.json"
"https://zakazminivena.ru/airport/zia","200","Аэропорты","Ядро-кандидат","Высокая потенциальная","P2","92","Страница «Минивэн в — встретим с табличкой, ждём при задержке рейса Жуковский ( ZIA )» требует привязки к самостоятельной задаче и доступной услуге.","минивэн жуковский | минивэн аэропорт Жуковский | трансфер Жуковский на минивэне","17","Измерена базовая фраза","true","5","5","","/airport/krr","0.671","","Добавить интерактивный выбор числа и размера вещей с подтверждением компоновки. | Проверить актуальные рейсы, точки встречи и фактическую доступность подачи перед рекламой.","Отдельно не просмотрен","evidence/pages/b7a1dafa99e25134.json"
"https://zakazminivena.ru/airport/led","200","Аэропорты","Ядро-кандидат","Высокая потенциальная","P1","92","Страница «Минивэн в — встретим с табличкой, ждём при задержке рейса Пулково ( LED )» требует привязки к самостоятельной задаче и доступной услуге.","минивэн пулково | минивэн аэропорт Пулково | трансфер Пулково на минивэне | минивэн пулково заказать онлайн","57","Измерена базовая фраза","true","7","7","","/airport/sip","0.67","","Добавить интерактивный выбор числа и размера вещей с подтверждением компоновки. | Проверить актуальные рейсы, точки встречи и фактическую доступность подачи перед рекламой.","Отдельно не просмотрен","evidence/pages/bbefc4aad445b791.json"
"https://zakazminivena.ru/airport/aer","200","Аэропорты","Ядро-кандидат","Высокая потенциальная","P2","92","Страница «Минивэн в — встретим с табличкой, ждём при задержке рейса Сочи (Адлер) ( AER )» требует привязки к самостоятельной задаче и доступной услуге.","минивэн аэропорт Сочи (Адлер) | трансфер Сочи (Адлер) на минивэне","","Гипотеза — проверить","true","9","9","","/airport/dme","0.651","","Добавить интерактивный выбор числа и размера вещей с подтверждением компоновки. | Проверить актуальные рейсы, точки встречи и фактическую доступность подачи перед рекламой.","Отдельно не просмотрен","evidence/pages/758f8d52c6717d1d.json"
"https://zakazminivena.ru/airport/mrv","200","Аэропорты","Ядро-кандидат","Высокая потенциальная","P2","92","Страница «Минивэн в — встретим с табличкой, ждём при задержке рейса Минеральные Воды ( MRV )» требует привязки к самостоятельной задаче и доступной услуге.","минивэн аэропорт Минеральные Воды | трансфер Минеральные Воды на минивэне","","Гипотеза — проверить","true","5","5","","/airport/aaq","0.717","","Добавить интерактивный выбор числа и размера вещей с подтверждением компоновки. | Проверить актуальные рейсы, точки встречи и фактическую доступность подачи перед рекламой.","Отдельно не просмотрен","evidence/pages/5e334436dce84979.json"
"https://zakazminivena.ru/airport/aaq","200","Аэропорты","Ядро-кандидат","Высокая потенциальная","P2","92","Страница «Минивэн в — встретим с табличкой, ждём при задержке рейса Анапа ( AAQ )» требует привязки к самостоятельной задаче и доступной услуге.","минивэн аэропорт Анапа | трансфер Анапа на минивэне","","Гипотеза — проверить","true","6","6","","/airport/mrv","0.717","","Добавить интерактивный выбор числа и размера вещей с подтверждением компоновки. | Проверить актуальные рейсы, точки встречи и фактическую доступность подачи перед рекламой.","Отдельно не просмотрен","evidence/pages/b6fe31716269dcba.json"
"https://zakazminivena.ru/airport/krr","200","Аэропорты","Ядро-кандидат","Высокая потенциальная","P2","92","Страница «Минивэн в — встретим с табличкой, ждём при задержке рейса Краснодар ( KRR )» требует привязки к самостоятельной задаче и доступной услуге.","минивэн аэропорт Краснодар | трансфер Краснодар на минивэне","","Гипотеза — проверить","true","6","6","","/airport/mrv","0.708","","Добавить интерактивный выбор числа и размера вещей с подтверждением компоновки. | Проверить актуальные рейсы, точки встречи и фактическую доступность подачи перед рекламой.","Отдельно не просмотрен","evidence/pages/541175095517af0f.json"
"https://zakazminivena.ru/airport/sip","200","Аэропорты","Ядро-кандидат","Высокая потенциальная","P2","92","Страница «Минивэн в — встретим с табличкой, ждём при задержке рейса Симферополь ( SIP )» требует привязки к самостоятельной задаче и доступной услуге.","минивэн аэропорт Симферополь | трансфер Симферополь на минивэне","","Гипотеза — проверить","true","7","7","","/airport/led","0.67","","Добавить интерактивный выбор числа и размера вещей с подтверждением компоновки. | Проверить актуальные рейсы, точки встречи и фактическую доступность подачи перед рекламой.","Отдельно не просмотрен","evidence/pages/455bb1dd9ae7153d.json"
"https://zakazminivena.ru/airport/kgd","200","Аэропорты","Ядро-кандидат","Высокая потенциальная","P2","92","Страница «Минивэн в — встретим с табличкой, ждём при задержке рейса Калининград ( KGD )» требует привязки к самостоятельной задаче и доступной услуге.","минивэн аэропорт Калининград | трансфер Калининград на минивэне | минивэн калининград аэропорт храброво","","Гипотеза — проверить","true","5","5","","/airport/mmk","0.654","","Добавить интерактивный выбор числа и размера вещей с подтверждением компоновки. | Проверить актуальные рейсы, точки встречи и фактическую доступность подачи перед рекламой.","Отдельно не просмотрен","evidence/pages/87a5a863a42db803.json"
"https://zakazminivena.ru/airport/kzn","200","Аэропорты","Ядро-кандидат","Высокая потенциальная","P2","92","Страница «Минивэн в — встретим с табличкой, ждём при задержке рейса Казань ( KZN )» требует привязки к самостоятельной задаче и доступной услуге.","минивэн аэропорт Казань | трансфер Казань на минивэне | доставка до аэропорта казань минивэн","","Гипотеза — проверить","true","5","5","","/airport/aaq","0.686","","Добавить интерактивный выбор числа и размера вещей с подтверждением компоновки. | Проверить актуальные рейсы, точки встречи и фактическую доступность подачи перед рекламой.","Отдельно не просмотрен","evidence/pages/5ff0583f3d5c376c.json"
"https://zakazminivena.ru/airport/svx","200","Аэропорты","Ядро-кандидат","Высокая потенциальная","P2","92","Страница «Минивэн в — встретим с табличкой, ждём при задержке рейса Екатеринбург (Кольцово) ( SVX )» требует привязки к самостоятельной задаче и доступной услуге.","минивэн екатеринбург (кольцово) | минивэн аэропорт Екатеринбург (Кольцово) | трансфер Екатеринбург (Кольцово) на минивэне | минивэн в кольцово","12","Измерена базовая фраза","true","5","5","","/airport/mmk","0.702","","Добавить интерактивный выбор числа и размера вещей с подтверждением компоновки. | Проверить актуальные рейсы, точки встречи и фактическую доступность подачи перед рекламой.","Отдельно не просмотрен","evidence/pages/85692045cd45b9e0.json"
"https://zakazminivena.ru/airport/ovb","200","Аэропорты","Ядро-кандидат","Высокая потенциальная","P2","92","Страница «Минивэн в — встретим с табличкой, ждём при задержке рейса Новосибирск (Толмачёво) ( OVB )» требует привязки к самостоятельной задаче и доступной услуге.","минивэн новосибирск (толмачёво) | минивэн аэропорт Новосибирск (Толмачёво) | трансфер Новосибирск (Толмачёво) на минивэне | заказать минивэн до аэропорта в новосибирске","6","Измерена базовая фраза","true","5","5","","/airport/vko","0.652","","Добавить интерактивный выбор числа и размера вещей с подтверждением компоновки. | Проверить актуальные рейсы, точки встречи и фактическую доступность подачи перед рекламой.","Отдельно не просмотрен","evidence/pages/7bb28d0e8f580479.json"
"https://zakazminivena.ru/airport/ikt","200","Аэропорты","Ядро-кандидат","Высокая потенциальная","P2","92","Страница «Минивэн в — встретим с табличкой, ждём при задержке рейса Иркутск ( IKT )» требует привязки к самостоятельной задаче и доступной услуге.","минивэн аэропорт Иркутск | трансфер Иркутск на минивэне","","Гипотеза — проверить","true","5","5","","/airport/krr","0.684","","Добавить интерактивный выбор числа и размера вещей с подтверждением компоновки. | Проверить актуальные рейсы, точки встречи и фактическую доступность подачи перед рекламой.","Отдельно не просмотрен","evidence/pages/cb5e749f15bc9245.json"
"https://zakazminivena.ru/airport/mmk","200","Аэропорты","Ядро-кандидат","Высокая потенциальная","P1","92","Страница «Минивэн в — встретим с табличкой, ждём при задержке рейса Мурманск ( MMK )» требует привязки к самостоятельной задаче и доступной услуге.","минивэн аэропорт Мурманск | трансфер Мурманск на минивэне | заказ минивена в мурманске","","Гипотеза — проверить","true","5","5","","/airport/svx","0.702","","Добавить интерактивный выбор числа и размера вещей с подтверждением компоновки. | Проверить актуальные рейсы, точки встречи и фактическую доступность подачи перед рекламой.","Отдельно не просмотрен","evidence/pages/7a1ec7427e50edcb.json"
"https://zakazminivena.ru/airport/svo/moscow-center","200","Из аэропорта","Расширение","Средняя / второй этап","P2","86","Точный аэропортовый сценарий SVO → центр Москвы, 35 км; ценность зависит от актуальной подачи и самостоятельных подробностей встречи.","минивэн шереметьево центр москвы | минивэн аэропорт Шереметьево центр Москвы | трансфер аэропорт Шереметьево центр Москвы минивэн","","Гипотеза — проверить","true","13","13","","/airport/svo/vdnh","0.89","","Добавить различающие факты маршрута/услуги; похожесть шаблона сама по себе не повод удалять страницу. | Добавить интерактивный выбор числа и размера вещей с подтверждением компоновки. | Проверить актуальные рейсы, точки встречи и фактическую доступность подачи перед рекламой.","Отдельно не просмотрен","evidence/pages/0b41239ded3541fb.json"
"https://zakazminivena.ru/airport/svo/moscow-city","200","Из аэропорта","Расширение","Средняя / второй этап","P0","84","Точный аэропортовый сценарий SVO → Москва-Сити, 38 км; ценность зависит от актуальной подачи и самостоятельных подробностей встречи.","минивэн шереметьево москва-сити | минивэн аэропорт Шереметьево Москва-Сити | трансфер аэропорт Шереметьево Москва-Сити минивэн | шереметьево москва сити расстояние","","Гипотеза — проверить","true","7","7","/airport/dme/moscow-city","/airport/svo/vdnh","0.894","","Исправить точные битые ссылки: /airport/dme/moscow-city. | Добавить различающие факты маршрута/услуги; похожесть шаблона сама по себе не повод удалять страницу. | Добавить интерактивный выбор числа и размера вещей с подтверждением компоновки. | Проверить актуальные рейсы, точки встречи и фактическую доступность подачи перед рекламой.","Отдельно не просмотрен","evidence/pages/2c134b0a87d06cde.json"
"https://zakazminivena.ru/airport/svo/vdnh","200","Из аэропорта","Расширение","Средняя / второй этап","P2","86","Точный аэропортовый сценарий SVO → ВДНХ, 20 км; ценность зависит от актуальной подачи и самостоятельных подробностей встречи.","минивэн шереметьево вднх | минивэн аэропорт Шереметьево ВДНХ | трансфер аэропорт Шереметьево ВДНХ минивэн","","Гипотеза — проверить","true","6","6","","/airport/svo/zelenograd","0.907","","Добавить различающие факты маршрута/услуги; похожесть шаблона сама по себе не повод удалять страницу. | Добавить интерактивный выбор числа и размера вещей с подтверждением компоновки. | Проверить актуальные рейсы, точки встречи и фактическую доступность подачи перед рекламой.","Отдельно не просмотрен","evidence/pages/3702a14ae6e12279.json"
"https://zakazminivena.ru/airport/svo/podolsk","200","Из аэропорта","Расширение","Средняя / второй этап","P2","89","Точный аэропортовый сценарий SVO → Подольск, 70 км; ценность зависит от актуальной подачи и самостоятельных подробностей встречи.","минивэн шереметьево подольск | минивэн аэропорт Шереметьево Подольск | трансфер аэропорт Шереметьево Подольск минивэн","5","Измерена базовая фраза","true","6","6","","/airport/ikt/listvyanka","0.863","","Добавить различающие факты маршрута/услуги; похожесть шаблона сама по себе не повод удалять страницу. | Добавить интерактивный выбор числа и размера вещей с подтверждением компоновки. | Проверить актуальные рейсы, точки встречи и фактическую доступность подачи перед рекламой.","Отдельно не просмотрен","evidence/pages/b3c843f5578f1834.json"
"https://zakazminivena.ru/airport/svo/zelenograd","200","Из аэропорта","Расширение","Средняя / второй этап","P2","86","Точный аэропортовый сценарий SVO → Зеленоград, 22 км; ценность зависит от актуальной подачи и самостоятельных подробностей встречи.","минивэн шереметьево зеленоград | минивэн аэропорт Шереметьево Зеленоград | трансфер аэропорт Шереметьево Зеленоград минивэн | сколько стоит трансфер 4 человек из шереметьево до зеленограда микроавтобус","","Гипотеза — проверить","true","6","6","","/airport/svo/vdnh","0.907","","Добавить различающие факты маршрута/услуги; похожесть шаблона сама по себе не повод удалять страницу. | Добавить интерактивный выбор числа и размера вещей с подтверждением компоновки. | Проверить актуальные рейсы, точки встречи и фактическую доступность подачи перед рекламой.","Отдельно не просмотрен","evidence/pages/a0e151dad94c717d.json"
"https://zakazminivena.ru/airport/svo/tver","200","Из аэропорта","Расширение","Средняя / второй этап","P2","89","Точный аэропортовый сценарий SVO → Тверь, 170 км; ценность зависит от актуальной подачи и самостоятельных подробностей встречи.","минивэн шереметьево тверь | минивэн аэропорт Шереметьево Тверь | трансфер аэропорт Шереметьево Тверь минивэн | встретить из шереметьево в тверь","1","Измерена базовая фраза","true","6","6","","/airport/kzn/bolgar","0.829","","Добавить различающие факты маршрута/услуги; похожесть шаблона сама по себе не повод удалять страницу. | Добавить интерактивный выбор числа и размера вещей с подтверждением компоновки. | Проверить актуальные рейсы, точки встречи и фактическую доступность подачи перед рекламой.","Отдельно не просмотрен","evidence/pages/59520941a0d0a18a.json"
"https://zakazminivena.ru/airport/led/spb-center","200","Из аэропорта","Расширение","Средняя / второй этап","P1","89","Точный аэропортовый сценарий LED → центр СПб, 20 км; ценность зависит от актуальной подачи и самостоятельных подробностей встречи.","минивэн пулково центр спб | минивэн аэропорт Пулково центр СПб | трансфер аэропорт Пулково центр СПб минивэн | минивэн из пулково в центр питера","","Гипотеза — проверить","true","9","9","","/airport/mrv/zheleznovodsk","0.844","","Добавить различающие факты маршрута/услуги; похожесть шаблона сама по себе не повод удалять страницу. | Добавить интерактивный выбор числа и размера вещей с подтверждением компоновки. | Проверить актуальные рейсы, точки встречи и фактическую доступность подачи перед рекламой.","Отдельно не просмотрен","evidence/pages/b20dad52212f93a7.json"
"https://zakazminivena.ru/airport/led/sortavala","200","Из аэропорта","Расширение","Средняя / второй этап","P2","86","Точный аэропортовый сценарий LED → Сортавала, 320 км; ценность зависит от актуальной подачи и самостоятельных подробностей встречи.","минивэн пулково сортавала | минивэн аэропорт Пулково Сортавала | трансфер аэропорт Пулково Сортавала минивэн | минивэн от санкт петербурга до сортавалы сколько стоит","","Гипотеза — проверить","true","11","11","","/airport/led/petrozavodsk","0.892","","Добавить различающие факты маршрута/услуги; похожесть шаблона сама по себе не повод удалять страницу. | Добавить интерактивный выбор числа и размера вещей с подтверждением компоновки. | Проверить актуальные рейсы, точки встречи и фактическую доступность подачи перед рекламой.","Отдельно не просмотрен","evidence/pages/6bffc31fb3f6249f.json"
"https://zakazminivena.ru/airport/led/petrozavodsk","200","Из аэропорта","Расширение","Средняя / второй этап","P2","86","Точный аэропортовый сценарий LED → Петрозаводск, 440 км; ценность зависит от актуальной подачи и самостоятельных подробностей встречи.","минивэн пулково петрозаводск | минивэн аэропорт Пулково Петрозаводск | трансфер аэропорт Пулково Петрозаводск минивэн","","Гипотеза — проверить","true","8","8","","/airport/led/sortavala","0.892","","Добавить различающие факты маршрута/услуги; похожесть шаблона сама по себе не повод удалять страницу. | Добавить интерактивный выбор числа и размера вещей с подтверждением компоновки. | Проверить актуальные рейсы, точки встречи и фактическую доступность подачи перед рекламой.","Отдельно не просмотрен","evidence/pages/4410589ef1333fe0.json"
"https://zakazminivena.ru/airport/led/vyborg","200","Из аэропорта","Расширение","Средняя / второй этап","P2","86","Точный аэропортовый сценарий LED → Выборг, 145 км; ценность зависит от актуальной подачи и самостоятельных подробностей встречи.","минивэн аэропорт Пулково Выборг | трансфер аэропорт Пулково Выборг минивэн | пулково выборг частная машина","","Гипотеза — проверить","true","6","6","","/airport/led/priozersk","0.893","","Добавить различающие факты маршрута/услуги; похожесть шаблона сама по себе не повод удалять страницу. | Добавить интерактивный выбор числа и размера вещей с подтверждением компоновки. | Проверить актуальные рейсы, точки встречи и фактическую доступность подачи перед рекламой.","Отдельно не просмотрен","evidence/pages/4e79ef35a4744342.json"
"https://zakazminivena.ru/airport/led/priozersk","200","Из аэропорта","Расширение","Средняя / второй этап","P2","86","Точный аэропортовый сценарий LED → Приозерск, 165 км; ценность зависит от актуальной подачи и самостоятельных подробностей встречи.","минивэн аэропорт Пулково Приозерск | трансфер аэропорт Пулково Приозерск минивэн","","Гипотеза — проверить","true","6","6","","/airport/led/vyborg","0.893","","Добавить различающие факты маршрута/услуги; похожесть шаблона сама по себе не повод удалять страницу. | Добавить интерактивный выбор числа и размера вещей с подтверждением компоновки. | Проверить актуальные рейсы, точки встречи и фактическую доступность подачи перед рекламой.","Отдельно не просмотрен","evidence/pages/d22fd320077b1f84.json"
"https://zakazminivena.ru/airport/led/finlandia-border","200","Из аэропорта","Расширение","Средняя / второй этап","P2","86","Точный аэропортовый сценарий LED → финская граница (Торфяновка/Брусничное), 200 км; ценность зависит от актуальной подачи и самостоятельных подробностей встречи.","минивэн аэропорт Пулково финская граница (Торфяновка/Брусничное) | трансфер аэропорт Пулково финская граница (Торфяновка/Брусничное) минивэн","","Гипотеза — проверить","true","6","6","","/airport/led/vyborg","0.889","","Добавить различающие факты маршрута/услуги; похожесть шаблона сама по себе не повод удалять страницу. | Добавить интерактивный выбор числа и размера вещей с подтверждением компоновки. | Проверить актуальные рейсы, точки встречи и фактическую доступность подачи перед рекламой.","Отдельно не просмотрен","evidence/pages/e7101b8aa2e119be.json"
"https://zakazminivena.ru/airport/aer/sochi-center","200","Из аэропорта","Расширение","Средняя / второй этап","P2","89","Точный аэропортовый сценарий AER → центр Сочи, 30 км; ценность зависит от актуальной подачи и самостоятельных подробностей встречи.","минивэн аэропорт Сочи (Адлер) центр Сочи | трансфер аэропорт Сочи (Адлер) центр Сочи минивэн","","Гипотеза — проверить","true","7","7","","/airport/aer/rosa-khutor","0.854","","Добавить различающие факты маршрута/услуги; похожесть шаблона сама по себе не повод удалять страницу. | Добавить интерактивный выбор числа и размера вещей с подтверждением компоновки. | Проверить актуальные рейсы, точки встречи и фактическую доступность подачи перед рекламой.","Отдельно не просмотрен","evidence/pages/3bffd3f07fc5c65d.json"
"https://zakazminivena.ru/airport/aer/krasnaya-polyana","200","Из аэропорта","Расширение","Средняя / второй этап","P2","86","Точный аэропортовый сценарий AER → Красная Поляна, 50 км; ценность зависит от актуальной подачи и самостоятельных подробностей встречи.","минивэн аэропорт Сочи (Адлер) Красная Поляна | трансфер аэропорт Сочи (Адлер) Красная Поляна минивэн","","Гипотеза — проверить","true","8","8","","/airport/aer/rosa-khutor","0.925","","Добавить различающие факты маршрута/услуги; похожесть шаблона сама по себе не повод удалять страницу. | Добавить интерактивный выбор числа и размера вещей с подтверждением компоновки. | Проверить актуальные рейсы, точки встречи и фактическую доступность подачи перед рекламой.","Отдельно не просмотрен","evidence/pages/259aefe692cce728.json"
"https://zakazminivena.ru/airport/aer/rosa-khutor","200","Из аэропорта","Расширение","Средняя / второй этап","P2","86","Точный аэропортовый сценарий AER → Роза Хутор, 55 км; ценность зависит от актуальной подачи и самостоятельных подробностей встречи.","минивэн аэропорт Сочи (Адлер) Роза Хутор | трансфер аэропорт Сочи (Адлер) Роза Хутор минивэн | адлер роза хутор трансфер miniven","","Гипотеза — проверить","true","6","6","","/airport/aer/krasnaya-polyana","0.925","","Добавить различающие факты маршрута/услуги; похожесть шаблона сама по себе не повод удалять страницу. | Добавить интерактивный выбор числа и размера вещей с подтверждением компоновки. | Проверить актуальные рейсы, точки встречи и фактическую доступность подачи перед рекламой.","Отдельно не просмотрен","evidence/pages/6d7de90542ba9ed2.json"
"https://zakazminivena.ru/airport/aer/abkhazia","200","Из аэропорта","Расширение","Средняя / второй этап","P2","86","Точный аэропортовый сценарий AER → Абхазия (граница / Гагра), 60 км; ценность зависит от актуальной подачи и самостоятельных подробностей встречи.","минивэн аэропорт Сочи (Адлер) Абхазия (граница / Гагра) | трансфер аэропорт Сочи (Адлер) Абхазия (граница / Гагра) минивэн","","Гипотеза — проверить","true","6","6","","/airport/aer/rosa-khutor","0.918","","Добавить различающие факты маршрута/услуги; похожесть шаблона сама по себе не повод удалять страницу. | Добавить интерактивный выбор числа и размера вещей с подтверждением компоновки. | Проверить актуальные рейсы, точки встречи и фактическую доступность подачи перед рекламой.","Отдельно не просмотрен","evidence/pages/5104222ad7ec96de.json"
"https://zakazminivena.ru/airport/aer/gagra","200","Из аэропорта","Расширение","Средняя / второй этап","P2","86","Точный аэропортовый сценарий AER → Гагра, 80 км; ценность зависит от актуальной подачи и самостоятельных подробностей встречи.","минивэн аэропорт Сочи (Адлер) Гагра | трансфер аэропорт Сочи (Адлер) Гагра минивэн | адлер гагра минивэн","","Гипотеза — проверить","true","6","6","","/airport/aer/abkhazia","0.914","","Добавить различающие факты маршрута/услуги; похожесть шаблона сама по себе не повод удалять страницу. | Добавить интерактивный выбор числа и размера вещей с подтверждением компоновки. | Проверить актуальные рейсы, точки встречи и фактическую доступность подачи перед рекламой.","Отдельно не просмотрен","evidence/pages/d0bdbd867628a29a.json"
"https://zakazminivena.ru/airport/aer/sukhum","200","Из аэропорта","Расширение","Средняя / второй этап","P2","89","Точный аэропортовый сценарий AER → Сухум, 145 км; ценность зависит от актуальной подачи и самостоятельных подробностей встречи.","минивэн аэропорт Сочи (Адлер) Сухум | трансфер аэропорт Сочи (Адлер) Сухум минивэн","","Гипотеза — проверить","true","6","6","","/airport/krr/kropotkin","0.861","","Добавить различающие факты маршрута/услуги; похожесть шаблона сама по себе не повод удалять страницу. | Добавить интерактивный выбор числа и размера вещей с подтверждением компоновки. | Проверить актуальные рейсы, точки встречи и фактическую доступность подачи перед рекламой.","Отдельно не просмотрен","evidence/pages/a738f44efa368142.json"
"https://zakazminivena.ru/airport/dme/moscow-center","200","Из аэропорта","Расширение","Средняя / второй этап","P2","86","Точный аэропортовый сценарий DME → Центр Москвы, 45 км; ценность зависит от актуальной подачи и самостоятельных подробностей встречи.","минивэн аэропорт Домодедово Центр Москвы | трансфер аэропорт Домодедово Центр Москвы минивэн","","Гипотеза — проверить","true","8","8","","/airport/dme/ramenskoe","0.902","","Добавить различающие факты маршрута/услуги; похожесть шаблона сама по себе не повод удалять страницу. | Добавить интерактивный выбор числа и размера вещей с подтверждением компоновки. | Проверить актуальные рейсы, точки встречи и фактическую доступность подачи перед рекламой.","Отдельно не просмотрен","evidence/pages/ff1ef3a6faef589b.json"
"https://zakazminivena.ru/airport/dme/podolsk","200","Из аэропорта","Расширение","Средняя / второй этап","P2","86","Точный аэропортовый сценарий DME → Подольск, 25 км; ценность зависит от актуальной подачи и самостоятельных подробностей встречи.","минивэн аэропорт Домодедово Подольск | трансфер аэропорт Домодедово Подольск минивэн | такси минивэн с аэропорта домодедово в подольск цена","","Гипотеза — проверить","true","6","6","","/airport/dme/ramenskoe","0.913","","Добавить различающие факты маршрута/услуги; похожесть шаблона сама по себе не повод удалять страницу. | Добавить интерактивный выбор числа и размера вещей с подтверждением компоновки. | Проверить актуальные рейсы, точки встречи и фактическую доступность подачи перед рекламой.","Отдельно не просмотрен","evidence/pages/c21de9e7a7296128.json"
"https://zakazminivena.ru/airport/dme/ramenskoe","200","Из аэропорта","Расширение","Средняя / второй этап","P2","86","Точный аэропортовый сценарий DME → Раменское, 35 км; ценность зависит от актуальной подачи и самостоятельных подробностей встречи.","минивэн аэропорт Домодедово Раменское | трансфер аэропорт Домодедово Раменское минивэн","","Гипотеза — проверить","true","6","6","","/airport/dme/zhukovskiy","0.914","","Добавить различающие факты маршрута/услуги; похожесть шаблона сама по себе не повод удалять страницу. | Добавить интерактивный выбор числа и размера вещей с подтверждением компоновки. | Проверить актуальные рейсы, точки встречи и фактическую доступность подачи перед рекламой.","Отдельно не просмотрен","evidence/pages/e4e03785d8b6808a.json"
"https://zakazminivena.ru/airport/dme/zhukovskiy","200","Из аэропорта","Расширение","Средняя / второй этап","P2","86","Точный аэропортовый сценарий DME → Жуковский, 40 км; ценность зависит от актуальной подачи и самостоятельных подробностей встречи.","минивэн аэропорт Домодедово Жуковский | трансфер аэропорт Домодедово Жуковский минивэн","","Гипотеза — проверить","true","6","6","","/airport/dme/ramenskoe","0.914","","Добавить различающие факты маршрута/услуги; похожесть шаблона сама по себе не повод удалять страницу. | Добавить интерактивный выбор числа и размера вещей с подтверждением компоновки. | Проверить актуальные рейсы, точки встречи и фактическую доступность подачи перед рекламой.","Отдельно не просмотрен","evidence/pages/9170d8c20ac8a146.json"
"https://zakazminivena.ru/airport/dme/stupino","200","Из аэропорта","Расширение","Средняя / второй этап","P2","86","Точный аэропортовый сценарий DME → Ступино, 50 км; ценность зависит от актуальной подачи и самостоятельных подробностей встречи.","минивэн аэропорт Домодедово Ступино | трансфер аэропорт Домодедово Ступино минивэн","","Гипотеза — проверить","true","6","6","","/airport/dme/serpukhov","0.906","","Добавить различающие факты маршрута/услуги; похожесть шаблона сама по себе не повод удалять страницу. | Добавить интерактивный выбор числа и размера вещей с подтверждением компоновки. | Проверить актуальные рейсы, точки встречи и фактическую доступность подачи перед рекламой.","Отдельно не просмотрен","evidence/pages/115e9e1a2c20834b.json"
"https://zakazminivena.ru/airport/dme/serpukhov","200","Из аэропорта","Расширение","Средняя / второй этап","P2","86","Точный аэропортовый сценарий DME → Серпухов, 75 км; ценность зависит от актуальной подачи и самостоятельных подробностей встречи.","минивэн аэропорт Домодедово Серпухов | трансфер аэропорт Домодедово Серпухов минивэн","","Гипотеза — проверить","true","6","6","","/airport/dme/stupino","0.906","","Добавить различающие факты маршрута/услуги; похожесть шаблона сама по себе не повод удалять страницу. | Добавить интерактивный выбор числа и размера вещей с подтверждением компоновки. | Проверить актуальные рейсы, точки встречи и фактическую доступность подачи перед рекламой.","Отдельно не просмотрен","evidence/pages/818e76f135c89414.json"
"https://zakazminivena.ru/airport/vko/moscow-center","200","Из аэропорта","Расширение","Средняя / второй этап","P2","86","Точный аэропортовый сценарий VKO → Центр Москвы, 30 км; ценность зависит от актуальной подачи и самостоятельных подробностей встречи.","минивэн аэропорт Внуково Центр Москвы | трансфер аэропорт Внуково Центр Москвы минивэн","","Гипотеза — проверить","true","11","11","","/airport/vko/odintsovo","0.91","","Добавить различающие факты маршрута/услуги; похожесть шаблона сама по себе не повод удалять страницу. | Добавить интерактивный выбор числа и размера вещей с подтверждением компоновки. | Проверить актуальные рейсы, точки встречи и фактическую доступность подачи перед рекламой.","Отдельно не просмотрен","evidence/pages/56e4fe623ed6b4e3.json"
"https://zakazminivena.ru/airport/vko/moscow-city","200","Из аэропорта","Расширение","Средняя / второй этап","P0","84","Точный аэропортовый сценарий VKO → Москва-Сити, 32 км; ценность зависит от актуальной подачи и самостоятельных подробностей встречи.","минивэн аэропорт Внуково Москва-Сити | трансфер аэропорт Внуково Москва-Сити минивэн | внуково москва сити цена","","Гипотеза — проверить","true","7","7","/airport/dme/moscow-city","/airport/vko/moscow-center","0.906","","Исправить точные битые ссылки: /airport/dme/moscow-city. | Добавить различающие факты маршрута/услуги; похожесть шаблона сама по себе не повод удалять страницу. | Добавить интерактивный выбор числа и размера вещей с подтверждением компоновки. | Проверить актуальные рейсы, точки встречи и фактическую доступность подачи перед рекламой.","Отдельно не просмотрен","evidence/pages/bf684cbd70954b9f.json"
"https://zakazminivena.ru/airport/vko/odintsovo","200","Из аэропорта","Расширение","Средняя / второй этап","P2","86","Точный аэропортовый сценарий VKO → Одинцово, 25 км; ценность зависит от актуальной подачи и самостоятельных подробностей встречи.","минивэн аэропорт Внуково Одинцово | трансфер аэропорт Внуково Одинцово минивэн","","Гипотеза — проверить","true","6","6","","/airport/vko/aprelevka","0.912","","Добавить различающие факты маршрута/услуги; похожесть шаблона сама по себе не повод удалять страницу. | Добавить интерактивный выбор числа и размера вещей с подтверждением компоновки. | Проверить актуальные рейсы, точки встречи и фактическую доступность подачи перед рекламой.","Отдельно не просмотрен","evidence/pages/dc3ffd9c67b6029a.json"
"https://zakazminivena.ru/airport/vko/aprelevka","200","Из аэропорта","Расширение","Средняя / второй этап","P2","86","Точный аэропортовый сценарий VKO → Апрелевка, 18 км; ценность зависит от актуальной подачи и самостоятельных подробностей встречи.","минивэн аэропорт Внуково Апрелевка | трансфер аэропорт Внуково Апрелевка минивэн","","Гипотеза — проверить","true","6","6","","/airport/vko/vnukovo-derevnya","0.914","","Добавить различающие факты маршрута/услуги; похожесть шаблона сама по себе не повод удалять страницу. | Добавить интерактивный выбор числа и размера вещей с подтверждением компоновки. | Проверить актуальные рейсы, точки встречи и фактическую доступность подачи перед рекламой.","Отдельно не просмотрен","evidence/pages/6805c5e26ed1b40b.json"
"https://zakazminivena.ru/airport/vko/balashikha","200","Из аэропорта","Расширение","Средняя / второй этап","P2","89","Точный аэропортовый сценарий VKO → Балашиха, 55 км; ценность зависит от актуальной подачи и самостоятельных подробностей встречи.","минивэн аэропорт Внуково Балашиха | трансфер аэропорт Внуково Балашиха минивэн | трансфер из внуково в балашиху","","Гипотеза — проверить","true","6","6","","/airport/kgd/yantarniy","0.863","","Добавить различающие факты маршрута/услуги; похожесть шаблона сама по себе не повод удалять страницу. | Добавить интерактивный выбор числа и размера вещей с подтверждением компоновки. | Проверить актуальные рейсы, точки встречи и фактическую доступность подачи перед рекламой.","Отдельно не просмотрен","evidence/pages/adbfc64a06b68ad1.json"
"https://zakazminivena.ru/airport/vko/vnukovo-derevnya","200","Из аэропорта","Расширение","Средняя / второй этап","P2","86","Точный аэропортовый сценарий VKO → Внуково (деревня), 5 км; ценность зависит от актуальной подачи и самостоятельных подробностей встречи.","минивэн аэропорт Внуково Внуково (деревня) | трансфер аэропорт Внуково Внуково (деревня) минивэн","","Гипотеза — проверить","true","6","6","","/airport/vko/aprelevka","0.914","","Добавить различающие факты маршрута/услуги; похожесть шаблона сама по себе не повод удалять страницу. | Добавить интерактивный выбор числа и размера вещей с подтверждением компоновки. | Проверить актуальные рейсы, точки встречи и фактическую доступность подачи перед рекламой.","Отдельно не просмотрен","evidence/pages/8d36b75fa9ccf7a9.json"
"https://zakazminivena.ru/airport/zia/moscow-center","200","Из аэропорта","Расширение","Средняя / второй этап","P2","89","Точный аэропортовый сценарий ZIA → Центр Москвы, 65 км; ценность зависит от актуальной подачи и самостоятельных подробностей встречи.","минивэн аэропорт Жуковский Центр Москвы | трансфер аэропорт Жуковский Центр Москвы минивэн","","Гипотеза — проверить","true","4","4","","/airport/zia/elektrostal","0.864","","Добавить различающие факты маршрута/услуги; похожесть шаблона сама по себе не повод удалять страницу. | Добавить интерактивный выбор числа и размера вещей с подтверждением компоновки. | Проверить актуальные рейсы, точки встречи и фактическую доступность подачи перед рекламой.","Отдельно не просмотрен","evidence/pages/fc625ca3e65a02d3.json"
"https://zakazminivena.ru/airport/zia/zhukovskiy-city","200","Из аэропорта","Расширение","Средняя / второй этап","P2","86","Точный аэропортовый сценарий ZIA → Жуковский (город), 6 км; ценность зависит от актуальной подачи и самостоятельных подробностей встречи.","минивэн аэропорт Жуковский Жуковский (город) | трансфер аэропорт Жуковский Жуковский (город) минивэн","","Гипотеза — проверить","true","4","4","","/airport/zia/ramenskoe","0.913","","Добавить различающие факты маршрута/услуги; похожесть шаблона сама по себе не повод удалять страницу. | Добавить интерактивный выбор числа и размера вещей с подтверждением компоновки. | Проверить актуальные рейсы, точки встречи и фактическую доступность подачи перед рекламой.","Отдельно не просмотрен","evidence/pages/4ff942271890de2b.json"
"https://zakazminivena.ru/airport/zia/ramenskoe","200","Из аэропорта","Расширение","Средняя / второй этап","P2","86","Точный аэропортовый сценарий ZIA → Раменское, 12 км; ценность зависит от актуальной подачи и самостоятельных подробностей встречи.","минивэн аэропорт Жуковский Раменское | трансфер аэропорт Жуковский Раменское минивэн","","Гипотеза — проверить","true","4","4","","/airport/zia/zhukovskiy-city","0.913","","Добавить различающие факты маршрута/услуги; похожесть шаблона сама по себе не повод удалять страницу. | Добавить интерактивный выбор числа и размера вещей с подтверждением компоновки. | Проверить актуальные рейсы, точки встречи и фактическую доступность подачи перед рекламой.","Отдельно не просмотрен","evidence/pages/c5d11d27dacea394.json"
"https://zakazminivena.ru/airport/zia/elektrostal","200","Из аэропорта","Расширение","Средняя / второй этап","P2","86","Точный аэропортовый сценарий ZIA → Электросталь, 45 км; ценность зависит от актуальной подачи и самостоятельных подробностей встречи.","минивэн аэропорт Жуковский Электросталь | трансфер аэропорт Жуковский Электросталь минивэн","","Гипотеза — проверить","true","4","4","","/airport/zia/ramenskoe","0.913","","Добавить различающие факты маршрута/услуги; похожесть шаблона сама по себе не повод удалять страницу. | Добавить интерактивный выбор числа и размера вещей с подтверждением компоновки. | Проверить актуальные рейсы, точки встречи и фактическую доступность подачи перед рекламой.","Отдельно не просмотрен","evidence/pages/a9da7821809c935e.json"
"https://zakazminivena.ru/airport/kzn/kazan-center","200","Из аэропорта","Расширение","Средняя / второй этап","P2","86","Точный аэропортовый сценарий KZN → Центр Казани, 25 км; ценность зависит от актуальной подачи и самостоятельных подробностей встречи.","минивэн аэропорт Казань Центр Казани | трансфер аэропорт Казань Центр Казани минивэн","","Гипотеза — проверить","true","4","4","","/airport/kzn/innopolis","0.908","","Добавить различающие факты маршрута/услуги; похожесть шаблона сама по себе не повод удалять страницу. | Добавить интерактивный выбор числа и размера вещей с подтверждением компоновки. | Проверить актуальные рейсы, точки встречи и фактическую доступность подачи перед рекламой.","Отдельно не просмотрен","evidence/pages/9d8c6e5ca5488325.json"
"https://zakazminivena.ru/airport/kzn/innopolis","200","Из аэропорта","Расширение","Средняя / второй этап","P2","86","Точный аэропортовый сценарий KZN → Иннополис, 40 км; ценность зависит от актуальной подачи и самостоятельных подробностей встречи.","минивэн аэропорт Казань Иннополис | трансфер аэропорт Казань Иннополис минивэн | трансфер казань иннополис","","Гипотеза — проверить","true","4","4","","/airport/kzn/kazan-center","0.908","","Добавить различающие факты маршрута/услуги; похожесть шаблона сама по себе не повод удалять страницу. | Добавить интерактивный выбор числа и размера вещей с подтверждением компоновки. | Проверить актуальные рейсы, точки встречи и фактическую доступность подачи перед рекламой.","Отдельно не просмотрен","evidence/pages/a88a7c0cfac0d92b.json"
"https://zakazminivena.ru/airport/kzn/zelenodolsk","200","Из аэропорта","Расширение","Средняя / второй этап","P2","86","Точный аэропортовый сценарий KZN → Зеленодольск, 55 км; ценность зависит от актуальной подачи и самостоятельных подробностей встречи.","минивэн аэропорт Казань Зеленодольск | трансфер аэропорт Казань Зеленодольск минивэн","","Гипотеза — проверить","true","4","4","","/airport/kgd/yantarniy","0.88","","Добавить различающие факты маршрута/услуги; похожесть шаблона сама по себе не повод удалять страницу. | Добавить интерактивный выбор числа и размера вещей с подтверждением компоновки. | Проверить актуальные рейсы, точки встречи и фактическую доступность подачи перед рекламой.","Отдельно не просмотрен","evidence/pages/d2a2425d30e1913a.json"
"https://zakazminivena.ru/airport/kzn/bolgar","200","Из аэропорта","Расширение","Средняя / второй этап","P2","89","Точный аэропортовый сценарий KZN → Болгар, 180 км; ценность зависит от актуальной подачи и самостоятельных подробностей встречи.","минивэн аэропорт Казань Болгар | трансфер аэропорт Казань Болгар минивэн | трансфер казань болгар","","Гипотеза — проверить","true","4","4","","/airport/mmk/apatity","0.863","","Добавить различающие факты маршрута/услуги; похожесть шаблона сама по себе не повод удалять страницу. | Добавить интерактивный выбор числа и размера вещей с подтверждением компоновки. | Проверить актуальные рейсы, точки встречи и фактическую доступность подачи перед рекламой.","Отдельно не просмотрен","evidence/pages/f2fabf26d9d6011f.json"
"https://zakazminivena.ru/airport/svx/ekaterinburg-center","200","Из аэропорта","Расширение","Средняя / второй этап","P2","86","Точный аэропортовый сценарий SVX → Центр Екатеринбурга, 17 км; ценность зависит от актуальной подачи и самостоятельных подробностей встречи.","минивэн аэропорт Екатеринбург (Кольцово) Центр Екатеринбурга | трансфер аэропорт Екатеринбург (Кольцово) Центр Екатеринбурга минивэн","","Гипотеза — проверить","true","4","4","","/airport/svx/berezovskiy","0.924","","Добавить различающие факты маршрута/услуги; похожесть шаблона сама по себе не повод удалять страницу. | Добавить интерактивный выбор числа и размера вещей с подтверждением компоновки. | Проверить актуальные рейсы, точки встречи и фактическую доступность подачи перед рекламой.","Отдельно не просмотрен","evidence/pages/fec8d4370eaa65c9.json"
"https://zakazminivena.ru/airport/svx/verkhnyaya-pyshma","200","Из аэропорта","Расширение","Средняя / второй этап","P2","86","Точный аэропортовый сценарий SVX → Верхняя Пышма, 35 км; ценность зависит от актуальной подачи и самостоятельных подробностей встречи.","минивэн аэропорт Екатеринбург (Кольцово) Верхняя Пышма | трансфер аэропорт Екатеринбург (Кольцово) Верхняя Пышма минивэн | заказать минивэн верхняя пышма","","Гипотеза — проверить","true","4","4","","/airport/svx/berezovskiy","0.92","","Добавить различающие факты маршрута/услуги; похожесть шаблона сама по себе не повод удалять страницу. | Добавить интерактивный выбор числа и размера вещей с подтверждением компоновки. | Проверить актуальные рейсы, точки встречи и фактическую доступность подачи перед рекламой.","Отдельно не просмотрен","evidence/pages/e8671c60a1caee0d.json"
"https://zakazminivena.ru/airport/svx/berezovskiy","200","Из аэропорта","Расширение","Средняя / второй этап","P2","86","Точный аэропортовый сценарий SVX → Берёзовский, 30 км; ценность зависит от актуальной подачи и самостоятельных подробностей встречи.","минивэн аэропорт Екатеринбург (Кольцово) Берёзовский | трансфер аэропорт Екатеринбург (Кольцово) Берёзовский минивэн | сколько стоит такси из кольцово в березовский","","Гипотеза — проверить","true","4","4","","/airport/svx/ekaterinburg-center","0.924","","Добавить различающие факты маршрута/услуги; похожесть шаблона сама по себе не повод удалять страницу. | Добавить интерактивный выбор числа и размера вещей с подтверждением компоновки. | Проверить актуальные рейсы, точки встречи и фактическую доступность подачи перед рекламой.","Отдельно не просмотрен","evidence/pages/9884bd39c1bd7f15.json"
"https://zakazminivena.ru/airport/svx/nizhniy-tagil","200","Из аэропорта","Расширение","Средняя / второй этап","P2","89","Точный аэропортовый сценарий SVX → Нижний Тагил, 150 км; ценность зависит от актуальной подачи и самостоятельных подробностей встречи.","минивэн аэропорт Екатеринбург (Кольцово) Нижний Тагил | трансфер аэропорт Екатеринбург (Кольцово) Нижний Тагил минивэн | трансфер кольцово нижний тагил","","Гипотеза — проверить","true","4","4","","/airport/krr/kropotkin","0.851","","Добавить различающие факты маршрута/услуги; похожесть шаблона сама по себе не повод удалять страницу. | Добавить интерактивный выбор числа и размера вещей с подтверждением компоновки. | Проверить актуальные рейсы, точки встречи и фактическую доступность подачи перед рекламой.","Отдельно не просмотрен","evidence/pages/51d289aeccf7ebcf.json"
"https://zakazminivena.ru/airport/ovb/novosibirsk-center","200","Из аэропорта","Расширение","Средняя / второй этап","P2","86","Точный аэропортовый сценарий OVB → Центр Новосибирска, 20 км; ценность зависит от актуальной подачи и самостоятельных подробностей встречи.","минивэн аэропорт Новосибирск (Толмачёво) Центр Новосибирска | трансфер аэропорт Новосибирск (Толмачёво) Центр Новосибирска минивэн","","Гипотеза — проверить","true","4","4","","/airport/ovb/koltsovo","0.923","","Добавить различающие факты маршрута/услуги; похожесть шаблона сама по себе не повод удалять страницу. | Добавить интерактивный выбор числа и размера вещей с подтверждением компоновки. | Проверить актуальные рейсы, точки встречи и фактическую доступность подачи перед рекламой.","Отдельно не просмотрен","evidence/pages/d10b8da9f3528c69.json"
"https://zakazminivena.ru/airport/ovb/akademgorodok","200","Из аэропорта","Расширение","Средняя / второй этап","P2","89","Точный аэропортовый сценарий OVB → Академгородок, 50 км; ценность зависит от актуальной подачи и самостоятельных подробностей встречи.","минивэн аэропорт Новосибирск (Толмачёво) Академгородок | трансфер аэропорт Новосибирск (Толмачёво) Академгородок минивэн | стоимость трансфера с толмачево до академгородка","","Гипотеза — проверить","true","4","4","","/airport/aaq/gelendzhik","0.878","","Добавить различающие факты маршрута/услуги; похожесть шаблона сама по себе не повод удалять страницу. | Добавить интерактивный выбор числа и размера вещей с подтверждением компоновки. | Проверить актуальные рейсы, точки встречи и фактическую доступность подачи перед рекламой.","Отдельно не просмотрен","evidence/pages/11af45e4e37fe979.json"
"https://zakazminivena.ru/airport/ovb/berdsk","200","Из аэропорта","Расширение","Средняя / второй этап","P2","86","Точный аэропортовый сценарий OVB → Бердск, 35 км; ценность зависит от актуальной подачи и самостоятельных подробностей встречи.","минивэн аэропорт Новосибирск (Толмачёво) Бердск | трансфер аэропорт Новосибирск (Толмачёво) Бердск минивэн","","Гипотеза — проверить","true","4","4","","/airport/ovb/koltsovo","0.957","","Добавить различающие факты маршрута/услуги; похожесть шаблона сама по себе не повод удалять страницу. | Добавить интерактивный выбор числа и размера вещей с подтверждением компоновки. | Проверить актуальные рейсы, точки встречи и фактическую доступность подачи перед рекламой.","Отдельно не просмотрен","evidence/pages/ee6edfe45a8893c9.json"
"https://zakazminivena.ru/airport/ovb/koltsovo","200","Из аэропорта","Расширение","Средняя / второй этап","P2","86","Точный аэропортовый сценарий OVB → Кольцово, 35 км; ценность зависит от актуальной подачи и самостоятельных подробностей встречи.","минивэн аэропорт Новосибирск (Толмачёво) Кольцово | трансфер аэропорт Новосибирск (Толмачёво) Кольцово минивэн","","Гипотеза — проверить","true","4","4","","/airport/ovb/berdsk","0.957","","Добавить различающие факты маршрута/услуги; похожесть шаблона сама по себе не повод удалять страницу. | Добавить интерактивный выбор числа и размера вещей с подтверждением компоновки. | Проверить актуальные рейсы, точки встречи и фактическую доступность подачи перед рекламой.","Отдельно не просмотрен","evidence/pages/d8c28237a6e85756.json"
"https://zakazminivena.ru/airport/ikt/irkutsk-center","200","Из аэропорта","Расширение","Средняя / второй этап","P2","86","Точный аэропортовый сценарий IKT → Центр Иркутска, 12 км; ценность зависит от актуальной подачи и самостоятельных подробностей встречи.","минивэн аэропорт Иркутск Центр Иркутска | трансфер аэропорт Иркутск Центр Иркутска минивэн","","Гипотеза — проверить","true","4","4","","/airport/ikt/shelekhov","0.913","","Добавить различающие факты маршрута/услуги; похожесть шаблона сама по себе не повод удалять страницу. | Добавить интерактивный выбор числа и размера вещей с подтверждением компоновки. | Проверить актуальные рейсы, точки встречи и фактическую доступность подачи перед рекламой.","Отдельно не просмотрен","evidence/pages/a73fc0825436fc24.json"
"https://zakazminivena.ru/airport/ikt/listvyanka","200","Из аэропорта","Расширение","Средняя / второй этап","P1","86","Точный аэропортовый сценарий IKT → Листвянка, 70 км; ценность зависит от актуальной подачи и самостоятельных подробностей встречи.","минивэн аэропорт Иркутск Листвянка | трансфер аэропорт Иркутск Листвянка минивэн | минивэн до листвянки заказать иркутск","","Гипотеза — проверить","true","7","7","","/airport/ikt/angarsk","0.907","","Добавить различающие факты маршрута/услуги; похожесть шаблона сама по себе не повод удалять страницу. | Добавить интерактивный выбор числа и размера вещей с подтверждением компоновки. | Проверить актуальные рейсы, точки встречи и фактическую доступность подачи перед рекламой.","Отдельно не просмотрен","evidence/pages/872d0f60769c0f21.json"
"https://zakazminivena.ru/airport/ikt/shelekhov","200","Из аэропорта","Расширение","Средняя / второй этап","P2","86","Точный аэропортовый сценарий IKT → Шелехов, 40 км; ценность зависит от актуальной подачи и самостоятельных подробностей встречи.","минивэн аэропорт Иркутск Шелехов | трансфер аэропорт Иркутск Шелехов минивэн","","Гипотеза — проверить","true","4","4","","/airport/ikt/irkutsk-center","0.913","","Добавить различающие факты маршрута/услуги; похожесть шаблона сама по себе не повод удалять страницу. | Добавить интерактивный выбор числа и размера вещей с подтверждением компоновки. | Проверить актуальные рейсы, точки встречи и фактическую доступность подачи перед рекламой.","Отдельно не просмотрен","evidence/pages/8114fd0e0e7dd72e.json"
"https://zakazminivena.ru/airport/ikt/angarsk","200","Из аэропорта","Расширение","Средняя / второй этап","P2","86","Точный аэропортовый сценарий IKT → Ангарск, 50 км; ценность зависит от актуальной подачи и самостоятельных подробностей встречи.","минивэн аэропорт Иркутск Ангарск | трансфер аэропорт Иркутск Ангарск минивэн | заказать минивэн ангарск для поездок с ожиданием","","Гипотеза — проверить","true","4","4","","/airport/ikt/listvyanka","0.907","","Добавить различающие факты маршрута/услуги; похожесть шаблона сама по себе не повод удалять страницу. | Добавить интерактивный выбор числа и размера вещей с подтверждением компоновки. | Проверить актуальные рейсы, точки встречи и фактическую доступность подачи перед рекламой.","Отдельно не просмотрен","evidence/pages/199f55dc6004d21c.json"
"https://zakazminivena.ru/airport/mmk/murmansk-center","200","Из аэропорта","Расширение","Средняя / второй этап","P2","89","Точный аэропортовый сценарий MMK → Центр Мурманска, 25 км; ценность зависит от актуальной подачи и самостоятельных подробностей встречи.","минивэн аэропорт Мурманск Центр Мурманска | трансфер аэропорт Мурманск Центр Мурманска минивэн","","Гипотеза — проверить","true","4","4","","/airport/kgd/kaliningrad-center","0.861","","Добавить различающие факты маршрута/услуги; похожесть шаблона сама по себе не повод удалять страницу. | Добавить интерактивный выбор числа и размера вещей с подтверждением компоновки. | Проверить актуальные рейсы, точки встречи и фактическую доступность подачи перед рекламой.","Отдельно не просмотрен","evidence/pages/44561ae007a4d110.json"
"https://zakazminivena.ru/airport/mmk/teriberka","200","Из аэропорта","Расширение","Средняя / второй этап","P2","86","Точный аэропортовый сценарий MMK → Териберка, 150 км; ценность зависит от актуальной подачи и самостоятельных подробностей встречи.","минивэн аэропорт Мурманск Териберка | трансфер аэропорт Мурманск Териберка минивэн","","Гипотеза — проверить","true","5","5","","/airport/mmk/apatity","0.904","","Добавить различающие факты маршрута/услуги; похожесть шаблона сама по себе не повод удалять страницу. | Добавить интерактивный выбор числа и размера вещей с подтверждением компоновки. | Проверить актуальные рейсы, точки встречи и фактическую доступность подачи перед рекламой.","Отдельно не просмотрен","evidence/pages/54da90a633ec3d11.json"
"https://zakazminivena.ru/airport/mmk/kirovsk","200","Из аэропорта","Расширение","Средняя / второй этап","P2","86","Точный аэропортовый сценарий MMK → Кировск, 200 км; ценность зависит от актуальной подачи и самостоятельных подробностей встречи.","минивэн аэропорт Мурманск Кировск | трансфер аэропорт Мурманск Кировск минивэн","","Гипотеза — проверить","true","5","5","","/airport/mmk/apatity","0.907","","Добавить различающие факты маршрута/услуги; похожесть шаблона сама по себе не повод удалять страницу. | Добавить интерактивный выбор числа и размера вещей с подтверждением компоновки. | Проверить актуальные рейсы, точки встречи и фактическую доступность подачи перед рекламой.","Отдельно не просмотрен","evidence/pages/3b0a3773e5a55aa7.json"
"https://zakazminivena.ru/airport/mmk/apatity","200","Из аэропорта","Расширение","Средняя / второй этап","P2","86","Точный аэропортовый сценарий MMK → Апатиты, 180 км; ценность зависит от актуальной подачи и самостоятельных подробностей встречи.","минивэн аэропорт Мурманск Апатиты | трансфер аэропорт Мурманск Апатиты минивэн | заказ минивэна в апатитах","","Гипотеза — проверить","true","4","4","","/airport/mmk/kirovsk","0.907","","Добавить различающие факты маршрута/услуги; похожесть шаблона сама по себе не повод удалять страницу. | Добавить интерактивный выбор числа и размера вещей с подтверждением компоновки. | Проверить актуальные рейсы, точки встречи и фактическую доступность подачи перед рекламой.","Отдельно не просмотрен","evidence/pages/b811147678f315e4.json"
"https://zakazminivena.ru/airport/mrv/kislovodsk","200","Из аэропорта","Расширение","Средняя / второй этап","P2","86","Точный аэропортовый сценарий MRV → Кисловодск, 55 км; ценность зависит от актуальной подачи и самостоятельных подробностей встречи.","минивэн аэропорт Минеральные Воды Кисловодск | трансфер аэропорт Минеральные Воды Кисловодск минивэн","","Гипотеза — проверить","true","5","5","","/airport/kgd/yantarniy","0.88","","Добавить различающие факты маршрута/услуги; похожесть шаблона сама по себе не повод удалять страницу. | Добавить интерактивный выбор числа и размера вещей с подтверждением компоновки. | Проверить актуальные рейсы, точки встречи и фактическую доступность подачи перед рекламой.","Отдельно не просмотрен","evidence/pages/cba78f9e20c337c5.json"
"https://zakazminivena.ru/airport/mrv/pyatigorsk","200","Из аэропорта","Расширение","Средняя / второй этап","P2","86","Точный аэропортовый сценарий MRV → Пятигорск, 25 км; ценность зависит от актуальной подачи и самостоятельных подробностей встречи.","минивэн аэропорт Минеральные Воды Пятигорск | трансфер аэропорт Минеральные Воды Пятигорск минивэн","","Гипотеза — проверить","true","5","5","","/airport/mrv/essentuki","0.926","","Добавить различающие факты маршрута/услуги; похожесть шаблона сама по себе не повод удалять страницу. | Добавить интерактивный выбор числа и размера вещей с подтверждением компоновки. | Проверить актуальные рейсы, точки встречи и фактическую доступность подачи перед рекламой.","Отдельно не просмотрен","evidence/pages/2ca8da602ea2feaf.json"
"https://zakazminivena.ru/airport/mrv/essentuki","200","Из аэропорта","Расширение","Средняя / второй этап","P2","86","Точный аэропортовый сценарий MRV → Ессентуки, 15 км; ценность зависит от актуальной подачи и самостоятельных подробностей встречи.","минивэн аэропорт Минеральные Воды Ессентуки | трансфер аэропорт Минеральные Воды Ессентуки минивэн","","Гипотеза — проверить","true","5","5","","/airport/mrv/pyatigorsk","0.926","","Добавить различающие факты маршрута/услуги; похожесть шаблона сама по себе не повод удалять страницу. | Добавить интерактивный выбор числа и размера вещей с подтверждением компоновки. | Проверить актуальные рейсы, точки встречи и фактическую доступность подачи перед рекламой.","Отдельно не просмотрен","evidence/pages/d83c50af7891074b.json"
"https://zakazminivena.ru/airport/mrv/zheleznovodsk","200","Из аэропорта","Расширение","Средняя / второй этап","P2","86","Точный аэропортовый сценарий MRV → Железноводск, 20 км; ценность зависит от актуальной подачи и самостоятельных подробностей встречи.","минивэн аэропорт Минеральные Воды Железноводск | трансфер аэропорт Минеральные Воды Железноводск минивэн","","Гипотеза — проверить","true","4","4","","/airport/mrv/essentuki","0.925","","Добавить различающие факты маршрута/услуги; похожесть шаблона сама по себе не повод удалять страницу. | Добавить интерактивный выбор числа и размера вещей с подтверждением компоновки. | Проверить актуальные рейсы, точки встречи и фактическую доступность подачи перед рекламой.","Отдельно не просмотрен","evidence/pages/1255a6b8d4aa4581.json"
"https://zakazminivena.ru/airport/sip/yalta","200","Из аэропорта","Расширение","Средняя / второй этап","P2","86","Точный аэропортовый сценарий SIP → Ялта, 85 км; ценность зависит от актуальной подачи и самостоятельных подробностей встречи.","минивэн аэропорт Симферополь Ялта | трансфер аэропорт Симферополь Ялта минивэн","","Гипотеза — проверить","true","7","7","","/airport/sip/sevastopol","0.911","","Добавить различающие факты маршрута/услуги; похожесть шаблона сама по себе не повод удалять страницу. | Добавить интерактивный выбор числа и размера вещей с подтверждением компоновки. | Проверить актуальные рейсы, точки встречи и фактическую доступность подачи перед рекламой.","Отдельно не просмотрен","evidence/pages/67e688012ca0ce80.json"
"https://zakazminivena.ru/airport/sip/sevastopol","200","Из аэропорта","Расширение","Средняя / второй этап","P1","86","Точный аэропортовый сценарий SIP → Севастополь, 80 км; ценность зависит от актуальной подачи и самостоятельных подробностей встречи.","минивэн аэропорт Симферополь Севастополь | трансфер аэропорт Симферополь Севастополь минивэн | минивэн симферополь севастополь","","Гипотеза — проверить","true","7","7","","/airport/sip/alushta","0.923","","Добавить различающие факты маршрута/услуги; похожесть шаблона сама по себе не повод удалять страницу. | Добавить интерактивный выбор числа и размера вещей с подтверждением компоновки. | Проверить актуальные рейсы, точки встречи и фактическую доступность подачи перед рекламой.","Отдельно не просмотрен","evidence/pages/4ba6c5547a32cbba.json"
"https://zakazminivena.ru/airport/sip/alushta","200","Из аэропорта","Расширение","Средняя / второй этап","P2","86","Точный аэропортовый сценарий SIP → Алушта, 50 км; ценность зависит от актуальной подачи и самостоятельных подробностей встречи.","минивэн аэропорт Симферополь Алушта | трансфер аэропорт Симферополь Алушта минивэн","","Гипотеза — проверить","true","7","7","","/airport/sip/yevpatoria","0.931","","Добавить различающие факты маршрута/услуги; похожесть шаблона сама по себе не повод удалять страницу. | Добавить интерактивный выбор числа и размера вещей с подтверждением компоновки. | Проверить актуальные рейсы, точки встречи и фактическую доступность подачи перед рекламой.","Отдельно не просмотрен","evidence/pages/93433ab70ea71863.json"
"https://zakazminivena.ru/airport/sip/feodosia","200","Из аэропорта","Расширение","Средняя / второй этап","P2","86","Точный аэропортовый сценарий SIP → Феодосия, 115 км; ценность зависит от актуальной подачи и самостоятельных подробностей встречи.","минивэн аэропорт Симферополь Феодосия | трансфер аэропорт Симферополь Феодосия минивэн","","Гипотеза — проверить","true","6","6","","/airport/sip/sudak","0.909","","Добавить различающие факты маршрута/услуги; похожесть шаблона сама по себе не повод удалять страницу. | Добавить интерактивный выбор числа и размера вещей с подтверждением компоновки. | Проверить актуальные рейсы, точки встречи и фактическую доступность подачи перед рекламой.","Отдельно не просмотрен","evidence/pages/dedcbfe362504c0e.json"
"https://zakazminivena.ru/airport/sip/sudak","200","Из аэропорта","Расширение","Средняя / второй этап","P2","86","Точный аэропортовый сценарий SIP → Судак, 105 км; ценность зависит от актуальной подачи и самостоятельных подробностей встречи.","минивэн аэропорт Симферополь Судак | трансфер аэропорт Симферополь Судак минивэн","","Гипотеза — проверить","true","7","7","","/airport/sip/feodosia","0.909","","Добавить различающие факты маршрута/услуги; похожесть шаблона сама по себе не повод удалять страницу. | Добавить интерактивный выбор числа и размера вещей с подтверждением компоновки. | Проверить актуальные рейсы, точки встречи и фактическую доступность подачи перед рекламой.","Отдельно не просмотрен","evidence/pages/7d1663b50cebc513.json"
"https://zakazminivena.ru/airport/sip/yevpatoria","200","Из аэропорта","Расширение","Средняя / второй этап","P2","86","Точный аэропортовый сценарий SIP → Евпатория, 65 км; ценность зависит от актуальной подачи и самостоятельных подробностей встречи.","минивэн аэропорт Симферополь Евпатория | трансфер аэропорт Симферополь Евпатория минивэн","","Гипотеза — проверить","true","6","6","","/airport/sip/alushta","0.931","","Добавить различающие факты маршрута/услуги; похожесть шаблона сама по себе не повод удалять страницу. | Добавить интерактивный выбор числа и размера вещей с подтверждением компоновки. | Проверить актуальные рейсы, точки встречи и фактическую доступность подачи перед рекламой.","Отдельно не просмотрен","evidence/pages/83299f1078ebc8fd.json"
"https://zakazminivena.ru/airport/kgd/kaliningrad-center","200","Из аэропорта","Расширение","Средняя / второй этап","P2","86","Точный аэропортовый сценарий KGD → Центр Калининграда, 25 км; ценность зависит от актуальной подачи и самостоятельных подробностей встречи.","минивэн аэропорт Калининград Центр Калининграда | трансфер аэропорт Калининград Центр Калининграда минивэн","","Гипотеза — проверить","true","4","4","","/airport/kgd/zelenogradsk","0.923","","Добавить различающие факты маршрута/услуги; похожесть шаблона сама по себе не повод удалять страницу. | Добавить интерактивный выбор числа и размера вещей с подтверждением компоновки. | Проверить актуальные рейсы, точки встречи и фактическую доступность подачи перед рекламой.","Отдельно не просмотрен","evidence/pages/45f36f5d76af2888.json"
"https://zakazminivena.ru/airport/kgd/svetlogorsk","200","Из аэропорта","Расширение","Средняя / второй этап","P2","86","Точный аэропортовый сценарий KGD → Светлогорск, 40 км; ценность зависит от актуальной подачи и самостоятельных подробностей встречи.","минивэн аэропорт Калининград Светлогорск | трансфер аэропорт Калининград Светлогорск минивэн | kgd светлогорск","","Гипотеза — проверить","true","5","5","","/airport/kgd/zelenogradsk","0.92","","Добавить различающие факты маршрута/услуги; похожесть шаблона сама по себе не повод удалять страницу. | Добавить интерактивный выбор числа и размера вещей с подтверждением компоновки. | Проверить актуальные рейсы, точки встречи и фактическую доступность подачи перед рекламой.","Отдельно не просмотрен","evidence/pages/279237e5384b26e4.json"
"https://zakazminivena.ru/airport/kgd/zelenogradsk","200","Из аэропорта","Расширение","Средняя / второй этап","P1","86","Точный аэропортовый сценарий KGD → Зеленоградск, 30 км; ценность зависит от актуальной подачи и самостоятельных подробностей встречи.","минивэн аэропорт Калининград Зеленоградск | трансфер аэропорт Калининград Зеленоградск минивэн | такси минивэн зеленоградск","","Гипотеза — проверить","true","5","5","","/airport/kgd/kaliningrad-center","0.923","","Добавить различающие факты маршрута/услуги; похожесть шаблона сама по себе не повод удалять страницу. | Добавить интерактивный выбор числа и размера вещей с подтверждением компоновки. | Проверить актуальные рейсы, точки встречи и фактическую доступность подачи перед рекламой.","Просмотрен начальный мобильный экран этого URL","evidence/pages/ae683b60ebe73737.json"
"https://zakazminivena.ru/airport/kgd/yantarniy","200","Из аэропорта","Расширение","Средняя / второй этап","P2","86","Точный аэропортовый сценарий KGD → Янтарный, 55 км; ценность зависит от актуальной подачи и самостоятельных подробностей встречи.","минивэн аэропорт Калининград Янтарный | трансфер аэропорт Калининград Янтарный минивэн","","Гипотеза — проверить","true","4","4","","/airport/kzn/zelenodolsk","0.88","","Добавить различающие факты маршрута/услуги; похожесть шаблона сама по себе не повод удалять страницу. | Добавить интерактивный выбор числа и размера вещей с подтверждением компоновки. | Проверить актуальные рейсы, точки встречи и фактическую доступность подачи перед рекламой.","Отдельно не просмотрен","evidence/pages/3ee4f18032ce8bb5.json"
"https://zakazminivena.ru/airport/aaq/anapa-center","200","Из аэропорта","Расширение","Средняя / второй этап","P2","86","Точный аэропортовый сценарий AAQ → Центр Анапы, 15 км; ценность зависит от актуальной подачи и самостоятельных подробностей встречи.","минивэн аэропорт Анапа Центр Анапы | трансфер аэропорт Анапа Центр Анапы минивэн","","Гипотеза — проверить","true","3","3","","/airport/aaq/vityazevo","0.915","","Добавить различающие факты маршрута/услуги; похожесть шаблона сама по себе не повод удалять страницу. | Добавить интерактивный выбор числа и размера вещей с подтверждением компоновки. | Проверить актуальные рейсы, точки встречи и фактическую доступность подачи перед рекламой.","Отдельно не просмотрен","evidence/pages/d036bfd0cb2b7630.json"
"https://zakazminivena.ru/airport/aaq/gelendzhik","200","Из аэропорта","Расширение","Средняя / второй этап","P2","86","Точный аэропортовый сценарий AAQ → Геленджик, 50 км; ценность зависит от актуальной подачи и самостоятельных подробностей встречи.","минивэн аэропорт Анапа Геленджик | трансфер аэропорт Анапа Геленджик минивэн | заказ минивэна с водителем из анапы до геленджика","","Гипотеза — проверить","true","3","3","","/airport/ikt/angarsk","0.882","","Добавить различающие факты маршрута/услуги; похожесть шаблона сама по себе не повод удалять страницу. | Добавить интерактивный выбор числа и размера вещей с подтверждением компоновки. | Проверить актуальные рейсы, точки встречи и фактическую доступность подачи перед рекламой.","Отдельно не просмотрен","evidence/pages/8225634f243e8c39.json"
"https://zakazminivena.ru/airport/aaq/vityazevo","200","Из аэропорта","Расширение","Средняя / второй этап","P2","86","Точный аэропортовый сценарий AAQ → Витязево, 10 км; ценность зависит от актуальной подачи и самостоятельных подробностей встречи.","минивэн аэропорт Анапа Витязево | трансфер аэропорт Анапа Витязево минивэн | минивэн витязево","","Гипотеза — проверить","true","3","3","","/airport/aaq/anapa-center","0.915","","Добавить различающие факты маршрута/услуги; похожесть шаблона сама по себе не повод удалять страницу. | Добавить интерактивный выбор числа и размера вещей с подтверждением компоновки. | Проверить актуальные рейсы, точки встречи и фактическую доступность подачи перед рекламой.","Отдельно не просмотрен","evidence/pages/9685cfd78ff236e4.json"
"https://zakazminivena.ru/airport/krr/krasnodar-center","200","Из аэропорта","Расширение","Средняя / второй этап","P2","89","Точный аэропортовый сценарий KRR → Центр Краснодара, 15 км; ценность зависит от актуальной подачи и самостоятельных подробностей встречи.","минивэн аэропорт Краснодар Центр Краснодара | трансфер аэропорт Краснодар Центр Краснодара минивэн","","Гипотеза — проверить","true","3","3","","/airport/aaq/anapa-center","0.871","","Добавить различающие факты маршрута/услуги; похожесть шаблона сама по себе не повод удалять страницу. | Добавить интерактивный выбор числа и размера вещей с подтверждением компоновки. | Проверить актуальные рейсы, точки встречи и фактическую доступность подачи перед рекламой.","Отдельно не просмотрен","evidence/pages/9cfb1e75c1cffa8f.json"
"https://zakazminivena.ru/airport/krr/goryachiy-klyuch","200","Из аэропорта","Расширение","Средняя / второй этап","P2","89","Точный аэропортовый сценарий KRR → Горячий Ключ, 60 км; ценность зависит от актуальной подачи и самостоятельных подробностей встречи.","минивэн аэропорт Краснодар Горячий Ключ | трансфер аэропорт Краснодар Горячий Ключ минивэн | краснодар горячий ключ минивэн","","Гипотеза — проверить","true","3","3","","/airport/aaq/gelendzhik","0.873","","Добавить различающие факты маршрута/услуги; похожесть шаблона сама по себе не повод удалять страницу. | Добавить интерактивный выбор числа и размера вещей с подтверждением компоновки. | Проверить актуальные рейсы, точки встречи и фактическую доступность подачи перед рекламой.","Отдельно не просмотрен","evidence/pages/de4d42805cdd6d53.json"
"https://zakazminivena.ru/airport/krr/kropotkin","200","Из аэропорта","Расширение","Средняя / второй этап","P2","89","Точный аэропортовый сценарий KRR → Кропоткин, 145 км; ценность зависит от актуальной подачи и самостоятельных подробностей встречи.","минивэн аэропорт Краснодар Кропоткин | трансфер аэропорт Краснодар Кропоткин минивэн","","Гипотеза — проверить","true","3","3","","/airport/aer/sukhum","0.861","","Добавить различающие факты маршрута/услуги; похожесть шаблона сама по себе не повод удалять страницу. | Добавить интерактивный выбор числа и размера вещей с подтверждением компоновки. | Проверить актуальные рейсы, точки встречи и фактическую доступность подачи перед рекламой.","Отдельно не просмотрен","evidence/pages/7585231ab6402510.json"
"https://zakazminivena.ru/destination/karelia","200","Туристические регионы","Расширение","Средняя / второй этап","P2","92","Страница «Минивэн в Карелия из СПб от 9 000 ₽» требует привязки к самостоятельной задаче и доступной услуге.","минивэн карелия | тур из санкт-петербурга в карелию минивэн","","Гипотеза — проверить","true","7","7","","/destination/kaliningrad","0.708","","Добавить интерактивный выбор числа и размера вещей с подтверждением компоновки.","Отдельно не просмотрен","evidence/pages/99e002b221aa5ced.json"
"https://zakazminivena.ru/destination/kmv","200","Туристические регионы","Расширение","Средняя / второй этап","P2","92","Страница «Минивэн в Кавказские Минеральные Воды из Минеральные Воды от 4 000 ₽» требует привязки к самостоятельной задаче и доступной услуге.","минивэн кавказские минеральные воды","","Гипотеза — проверить","true","8","8","","/destination/kaliningrad","0.725","","Добавить интерактивный выбор числа и размера вещей с подтверждением компоновки.","Отдельно не просмотрен","evidence/pages/928c9d9cc90acf9c.json"
"https://zakazminivena.ru/destination/altai","200","Туристические регионы","Расширение","Средняя / второй этап","P2","92","Страница «Минивэн в Алтай из Барнаул от 19 500 ₽» требует привязки к самостоятельной задаче и доступной услуге.","минивэн алтай","","Гипотеза — проверить","true","6","6","","/destination/kaliningrad","0.719","","Добавить интерактивный выбор числа и размера вещей с подтверждением компоновки.","Отдельно не просмотрен","evidence/pages/a78b439d9f463f53.json"
"https://zakazminivena.ru/destination/baikal","200","Туристические регионы","Расширение","Средняя / второй этап","P2","92","Страница «Минивэн в Байкал из Иркутск от 4 500 ₽» требует привязки к самостоятельной задаче и доступной услуге.","минивэн байкал","","Гипотеза — проверить","true","5","5","","/destination/kaliningrad","0.728","","Добавить интерактивный выбор числа и размера вещей с подтверждением компоновки.","Просмотрен начальный мобильный экран этого URL","evidence/pages/2273f9ca9b4ec9bd.json"
"https://zakazminivena.ru/destination/crimea","200","Туристические регионы","Расширение","Средняя / второй этап","P2","92","Страница «Минивэн в Крым из Симферополь от 4 000 ₽» требует привязки к самостоятельной задаче и доступной услуге.","минивэн крым","","Гипотеза — проверить","true","7","7","","/destination/kaliningrad","0.755","","Добавить интерактивный выбор числа и размера вещей с подтверждением компоновки.","Отдельно не просмотрен","evidence/pages/afd7d3dea3c23cf6.json"
"https://zakazminivena.ru/destination/krasnodar-coast","200","Туристические регионы","Расширение","Средняя / второй этап","P2","92","Страница «Минивэн в Краснодарское побережье из Краснодар от 8 000 ₽» требует привязки к самостоятельной задаче и доступной услуге.","минивэн краснодарское побережье","","Гипотеза — проверить","true","5","5","","/destination/kaliningrad","0.742","","Добавить интерактивный выбор числа и размера вещей с подтверждением компоновки.","Отдельно не просмотрен","evidence/pages/aa6a899d4f4a95ba.json"
"https://zakazminivena.ru/destination/kaliningrad","200","Туристические регионы","Расширение","Средняя / второй этап","P2","92","Страница «Минивэн в Калининградская область из Калининград от 4 000 ₽» требует привязки к самостоятельной задаче и доступной услуге.","минивэн калининградская область","","Гипотеза — проверить","true","5","5","","/destination/crimea","0.755","","Добавить интерактивный выбор числа и размера вещей с подтверждением компоновки.","Отдельно не просмотрен","evidence/pages/14aa667897ffd758.json"
"https://zakazminivena.ru/destination/north","200","Туристические регионы","Расширение","Средняя / второй этап","P2","92","Страница «Минивэн в Север (Мурманская область) из Мурманск от 7 500 ₽» требует привязки к самостоятельной задаче и доступной услуге.","минивэн север (мурманская область)","","Гипотеза — проверить","true","5","5","","/destination/kaliningrad","0.734","","Добавить интерактивный выбор числа и размера вещей с подтверждением компоновки.","Отдельно не просмотрен","evidence/pages/f9b68674c7be387b.json"
"https://zakazminivena.ru/destination/karelia/spb-sortavala","200","Туристические маршруты","Расширение","Средняя / второй этап","P2","89","Туристическая поездка СПб → Сортавала, 300 км; отличать трансфер из города от аэропорта и самостоятельный маршрут от тура.","минивэн СПб Сортавала | трансфер СПб Сортавала минивэн","","Гипотеза — проверить","true","6","6","","/destination/karelia/spb-petrozavodsk","0.782","","Добавить различающие факты маршрута/услуги; похожесть шаблона сама по себе не повод удалять страницу. | Добавить интерактивный выбор числа и размера вещей с подтверждением компоновки.","Отдельно не просмотрен","evidence/pages/2b98ec938f4dc31a.json"
"https://zakazminivena.ru/destination/karelia/spb-ruskeala","200","Туристические маршруты","Расширение","Средняя / второй этап","P2","89","Туристическая поездка СПб → Рускеала, 380 км; отличать трансфер из города от аэропорта и самостоятельный маршрут от тура.","минивэн СПб Рускеала | трансфер СПб Рускеала минивэн","","Гипотеза — проверить","true","6","6","","/destination/karelia/spb-valaam","0.796","","Добавить различающие факты маршрута/услуги; похожесть шаблона сама по себе не повод удалять страницу. | Добавить интерактивный выбор числа и размера вещей с подтверждением компоновки.","Отдельно не просмотрен","evidence/pages/be0aa205c8a29ca7.json"
"https://zakazminivena.ru/destination/karelia/spb-petrozavodsk","200","Туристические маршруты","Пересечение","Условная: разделить намерения","P3","89","Отдельное продвижение СПб → Петрозаводск, 430 км сначала проверить на пересечение с /routes/spb-petrozavodsk.","минивэн СПб Петрозаводск | трансфер СПб Петрозаводск минивэн","","Гипотеза — проверить","true","6","6","","/destination/karelia/spb-kizhi","0.818","/routes/spb-petrozavodsk","Сравнить запросы и предложение с /routes/spb-petrozavodsk; определить основной URL, не склеивать автоматически. | Добавить различающие факты маршрута/услуги; похожесть шаблона сама по себе не повод удалять страницу. | Добавить интерактивный выбор числа и размера вещей с подтверждением компоновки.","Отдельно не просмотрен","evidence/pages/f94e26d00208c6f5.json"
"https://zakazminivena.ru/destination/karelia/spb-kizhi","200","Туристические маршруты","Расширение","Средняя / второй этап","P2","89","Туристическая поездка СПб → Кижи (через Петрозаводск), 450 км; отличать трансфер из города от аэропорта и самостоятельный маршрут от тура.","минивэн СПб Кижи (через Петрозаводск) | трансфер СПб Кижи (через Петрозаводск) минивэн","","Гипотеза — проверить","true","6","6","","/destination/karelia/spb-priozersk","0.818","","Добавить различающие факты маршрута/услуги; похожесть шаблона сама по себе не повод удалять страницу. | Добавить интерактивный выбор числа и размера вещей с подтверждением компоновки.","Отдельно не просмотрен","evidence/pages/cfe0412b7c939f81.json"
"https://zakazminivena.ru/destination/karelia/spb-valaam","200","Туристические маршруты","Расширение","Средняя / второй этап","P2","89","Туристическая поездка СПб → Валаам (через Сортавалу), 320 км; отличать трансфер из города от аэропорта и самостоятельный маршрут от тура.","минивэн СПб Валаам (через Сортавалу) | трансфер СПб Валаам (через Сортавалу) минивэн","","Гипотеза — проверить","true","6","6","","/destination/karelia/spb-priozersk","0.817","","Добавить различающие факты маршрута/услуги; похожесть шаблона сама по себе не повод удалять страницу. | Добавить интерактивный выбор числа и размера вещей с подтверждением компоновки.","Отдельно не просмотрен","evidence/pages/e7fb08af91840372.json"
"https://zakazminivena.ru/destination/karelia/spb-priozersk","200","Туристические маршруты","Расширение","Средняя / второй этап","P2","89","Туристическая поездка СПб → Приозерск, 145 км; отличать трансфер из города от аэропорта и самостоятельный маршрут от тура.","минивэн СПб Приозерск | трансфер СПб Приозерск минивэн","","Гипотеза — проверить","true","6","6","","/destination/karelia/spb-kizhi","0.818","","Добавить различающие факты маршрута/услуги; похожесть шаблона сама по себе не повод удалять страницу. | Добавить интерактивный выбор числа и размера вещей с подтверждением компоновки.","Отдельно не просмотрен","evidence/pages/490782c470d9b986.json"
"https://zakazminivena.ru/destination/kmv/mineralnye-vody-kislovodsk","200","Туристические маршруты","Пересечение","Условная: разделить намерения","P3","89","Отдельное продвижение Минеральные Воды → Кисловодск, 60 км сначала проверить на пересечение с /routes/mineralnye-vody-kislovodsk.","минивэн минеральные воды кисловодск | минивэн Минеральные Воды Кисловодск | трансфер Минеральные Воды Кисловодск минивэн","4","Измерена базовая фраза","true","7","7","","/destination/kmv/mineralnye-vody-essentuki","0.86","/routes/mineralnye-vody-kislovodsk","Сравнить запросы и предложение с /routes/mineralnye-vody-kislovodsk; определить основной URL, не склеивать автоматически. | Добавить различающие факты маршрута/услуги; похожесть шаблона сама по себе не повод удалять страницу. | Добавить интерактивный выбор числа и размера вещей с подтверждением компоновки.","Отдельно не просмотрен","evidence/pages/96a345e9ac87df29.json"
"https://zakazminivena.ru/destination/kmv/mineralnye-vody-pyatigorsk","200","Туристические маршруты","Пересечение","Условная: разделить намерения","P3","89","Отдельное продвижение Минеральные Воды → Пятигорск, 25 км сначала проверить на пересечение с /routes/mineralnye-vody-pyatigorsk.","минивэн минеральные воды пятигорск | минивэн Минеральные Воды Пятигорск | трансфер Минеральные Воды Пятигорск минивэн","1","Измерена базовая фраза","true","7","7","","/destination/kmv/mineralnye-vody-essentuki","0.864","/routes/mineralnye-vody-pyatigorsk","Сравнить запросы и предложение с /routes/mineralnye-vody-pyatigorsk; определить основной URL, не склеивать автоматически. | Добавить различающие факты маршрута/услуги; похожесть шаблона сама по себе не повод удалять страницу. | Добавить интерактивный выбор числа и размера вещей с подтверждением компоновки.","Отдельно не просмотрен","evidence/pages/3e5e0b14916c1ba5.json"
"https://zakazminivena.ru/destination/kmv/mineralnye-vody-essentuki","200","Туристические маршруты","Расширение","Средняя / второй этап","P2","89","Туристическая поездка Минеральные Воды → Ессентуки, 45 км; отличать трансфер из города от аэропорта и самостоятельный маршрут от тура.","минивэн Минеральные Воды Ессентуки | трансфер Минеральные Воды Ессентуки минивэн","","Гипотеза — проверить","true","7","7","","/destination/kmv/mineralnye-vody-pyatigorsk","0.864","","Добавить различающие факты маршрута/услуги; похожесть шаблона сама по себе не повод удалять страницу. | Добавить интерактивный выбор числа и размера вещей с подтверждением компоновки.","Отдельно не просмотрен","evidence/pages/98ec413a2cab565b.json"
"https://zakazminivena.ru/destination/kmv/mineralnye-vody-zheleznovodsk","200","Туристические маршруты","Расширение","Средняя / второй этап","P2","89","Туристическая поездка Минеральные Воды → Железноводск, 30 км; отличать трансфер из города от аэропорта и самостоятельный маршрут от тура.","минивэн Минеральные Воды Железноводск | трансфер Минеральные Воды Железноводск минивэн","","Гипотеза — проверить","true","7","7","","/destination/kmv/mineralnye-vody-essentuki","0.858","","Добавить различающие факты маршрута/услуги; похожесть шаблона сама по себе не повод удалять страницу. | Добавить интерактивный выбор числа и размера вещей с подтверждением компоновки.","Отдельно не просмотрен","evidence/pages/442a9546ec1cca51.json"
"https://zakazminivena.ru/destination/kmv/mineralnye-vody-dombay","200","Туристические маршруты","Пересечение","Условная: разделить намерения","P0","87","Отдельное продвижение Минеральные Воды → Домбай, 220 км сначала проверить на пересечение с /routes/mineralnye-vody-dombay.","минивэн минеральные воды домбай | минивэн Минеральные Воды Домбай | трансфер Минеральные Воды Домбай минивэн","","Гипотеза — проверить","true","7","7","/airport/mrv/dombay","/destination/kmv/mineralnye-vody-elbrus","0.841","/routes/mineralnye-vody-dombay","Исправить точные битые ссылки: /airport/mrv/dombay. | Сравнить запросы и предложение с /routes/mineralnye-vody-dombay; определить основной URL, не склеивать автоматически. | Добавить различающие факты маршрута/услуги; похожесть шаблона сама по себе не повод удалять страницу. | Добавить интерактивный выбор числа и размера вещей с подтверждением компоновки.","Просмотрен начальный мобильный экран этого URL","evidence/pages/26d9a235c1b79fdf.json"
"https://zakazminivena.ru/destination/kmv/mineralnye-vody-arkhyz","200","Туристические маршруты","Расширение","Средняя / второй этап","P0","87","Туристическая поездка Минеральные Воды → Архыз, 200 км; отличать трансфер из города от аэропорта и самостоятельный маршрут от тура.","минивэн Минеральные Воды Архыз | трансфер Минеральные Воды Архыз минивэн","","Гипотеза — проверить","true","7","7","/airport/mrv/arkhyz","/destination/kmv/mineralnye-vody-elbrus","0.879","","Исправить точные битые ссылки: /airport/mrv/arkhyz. | Добавить различающие факты маршрута/услуги; похожесть шаблона сама по себе не повод удалять страницу. | Добавить интерактивный выбор числа и размера вещей с подтверждением компоновки.","Отдельно не просмотрен","evidence/pages/20b2c730e3536304.json"
"https://zakazminivena.ru/destination/kmv/mineralnye-vody-elbrus","200","Туристические маршруты","Расширение","Средняя / второй этап","P0","87","Туристическая поездка Минеральные Воды → Приэльбрусье, 200 км; отличать трансфер из города от аэропорта и самостоятельный маршрут от тура.","минивэн Минеральные Воды Приэльбрусье | трансфер Минеральные Воды Приэльбрусье минивэн","","Гипотеза — проверить","true","7","7","/airport/mrv/elbrus","/destination/kmv/mineralnye-vody-arkhyz","0.879","","Исправить точные битые ссылки: /airport/mrv/elbrus. | Добавить различающие факты маршрута/услуги; похожесть шаблона сама по себе не повод удалять страницу. | Добавить интерактивный выбор числа и размера вещей с подтверждением компоновки.","Отдельно не просмотрен","evidence/pages/bc28c4dd5b9344e8.json"
"https://zakazminivena.ru/destination/altai/barnaul-chemal","200","Туристические маршруты","Расширение","Средняя / второй этап","P2","89","Туристическая поездка Барнаул → Чемал, 380 км; отличать трансфер из города от аэропорта и самостоятельный маршрут от тура.","минивэн Барнаул Чемал | трансфер Барнаул Чемал минивэн","","Гипотеза — проверить","true","5","5","","/destination/altai/barnaul-belukha","0.831","","Добавить различающие факты маршрута/услуги; похожесть шаблона сама по себе не повод удалять страницу. | Добавить интерактивный выбор числа и размера вещей с подтверждением компоновки.","Отдельно не просмотрен","evidence/pages/c8672a57f7f188b9.json"
"https://zakazminivena.ru/destination/altai/barnaul-manzherok","200","Туристические маршруты","Расширение","Средняя / второй этап","P2","89","Туристическая поездка Барнаул → Манжерок, 320 км; отличать трансфер из города от аэропорта и самостоятельный маршрут от тура.","минивэн Барнаул Манжерок | трансфер Барнаул Манжерок минивэн","","Гипотеза — проверить","true","5","5","","/destination/altai/barnaul-chulyshman","0.827","","Добавить различающие факты маршрута/услуги; похожесть шаблона сама по себе не повод удалять страницу. | Добавить интерактивный выбор числа и размера вещей с подтверждением компоновки.","Отдельно не просмотрен","evidence/pages/7353f96b30c02379.json"
"https://zakazminivena.ru/destination/altai/barnaul-belukha","200","Туристические маршруты","Расширение","Средняя / второй этап","P2","89","Туристическая поездка Барнаул → Тюнгур (подъезд к Белухе), 750 км; отличать трансфер из города от аэропорта и самостоятельный маршрут от тура.","минивэн Барнаул Тюнгур (подъезд к Белухе) | трансфер Барнаул Тюнгур (подъезд к Белухе) минивэн","","Гипотеза — проверить","true","5","5","","/destination/altai/barnaul-chulyshman","0.832","","Добавить различающие факты маршрута/услуги; похожесть шаблона сама по себе не повод удалять страницу. | Добавить интерактивный выбор числа и размера вещей с подтверждением компоновки.","Отдельно не просмотрен","evidence/pages/2ef3cb32a5ceb1a6.json"
"https://zakazminivena.ru/destination/altai/barnaul-chulyshman","200","Туристические маршруты","Расширение","Средняя / второй этап","P2","89","Туристическая поездка Барнаул → Долина Чулышмана, 700 км; отличать трансфер из города от аэропорта и самостоятельный маршрут от тура.","минивэн Барнаул Долина Чулышмана | трансфер Барнаул Долина Чулышмана минивэн","","Гипотеза — проверить","true","5","5","","/destination/altai/barnaul-belukha","0.832","","Добавить различающие факты маршрута/услуги; похожесть шаблона сама по себе не повод удалять страницу. | Добавить интерактивный выбор числа и размера вещей с подтверждением компоновки.","Отдельно не просмотрен","evidence/pages/a8332d5755e462ee.json"
"https://zakazminivena.ru/destination/altai/novosibirsk-gorno-altaysk","200","Туристические маршруты","Расширение","Средняя / второй этап","P2","89","Туристическая поездка Новосибирск → Горно-Алтайск, 460 км; отличать трансфер из города от аэропорта и самостоятельный маршрут от тура.","минивэн Новосибирск Горно-Алтайск | трансфер Новосибирск Горно-Алтайск минивэн","","Гипотеза — проверить","true","5","5","","/destination/altai/barnaul-chulyshman","0.815","","Добавить различающие факты маршрута/услуги; похожесть шаблона сама по себе не повод удалять страницу. | Добавить интерактивный выбор числа и размера вещей с подтверждением компоновки.","Отдельно не просмотрен","evidence/pages/f673fcd2523ef707.json"
"https://zakazminivena.ru/destination/baikal/irkutsk-listvyanka","200","Туристические маршруты","Расширение","Средняя / второй этап","P2","89","Туристическая поездка Иркутск → Листвянка, 70 км; отличать трансфер из города от аэропорта и самостоятельный маршрут от тура.","минивэн Иркутск Листвянка | трансфер Иркутск Листвянка минивэн","","Гипотеза — проверить","true","4","4","","/destination/baikal/irkutsk-baikal-mrs","0.822","","Добавить различающие факты маршрута/услуги; похожесть шаблона сама по себе не повод удалять страницу. | Добавить интерактивный выбор числа и размера вещей с подтверждением компоновки.","Отдельно не просмотрен","evidence/pages/a98ff38ebe5e4763.json"
"https://zakazminivena.ru/destination/baikal/irkutsk-olkhon","200","Туристические маршруты","Расширение","Средняя / второй этап","P0","87","Туристическая поездка Иркутск → Ольхон, 300 км; отличать трансфер из города от аэропорта и самостоятельный маршрут от тура.","минивэн Иркутск Ольхон | трансфер Иркутск Ольхон минивэн","","Гипотеза — проверить","true","4","4","/airport/ikt/olkhon","/destination/baikal/irkutsk-listvyanka","0.821","","Исправить точные битые ссылки: /airport/ikt/olkhon. | Добавить различающие факты маршрута/услуги; похожесть шаблона сама по себе не повод удалять страницу. | Добавить интерактивный выбор числа и размера вещей с подтверждением компоновки.","Отдельно не просмотрен","evidence/pages/42f66f7b71deb6f4.json"
"https://zakazminivena.ru/destination/baikal/irkutsk-baikal-mrs","200","Туристические маршруты","Расширение","Средняя / второй этап","P2","89","Туристическая поездка Иркутск → Малое Море (МРС), 240 км; отличать трансфер из города от аэропорта и самостоятельный маршрут от тура.","минивэн Иркутск Малое Море (МРС) | трансфер Иркутск Малое Море (МРС) минивэн","","Гипотеза — проверить","true","4","4","","/destination/baikal/irkutsk-arshan","0.828","","Добавить различающие факты маршрута/услуги; похожесть шаблона сама по себе не повод удалять страницу. | Добавить интерактивный выбор числа и размера вещей с подтверждением компоновки.","Отдельно не просмотрен","evidence/pages/63be6d8ffc87b126.json"
"https://zakazminivena.ru/destination/baikal/irkutsk-arshan","200","Туристические маршруты","Расширение","Средняя / второй этап","P2","89","Туристическая поездка Иркутск → Аршан, 200 км; отличать трансфер из города от аэропорта и самостоятельный маршрут от тура.","минивэн Иркутск Аршан | трансфер Иркутск Аршан минивэн","","Гипотеза — проверить","true","4","4","","/destination/baikal/irkutsk-baikal-mrs","0.828","","Добавить различающие факты маршрута/услуги; похожесть шаблона сама по себе не повод удалять страницу. | Добавить интерактивный выбор числа и размера вещей с подтверждением компоновки.","Отдельно не просмотрен","evidence/pages/041f61889a035dbb.json"
"https://zakazminivena.ru/destination/crimea/simferopol-yalta","200","Туристические маршруты","Пересечение","Условная: разделить намерения","P3","89","Отдельное продвижение Симферополь → Ялта, 85 км сначала проверить на пересечение с /routes/simferopol-yalta.","минивэн симферополь ялта | минивэн Симферополь Ялта | трансфер Симферополь Ялта минивэн","1","Измерена базовая фраза","true","6","6","","/destination/crimea/simferopol-sevastopol","0.843","/routes/simferopol-yalta","Сравнить запросы и предложение с /routes/simferopol-yalta; определить основной URL, не склеивать автоматически. | Добавить различающие факты маршрута/услуги; похожесть шаблона сама по себе не повод удалять страницу. | Добавить интерактивный выбор числа и размера вещей с подтверждением компоновки.","Отдельно не просмотрен","evidence/pages/684911473b9564eb.json"
"https://zakazminivena.ru/destination/crimea/simferopol-alushta","200","Туристические маршруты","Пересечение","Условная: разделить намерения","P3","89","Отдельное продвижение Симферополь → Алушта, 50 км сначала проверить на пересечение с /routes/simferopol-alushta.","минивэн симферополь алушта | минивэн Симферополь Алушта | трансфер Симферополь Алушта минивэн","","Гипотеза — проверить","true","6","6","","/destination/crimea/simferopol-evpatoriya","0.866","/routes/simferopol-alushta","Сравнить запросы и предложение с /routes/simferopol-alushta; определить основной URL, не склеивать автоматически. | Добавить различающие факты маршрута/услуги; похожесть шаблона сама по себе не повод удалять страницу. | Добавить интерактивный выбор числа и размера вещей с подтверждением компоновки.","Отдельно не просмотрен","evidence/pages/5cf32bfd4de3a807.json"
"https://zakazminivena.ru/destination/crimea/simferopol-sevastopol","200","Туристические маршруты","Пересечение","Условная: разделить намерения","P3","89","Отдельное продвижение Симферополь → Севастополь, 80 км сначала проверить на пересечение с /routes/simferopol-sevastopol.","минивэн симферополь севастополь | минивэн Симферополь Севастополь | трансфер Симферополь Севастополь минивэн | сколько выйдет доехать на минивене до севастополя","2","Измерена базовая фраза","true","6","6","","/destination/crimea/simferopol-alushta","0.851","/routes/simferopol-sevastopol","Сравнить запросы и предложение с /routes/simferopol-sevastopol; определить основной URL, не склеивать автоматически. | Добавить различающие факты маршрута/услуги; похожесть шаблона сама по себе не повод удалять страницу. | Добавить интерактивный выбор числа и размера вещей с подтверждением компоновки.","Отдельно не просмотрен","evidence/pages/32ad8de3c8fc2224.json"
"https://zakazminivena.ru/destination/crimea/simferopol-feodosiya","200","Туристические маршруты","Пересечение","Условная: разделить намерения","P3","89","Отдельное продвижение Симферополь → Феодосия, 115 км сначала проверить на пересечение с /routes/simferopol-feodosiya.","минивэн симферополь феодосия | минивэн Симферополь Феодосия | трансфер Симферополь Феодосия минивэн","","Гипотеза — проверить","true","6","6","","/destination/crimea/simferopol-evpatoriya","0.848","/routes/simferopol-feodosiya","Сравнить запросы и предложение с /routes/simferopol-feodosiya; определить основной URL, не склеивать автоматически. | Добавить различающие факты маршрута/услуги; похожесть шаблона сама по себе не повод удалять страницу. | Добавить интерактивный выбор числа и размера вещей с подтверждением компоновки.","Отдельно не просмотрен","evidence/pages/5498a5b4b8040275.json"
"https://zakazminivena.ru/destination/crimea/simferopol-sudak","200","Туристические маршруты","Пересечение","Условная: разделить намерения","P3","89","Отдельное продвижение Симферополь → Судак, 100 км сначала проверить на пересечение с /routes/simferopol-sudak.","минивэн симферополь судак | минивэн Симферополь Судак | трансфер Симферополь Судак минивэн","","Гипотеза — проверить","true","6","6","","/destination/crimea/simferopol-alushta","0.848","/routes/simferopol-sudak","Сравнить запросы и предложение с /routes/simferopol-sudak; определить основной URL, не склеивать автоматически. | Добавить различающие факты маршрута/услуги; похожесть шаблона сама по себе не повод удалять страницу. | Добавить интерактивный выбор числа и размера вещей с подтверждением компоновки.","Отдельно не просмотрен","evidence/pages/19e8025d84e12069.json"
"https://zakazminivena.ru/destination/crimea/simferopol-evpatoriya","200","Туристические маршруты","Пересечение","Условная: разделить намерения","P3","89","Отдельное продвижение Симферополь → Евпатория, 65 км сначала проверить на пересечение с /routes/simferopol-evpatoriya.","минивэн симферополь евпатория | минивэн Симферополь Евпатория | трансфер Симферополь Евпатория минивэн","","Гипотеза — проверить","true","6","6","","/destination/crimea/simferopol-alushta","0.866","/routes/simferopol-evpatoriya","Сравнить запросы и предложение с /routes/simferopol-evpatoriya; определить основной URL, не склеивать автоматически. | Добавить различающие факты маршрута/услуги; похожесть шаблона сама по себе не повод удалять страницу. | Добавить интерактивный выбор числа и размера вещей с подтверждением компоновки.","Отдельно не просмотрен","evidence/pages/35d240f2f3e49a22.json"
"https://zakazminivena.ru/destination/krasnodar-coast/krasnodar-anapa","200","Туристические маршруты","Пересечение","Условная: разделить намерения","P1","89","Отдельное продвижение Краснодар → Анапа, 165 км сначала проверить на пересечение с /routes/krasnodar-anapa.","минивэн краснодар анапа | минивэн Краснодар Анапа | трансфер Краснодар Анапа минивэн","44","Измерена базовая фраза","true","4","4","","/destination/krasnodar-coast/krasnodar-novorossiysk","0.857","/routes/krasnodar-anapa","Сравнить запросы и предложение с /routes/krasnodar-anapa; определить основной URL, не склеивать автоматически. | Добавить различающие факты маршрута/услуги; похожесть шаблона сама по себе не повод удалять страницу. | Добавить интерактивный выбор числа и размера вещей с подтверждением компоновки.","Отдельно не просмотрен","evidence/pages/785ca67b403629f5.json"
"https://zakazminivena.ru/destination/krasnodar-coast/krasnodar-gelendzhik","200","Туристические маршруты","Пересечение","Условная: разделить намерения","P1","89","Отдельное продвижение Краснодар → Геленджик, 200 км сначала проверить на пересечение с /routes/krasnodar-gelendzhik.","минивэн краснодар геленджик | минивэн Краснодар Геленджик | трансфер Краснодар Геленджик минивэн | минивэн до геленджика","26","Измерена базовая фраза","true","4","4","","/destination/krasnodar-coast/krasnodar-temryuk","0.845","/routes/krasnodar-gelendzhik","Сравнить запросы и предложение с /routes/krasnodar-gelendzhik; определить основной URL, не склеивать автоматически. | Добавить различающие факты маршрута/услуги; похожесть шаблона сама по себе не повод удалять страницу. | Добавить интерактивный выбор числа и размера вещей с подтверждением компоновки.","Отдельно не просмотрен","evidence/pages/05cfe2b35ab0951a.json"
"https://zakazminivena.ru/destination/krasnodar-coast/krasnodar-novorossiysk","200","Туристические маршруты","Пересечение","Условная: разделить намерения","P3","89","Отдельное продвижение Краснодар → Новороссийск, 150 км сначала проверить на пересечение с /routes/krasnodar-novorossiysk.","минивэн краснодар новороссийск | минивэн Краснодар Новороссийск | трансфер Краснодар Новороссийск минивэн","16","Измерена базовая фраза","true","4","4","","/destination/krasnodar-coast/krasnodar-anapa","0.857","/routes/krasnodar-novorossiysk","Сравнить запросы и предложение с /routes/krasnodar-novorossiysk; определить основной URL, не склеивать автоматически. | Добавить различающие факты маршрута/услуги; похожесть шаблона сама по себе не повод удалять страницу. | Добавить интерактивный выбор числа и размера вещей с подтверждением компоновки.","Отдельно не просмотрен","evidence/pages/686885c237737888.json"
"https://zakazminivena.ru/destination/krasnodar-coast/krasnodar-temryuk","200","Туристические маршруты","Расширение","Средняя / второй этап","P2","89","Туристическая поездка Краснодар → Темрюк / Тамань, 130 км; отличать трансфер из города от аэропорта и самостоятельный маршрут от тура.","минивэн Краснодар Темрюк / Тамань | трансфер Краснодар Темрюк / Тамань минивэн","","Гипотеза — проверить","true","4","4","","/destination/krasnodar-coast/krasnodar-anapa","0.85","","Добавить различающие факты маршрута/услуги; похожесть шаблона сама по себе не повод удалять страницу. | Добавить интерактивный выбор числа и размера вещей с подтверждением компоновки.","Отдельно не просмотрен","evidence/pages/4c57e5ab8391423a.json"
"https://zakazminivena.ru/destination/kaliningrad/kaliningrad-zelenogradsk","200","Туристические маршруты","Расширение","Средняя / второй этап","P2","89","Туристическая поездка Калининград → Зеленоградск, 35 км; отличать трансфер из города от аэропорта и самостоятельный маршрут от тура.","минивэн Калининград Зеленоградск | трансфер Калининград Зеленоградск минивэн","","Гипотеза — проверить","true","4","4","","/destination/kaliningrad/kaliningrad-svetlogorsk","0.863","","Добавить различающие факты маршрута/услуги; похожесть шаблона сама по себе не повод удалять страницу. | Добавить интерактивный выбор числа и размера вещей с подтверждением компоновки.","Отдельно не просмотрен","evidence/pages/af0446d0d49fadbb.json"
"https://zakazminivena.ru/destination/kaliningrad/kaliningrad-svetlogorsk","200","Туристические маршруты","Расширение","Средняя / второй этап","P2","89","Туристическая поездка Калининград → Светлогорск, 45 км; отличать трансфер из города от аэропорта и самостоятельный маршрут от тура.","минивэн Калининград Светлогорск | трансфер Калининград Светлогорск минивэн","","Гипотеза — проверить","true","4","4","","/destination/kaliningrad/kaliningrad-curonian-spit","0.867","","Добавить различающие факты маршрута/услуги; похожесть шаблона сама по себе не повод удалять страницу. | Добавить интерактивный выбор числа и размера вещей с подтверждением компоновки.","Отдельно не просмотрен","evidence/pages/84042dd003dd9e86.json"
"https://zakazminivena.ru/destination/kaliningrad/kaliningrad-curonian-spit","200","Туристические маршруты","Расширение","Средняя / второй этап","P0","87","Туристическая поездка Калининград → Куршская коса, 50 км; отличать трансфер из города от аэропорта и самостоятельный маршрут от тура.","минивэн Калининград Куршская коса | трансфер Калининград Куршская коса минивэн","","Гипотеза — проверить","true","4","4","/airport/kgd/curonian-spit","/destination/kaliningrad/kaliningrad-svetlogorsk","0.867","","Исправить точные битые ссылки: /airport/kgd/curonian-spit. | Добавить различающие факты маршрута/услуги; похожесть шаблона сама по себе не повод удалять страницу. | Добавить интерактивный выбор числа и размера вещей с подтверждением компоновки.","Отдельно не просмотрен","evidence/pages/0657b5654ee5fbce.json"
"https://zakazminivena.ru/destination/kaliningrad/kaliningrad-yantarny","200","Туристические маршруты","Расширение","Средняя / второй этап","P2","89","Туристическая поездка Калининград → Янтарный, 50 км; отличать трансфер из города от аэропорта и самостоятельный маршрут от тура.","минивэн Калининград Янтарный | трансфер Калининград Янтарный минивэн","","Гипотеза — проверить","true","4","4","","/destination/kaliningrad/kaliningrad-svetlogorsk","0.864","","Добавить различающие факты маршрута/услуги; похожесть шаблона сама по себе не повод удалять страницу. | Добавить интерактивный выбор числа и размера вещей с подтверждением компоновки.","Отдельно не просмотрен","evidence/pages/56e9afd93c891e4e.json"
"https://zakazminivena.ru/destination/north/murmansk-teriberka","200","Туристические маршруты","Расширение","Средняя / второй этап","P2","89","Туристическая поездка Мурманск → Териберка, 120 км; отличать трансфер из города от аэропорта и самостоятельный маршрут от тура.","минивэн Мурманск Териберка | трансфер Мурманск Териберка минивэн","","Гипотеза — проверить","true","4","4","","/destination/north/murmansk-khibiny","0.836","","Добавить различающие факты маршрута/услуги; похожесть шаблона сама по себе не повод удалять страницу. | Добавить интерактивный выбор числа и размера вещей с подтверждением компоновки.","Отдельно не просмотрен","evidence/pages/045be6401d09d658.json"
"https://zakazminivena.ru/destination/north/murmansk-khibiny","200","Туристические маршруты","Расширение","Средняя / второй этап","P0","87","Туристическая поездка Мурманск → Хибины (Кировск), 240 км; отличать трансфер из города от аэропорта и самостоятельный маршрут от тура.","минивэн Мурманск Хибины (Кировск) | трансфер Мурманск Хибины (Кировск) минивэн","","Гипотеза — проверить","true","4","4","/airport/mmk/khibiny","/destination/north/murmansk-kirovsk","0.863","","Исправить точные битые ссылки: /airport/mmk/khibiny. | Добавить различающие факты маршрута/услуги; похожесть шаблона сама по себе не повод удалять страницу. | Добавить интерактивный выбор числа и размера вещей с подтверждением компоновки.","Отдельно не просмотрен","evidence/pages/ab6773ec7f536710.json"
"https://zakazminivena.ru/destination/north/murmansk-kirovsk","200","Туристические маршруты","Расширение","Средняя / второй этап","P2","89","Туристическая поездка Мурманск → Кировск, 220 км; отличать трансфер из города от аэропорта и самостоятельный маршрут от тура.","минивэн Мурманск Кировск | трансфер Мурманск Кировск минивэн","","Гипотеза — проверить","true","4","4","","/destination/north/murmansk-khibiny","0.863","","Добавить различающие факты маршрута/услуги; похожесть шаблона сама по себе не повод удалять страницу. | Добавить интерактивный выбор числа и размера вещей с подтверждением компоновки.","Отдельно не просмотрен","evidence/pages/87d6811bb060cf4f.json"
"https://zakazminivena.ru/destination/north/aurora-borealis","200","Туристические маршруты","Расширение","Средняя / второй этап","P2","89","Туристическая поездка Мурманск → Охота за северным сиянием, 120 км; отличать трансфер из города от аэропорта и самостоятельный маршрут от тура.","минивэн Мурманск Охота за северным сиянием | трансфер Мурманск Охота за северным сиянием минивэн","","Гипотеза — проверить","true","4","4","","/destination/north/murmansk-teriberka","0.811","","Добавить различающие факты маршрута/услуги; похожесть шаблона сама по себе не повод удалять страницу. | Добавить интерактивный выбор числа и размера вещей с подтверждением компоновки.","Отдельно не просмотрен","evidence/pages/6aa956857ea84b39.json"
"https://zakazminivena.ru/fleet/mercedes-v-class","200","Автопарк","Расширение","Средняя / второй этап","P2","95","Страница «Mercedes-Benz V-class — премиум минивэн на 6 пассажиров» требует привязки к самостоятельной задаче и доступной услуге.","аренда Mercedes-Benz V-class с водителем | трансфер Mercedes-Benz V-class","","Гипотеза — проверить","true","9","9","","/fleet/toyota-alphard","0.214","","Добавить интерактивный выбор числа и размера вещей с подтверждением компоновки. | Подтвердить фото, оснащение и пассажиры+багаж у исполнителей; выбрать город и дату.","Просмотрен начальный мобильный экран этого URL","evidence/pages/2f2ad27be8b53066.json"
"https://zakazminivena.ru/fleet/mercedes-vito","200","Автопарк","Расширение","Средняя / второй этап","P0","90","Страница «Mercedes-Benz Vito Tourer — комфорт минивэн на 8 пассажиров» требует привязки к самостоятельной задаче и доступной услуге.","аренда Mercedes-Benz Vito Tourer с водителем | трансфер Mercedes-Benz Vito Tourer","","Гипотеза — проверить","true","7","7","/airport/krr/anapa","/fleet/hyundai-staria","0.286","","Исправить точные битые ссылки: /airport/krr/anapa. | Добавить интерактивный выбор числа и размера вещей с подтверждением компоновки. | Подтвердить фото, оснащение и пассажиры+багаж у исполнителей; выбрать город и дату.","Отдельно не просмотрен","evidence/pages/31ad74dd2f846d51.json"
"https://zakazminivena.ru/fleet/vw-multivan","200","Автопарк","Расширение","Средняя / второй этап","P0","93","Страница «Volkswagen Multivan T6.1 — комфорт минивэн на 7 пассажиров» требует привязки к самостоятельной задаче и доступной услуге.","аренда Volkswagen Multivan T6.1 с водителем | трансфер Volkswagen Multivan T6.1","","Гипотеза — проверить","true","20","20","/airport/mrv/dombay","/fleet/vw-caravelle","0.208","","Исправить точные битые ссылки: /airport/mrv/dombay. | Добавить интерактивный выбор числа и размера вещей с подтверждением компоновки. | Подтвердить фото, оснащение и пассажиры+багаж у исполнителей; выбрать город и дату.","Отдельно не просмотрен","evidence/pages/8f1286d761f14588.json"
"https://zakazminivena.ru/fleet/vw-caravelle","200","Автопарк","Расширение","Средняя / второй этап","P2","92","Страница «Volkswagen Caravelle T6.1 — универсальный минивэн на 7 пассажиров» требует привязки к самостоятельной задаче и доступной услуге.","аренда Volkswagen Caravelle T6.1 с водителем | трансфер Volkswagen Caravelle T6.1","","Гипотеза — проверить","true","10","10","","/fleet/ford-tourneo","0.305","","Добавить интерактивный выбор числа и размера вещей с подтверждением компоновки. | Подтвердить фото, оснащение и пассажиры+багаж у исполнителей; выбрать город и дату.","Отдельно не просмотрен","evidence/pages/c334dfa09fa40e53.json"
"https://zakazminivena.ru/fleet/toyota-alphard","200","Автопарк","Расширение","Средняя / второй этап","P2","95","Страница «Toyota Alphard — премиум минивэн на 6 пассажиров» требует привязки к самостоятельной задаче и доступной услуге.","аренда Toyota Alphard с водителем | трансфер Toyota Alphard | аренда toyota alphard с водителем спб","","Гипотеза — проверить","true","3","3","","/fleet/mercedes-v-class","0.214","","Добавить интерактивный выбор числа и размера вещей с подтверждением компоновки. | Подтвердить фото, оснащение и пассажиры+багаж у исполнителей; выбрать город и дату.","Отдельно не просмотрен","evidence/pages/aab438e5f131ae89.json"
"https://zakazminivena.ru/fleet/toyota-hiace","200","Автопарк","Расширение","Средняя / второй этап","P1","92","Страница «Toyota Hiace — универсальный минивэн на 8 пассажиров» требует привязки к самостоятельной задаче и доступной услуге.","аренда Toyota Hiace с водителем | трансфер Toyota Hiace | toyota hiace аренда с водителем питер","","Гипотеза — проверить","true","8","8","","/fleet/hyundai-staria","0.223","","Добавить интерактивный выбор числа и размера вещей с подтверждением компоновки. | Подтвердить фото, оснащение и пассажиры+багаж у исполнителей; выбрать город и дату.","Отдельно не просмотрен","evidence/pages/b9e93dfac3188e6d.json"
"https://zakazminivena.ru/fleet/hyundai-staria","200","Автопарк","Расширение","Средняя / второй этап","P2","92","Страница «Hyundai Staria — комфорт минивэн на 8 пассажиров» требует привязки к самостоятельной задаче и доступной услуге.","аренда Hyundai Staria с водителем | трансфер Hyundai Staria | staria hyundai аренда с водителем в спб","","Гипотеза — проверить","true","9","9","","/fleet/mercedes-vito","0.286","","Добавить интерактивный выбор числа и размера вещей с подтверждением компоновки. | Подтвердить фото, оснащение и пассажиры+багаж у исполнителей; выбрать город и дату.","Отдельно не просмотрен","evidence/pages/83e6599f539b18b8.json"
"https://zakazminivena.ru/fleet/hyundai-h1","200","Автопарк","Расширение","Средняя / второй этап","P0","88","Страница «Hyundai H-1 / Grand Starex — универсальный минивэн на 8 пассажиров» требует привязки к самостоятельной задаче и доступной услуге.","аренда Hyundai H-1 / Grand Starex с водителем | трансфер Hyundai H-1 / Grand Starex","","Гипотеза — проверить","true","20","20","/airport/mrv/dombay | /airport/ovb/gorno-altaysk","/fleet/ford-tourneo","0.294","","Исправить точные битые ссылки: /airport/mrv/dombay, /airport/ovb/gorno-altaysk. | Добавить интерактивный выбор числа и размера вещей с подтверждением компоновки. | Подтвердить фото, оснащение и пассажиры+багаж у исполнителей; выбрать город и дату.","Отдельно не просмотрен","evidence/pages/74157ae469123dfc.json"
"https://zakazminivena.ru/fleet/ford-tourneo","200","Автопарк","Расширение","Средняя / второй этап","P2","92","Страница «Ford Tourneo Custom — универсальный минивэн на 8 пассажиров» требует привязки к самостоятельной задаче и доступной услуге.","аренда Ford Tourneo Custom с водителем | трансфер Ford Tourneo Custom | услуга аренда авто ford tourneo custom","","Гипотеза — проверить","true","3","3","","/fleet/peugeot-traveller","0.487","","Добавить интерактивный выбор числа и размера вещей с подтверждением компоновки. | Подтвердить фото, оснащение и пассажиры+багаж у исполнителей; выбрать город и дату.","Отдельно не просмотрен","evidence/pages/71062b33c78f5fa5.json"
"https://zakazminivena.ru/fleet/peugeot-traveller","200","Автопарк","Расширение","Средняя / второй этап","P2","92","Страница «Peugeot Traveller — универсальный минивэн на 8 пассажиров» требует привязки к самостоятельной задаче и доступной услуге.","аренда Peugeot Traveller с водителем | трансфер Peugeot Traveller","","Гипотеза — проверить","true","3","3","","/fleet/ford-tourneo","0.487","","Добавить интерактивный выбор числа и размера вещей с подтверждением компоновки. | Подтвердить фото, оснащение и пассажиры+багаж у исполнителей; выбрать город и дату.","Отдельно не просмотрен","evidence/pages/d54c0d9c1114ebaa.json"
"https://zakazminivena.ru/service/airport-transfer","200","Сценарии","Расширение","Средняя / второй этап","P1","93","Страница «Минивэн в аэропорт — трансфер с табличкой и фикс ценой» требует привязки к самостоятельной задаче и доступной услуге.","минивэн аэропорт | минивэн трансфер аэропорт","2039","Измерена базовая фраза","true","23","23","","/service/conference","0.214","","Добавить интерактивный выбор числа и размера вещей с подтверждением компоновки. | Показать цену за автомобиль либо объяснить состав расчёта и этап подтверждения.","Отдельно не просмотрен","evidence/pages/0c30851b7e0e5e6a.json"
"https://zakazminivena.ru/service/intercity","200","Сценарии","Расширение","Средняя / второй этап","P1","94","Title ограничен Москвой, H1 обещает всю Россию. В тексте базовый тариф 50 ₽/км, калькулятор использует 60 ₽/км: условия не разведены явно.","минивэн межгород","427","Измерена базовая фраза","true","20","20","","/service/multi-day","0.154","","Добавить интерактивный выбор числа и размера вещей с подтверждением компоновки. | Согласовать географию и тарифный источник; перенести калькулятор из-под списка маршрутов ближе к заголовку.","Просмотрен начальный мобильный экран этого URL","evidence/pages/a8fe6017cf79f273.json"
"https://zakazminivena.ru/service/wedding","200","Сценарии","Расширение","Средняя / второй этап","P2","90","Страница «Минивэн на свадьбу — для гостей или жениха и невесты» требует привязки к самостоятельной задаче и доступной услуге.","минивэн на свадьбу","","Гипотеза — проверить","true","21","21","","/service/excursion","0.154","","Добавить интерактивный выбор числа и размера вещей с подтверждением компоновки. | Раскрыть ограничения багажа для доступных машин.","Отдельно не просмотрен","evidence/pages/1d1ac10b6ac8141e.json"
"https://zakazminivena.ru/service/corporate","200","Сценарии","Расширение","Средняя / второй этап","P2","90","Страница «Корпоративный минивэн — для делегаций и сотрудников» требует привязки к самостоятельной задаче и доступной услуге.","минивэн для сотрудников","","Гипотеза — проверить","true","26","26","","/service/conference","0.277","","Добавить интерактивный выбор числа и размера вещей с подтверждением компоновки. | Показать цену за автомобиль либо объяснить состав расчёта и этап подтверждения.","Отдельно не просмотрен","evidence/pages/eb261c1654cf57a3.json"
"https://zakazminivena.ru/service/delegation","200","Сценарии","Расширение","Средняя / второй этап","P2","90","Страница «Минивэн для делегации — VIP с водителем» требует привязки к самостоятельной задаче и доступной услуге.","минивэн для делегации","","Гипотеза — проверить","true","5","5","","/service/conference","0.307","","Добавить интерактивный выбор числа и размера вещей с подтверждением компоновки. | Показать цену за автомобиль либо объяснить состав расчёта и этап подтверждения.","Отдельно не просмотрен","evidence/pages/4a5b530f5002cb14.json"
"https://zakazminivena.ru/service/conference","200","Сценарии","Расширение","Средняя / второй этап","P2","94","Страница «Минивэн для гостей конференции» требует привязки к самостоятельной задаче и доступной услуге.","минивэн для конференции","","Гипотеза — проверить","true","4","4","","/service/delegation","0.307","","Добавить интерактивный выбор числа и размера вещей с подтверждением компоновки.","Отдельно не просмотрен","evidence/pages/f6e8de98316db5f1.json"
"https://zakazminivena.ru/service/excursion","200","Сценарии","Расширение","Средняя / второй этап","P2","93","Страница «Минивэн на экскурсию — водитель-проводник, гибкий маршрут» требует привязки к самостоятельной задаче и доступной услуге.","минивэн экскурсии","","Гипотеза — проверить","true","22","22","","/service/hourly","0.214","","Добавить интерактивный выбор числа и размера вещей с подтверждением компоновки. | Раскрыть ограничения багажа для доступных машин.","Отдельно не просмотрен","evidence/pages/4dacb5fb1b3d047f.json"
"https://zakazminivena.ru/service/hourly","200","Сценарии","Расширение","Средняя / второй этап","P2","97","Страница «Почасовая аренда минивэна с водителем» требует привязки к самостоятельной задаче и доступной услуге.","аренда минивэна почасовая","","Гипотеза — проверить","true","21","21","","/service/excursion","0.214","","Добавить интерактивный выбор числа и размера вещей с подтверждением компоновки.","Отдельно не просмотрен","evidence/pages/c3b3d0d8a1953ce5.json"
"https://zakazminivena.ru/service/multi-day","200","Сценарии","Расширение","Средняя / второй этап","P2","90","Страница «Многодневные поездки на минивэне с ночёвкой водителя» требует привязки к самостоятельной задаче и доступной услуге.","минивэн на несколько дней","","Гипотеза — проверить","true","5","5","","/service/excursion","0.164","","Добавить интерактивный выбор числа и размера вещей с подтверждением компоновки. | Раскрыть ограничения багажа для доступных машин.","Отдельно не просмотрен","evidence/pages/3ed63ee95d44b6dd.json"
"https://zakazminivena.ru/service/sports-team","200","Сценарии","Расширение","Средняя / второй этап","P2","94","Страница «Минивэн для спортивной команды — 8 пассажиров + инвентарь» требует привязки к самостоятельной задаче и доступной услуге.","минивэн для спортивной команды","","Гипотеза — проверить","true","2","2","","/service/film-crew","0.275","","Добавить интерактивный выбор числа и размера вещей с подтверждением компоновки.","Отдельно не просмотрен","evidence/pages/a974cef7486abb19.json"
"https://zakazminivena.ru/service/film-crew","200","Сценарии","Расширение","Средняя / второй этап","P2","94","Страница «Минивэн для съёмочной группы — оборудование и команда» требует привязки к самостоятельной задаче и доступной услуге.","минивэн для съемочной группы","","Гипотеза — проверить","true","1","1","","/service/sports-team","0.275","","Добавить интерактивный выбор числа и размера вещей с подтверждением компоновки.","Отдельно не просмотрен","evidence/pages/004a6aba7c971273.json"
"https://zakazminivena.ru/minivan-5-mest","200","Вместимость","Расширение","Средняя / второй этап","P1","79","Есть отдельная тема пяти пассажиров, но страницу не связывают с основным каталогом. Наличие отдельного URL ещё не доказывает отдельный кластер спроса.","такси на 5 человек","1327","Измерена базовая фраза","false","0","0","","/minivan-6-mest","0.119","","После проверки самостоятельности включить нужный URL в sitemap. | Добавить релевантные доступные ссылки из каталога и связанных страниц. | Дать встроенный подбор/форму или явный переход с сохранением параметров поездки. | Добавить интерактивный выбор числа и размера вещей с подтверждением компоновки. | Добавить выбор конкретной поездки для 5 пассажиров и проверить отличие от 6/7 по выдаче и фактическим запросам.","Отдельно не просмотрен","evidence/pages/a0ea792875708d77.json"
"https://zakazminivena.ru/minivan-6-mest","200","Вместимость","Расширение","Средняя / второй этап","P1","79","Текст обещает размещение шести чемоданов без привязки к компоновке машины; в основном содержимом нет формы или явного действия заказа.","такси на 6 человек","632","Измерена базовая фраза","false","0","0","","/minivan-7-mest","0.157","","После проверки самостоятельности включить нужный URL в sitemap. | Добавить релевантные доступные ссылки из каталога и связанных страниц. | Дать встроенный подбор/форму или явный переход с сохранением параметров поездки. | Добавить интерактивный выбор числа и размера вещей с подтверждением компоновки. | Заменить универсальное обещание интерактивным подбором 6 пассажиров + размер/число вещей; добавить переход к заказу с сохранением выбора.","Просмотрен начальный мобильный экран этого URL","evidence/pages/aa1648deded69fba.json"
"https://zakazminivena.ru/minivan-7-mest","200","Вместимость","Расширение","Средняя / второй этап","P1","79","Вместимость должна означать пассажиров без водителя; запрос «минивэн 7 мест» часто относится к покупке автомобиля.","такси на 7 человек","327","Измерена базовая фраза","false","0","0","","/minivan-6-mest","0.157","","После проверки самостоятельности включить нужный URL в sitemap. | Добавить релевантные доступные ссылки из каталога и связанных страниц. | Дать встроенный подбор/форму или явный переход с сохранением параметров поездки. | Добавить интерактивный выбор числа и размера вещей с подтверждением компоновки. | Уточнить коммерческий заголовок, показать ограничения багажа при 7 пассажирах и кнопку выбора поездки.","Отдельно не просмотрен","evidence/pages/154ba50aa3f0bf5b.json"
"https://zakazminivena.ru/offline","200","Доверие и сервис","Служебная","Не SEO-вход","P3","60","Служебная офлайн-страница отдаёт index, follow и canonical главной. Для поискового ядра она не нужна.","","","Не требуется отдельный SEO-кластер","false","0","0","","","0","","Исключить из продвижения и задать явный noindex; сохранить офлайн-помощь пользователю.","Отдельно не просмотрен","evidence/pages/e3baaba78213a06d.json"
"https://zakazminivena.ru/airport/dme/moscow-city","404","Из аэропорта","Ошибка","Нет до исправления","P0","0","Битый адрес /airport/dme/moscow-city; входящих страниц 2.","","","Гипотеза — проверить","false","2","2","","","0","","Убрать ссылку на /airport/dme/moscow-city либо создать точную посадочную при наличии услуги; не перенаправлять на главную.","Отдельно не просмотрен","evidence/pages/2df0ab4a3d100c78.json"
"https://zakazminivena.ru/airport/mrv/dombay","404","Из аэропорта","Ошибка","Нет до исправления","P0","0","Битый адрес /airport/mrv/dombay; входящих страниц 3.","","","Гипотеза — проверить","false","3","3","","","0","","Убрать ссылку на /airport/mrv/dombay либо создать точную посадочную при наличии услуги; не перенаправлять на главную.","Отдельно не просмотрен","evidence/pages/3cbdc859bc7a7b3e.json"
"https://zakazminivena.ru/airport/mrv/arkhyz","404","Из аэропорта","Ошибка","Нет до исправления","P0","0","Битый адрес /airport/mrv/arkhyz; входящих страниц 1.","","","Гипотеза — проверить","false","1","1","","","0","","Убрать ссылку на /airport/mrv/arkhyz либо создать точную посадочную при наличии услуги; не перенаправлять на главную.","Отдельно не просмотрен","evidence/pages/a4253bb617decccd.json"
"https://zakazminivena.ru/airport/mrv/elbrus","404","Из аэропорта","Ошибка","Нет до исправления","P0","0","Битый адрес /airport/mrv/elbrus; входящих страниц 1.","","","Гипотеза — проверить","false","1","1","","","0","","Убрать ссылку на /airport/mrv/elbrus либо создать точную посадочную при наличии услуги; не перенаправлять на главную.","Отдельно не просмотрен","evidence/pages/612aff3fa7f9dce9.json"
"https://zakazminivena.ru/airport/ikt/olkhon","404","Из аэропорта","Ошибка","Нет до исправления","P0","0","Битый адрес /airport/ikt/olkhon; входящих страниц 1.","","","Гипотеза — проверить","false","1","1","","","0","","Убрать ссылку на /airport/ikt/olkhon либо создать точную посадочную при наличии услуги; не перенаправлять на главную.","Отдельно не просмотрен","evidence/pages/b9cc1049418e05b3.json"
"https://zakazminivena.ru/airport/kgd/curonian-spit","404","Из аэропорта","Ошибка","Нет до исправления","P0","0","Битый адрес /airport/kgd/curonian-spit; входящих страниц 1.","","","Гипотеза — проверить","false","1","1","","","0","","Убрать ссылку на /airport/kgd/curonian-spit либо создать точную посадочную при наличии услуги; не перенаправлять на главную.","Отдельно не просмотрен","evidence/pages/0b15e106efb1e601.json"
"https://zakazminivena.ru/airport/mmk/khibiny","404","Из аэропорта","Ошибка","Нет до исправления","P0","0","Битый адрес /airport/mmk/khibiny; входящих страниц 1.","","","Гипотеза — проверить","false","1","1","","","0","","Убрать ссылку на /airport/mmk/khibiny либо создать точную посадочную при наличии услуги; не перенаправлять на главную.","Отдельно не просмотрен","evidence/pages/4c2847e0a483f662.json"
"https://zakazminivena.ru/airport/krr/anapa","404","Из аэропорта","Ошибка","Нет до исправления","P0","0","Битый адрес /airport/krr/anapa; входящих страниц 1.","","","Гипотеза — проверить","false","1","1","","","0","","Убрать ссылку на /airport/krr/anapa либо создать точную посадочную при наличии услуги; не перенаправлять на главную.","Отдельно не просмотрен","evidence/pages/39847633124c6ca9.json"
"https://zakazminivena.ru/airport/ovb/gorno-altaysk","404","Из аэропорта","Ошибка","Нет до исправления","P0","0","Битый адрес /airport/ovb/gorno-altaysk; входящих страниц 1.","","","Гипотеза — проверить","false","1","1","","","0","","Убрать ссылку на /airport/ovb/gorno-altaysk либо создать точную посадочную при наличии услуги; не перенаправлять на главную.","Отдельно не просмотрен","evidence/pages/a0001088c0a91177.json"
