"Запрос","URL","Тип","Намерение","Роль","Источник","Частотность_не_суммировать","География","Приоритет","Ограничение_назначения","Доказательство"
"заказать минивэн","https://zakazminivena.ru/","Главная","Принять решение о заказе: Заказать минивэн с водителем межгород и аэропорт.","Ядро-кандидат","Wordstat · 2026-09-15","5689","Россия","P1","Базовая фраза / предложение; не полная кластеризация выдачи","evidence/wordstat-previous/wordstat-03.json"
"Заказать минивэн с водителем межгород и аэропорт","https://zakazminivena.ru/","Главная","Принять решение о заказе: Заказать минивэн с водителем межгород и аэропорт.","Ядро-кандидат","Предложение по содержанию","","География URL; частотность не измерена","P1","Базовая фраза / предложение; не полная кластеризация выдачи","evidence/pages/3a9b13bd995116fc.json"
"на минивэне","https://zakazminivena.ru/","Главная","Принять решение о заказе: Заказать минивэн с водителем межгород и аэропорт.","Ядро-кандидат","Вебмастер, архив 27.08","","География URL; частотность не измерена","P1","Базовая фраза / предложение; не полная кластеризация выдачи","evidence/pages/3a9b13bd995116fc.json"
"Тарифы на минивэн с водителем","https://zakazminivena.ru/tariffs","Доверие и сервис","Принять решение о заказе: Тарифы на минивэн с водителем.","Расширение","Предложение по содержанию","","География URL; частотность не измерена","P2","Базовая фраза / предложение; не полная кластеризация выдачи","evidence/pages/786c49605da1c4f2.json"
"Минивэн для бизнеса","https://zakazminivena.ru/b2b","Для бизнеса","Принять решение о заказе: Минивэн для бизнеса.","Расширение","Предложение по содержанию","","География URL; частотность не измерена","P2","Базовая фраза / предложение; не полная кластеризация выдачи","evidence/pages/5654ca9618704555.json"
"минивэн с багажом","https://zakazminivena.ru/fleet","Автопарк","Выбор следующего шага и распределение внутренних ссылок.","Расширение","Предложение по содержанию","","География URL; частотность не измерена","P2","Базовая фраза / предложение; не полная кластеризация выдачи","evidence/pages/9c449c6670ccc9cc.json"
"Трансфер в аэропорт на минивэне 7 мест","https://zakazminivena.ru/services/airport","Услуги","Принять решение о заказе: Трансфер в аэропорт на минивэне 7 мест.","Расширение","Предложение по содержанию","","География URL; частотность не измерена","P2","Базовая фраза / предложение; не полная кластеризация выдачи","evidence/pages/26e0561f8007f938.json"
"минивэн детское кресло","https://zakazminivena.ru/services/children","Услуги","Принять решение о заказе: Детские перевозки на минивэне — с детским креслом.","Расширение","Предложение по содержанию","","География URL; частотность не измерена","P2","Базовая фраза / предложение; не полная кластеризация выдачи","evidence/pages/c64c0d01bf4f2da2.json"
"минивэн с коляской","https://zakazminivena.ru/services/children","Услуги","Принять решение о заказе: Детские перевозки на минивэне — с детским креслом.","Расширение","Предложение по содержанию","","География URL; частотность не измерена","P2","Базовая фраза / предложение; не полная кластеризация выдачи","evidence/pages/c64c0d01bf4f2da2.json"
"минивэн для группы","https://zakazminivena.ru/services/group-transfer","Услуги","Принять решение о заказе: Групповой трансфер на минивэне.","Расширение","Предложение по содержанию","","География URL; частотность не измерена","P2","Базовая фраза / предложение; не полная кластеризация выдачи","evidence/pages/d1207cc373b0c6bf.json"
"Минивэн на свадьбу — трансфер гостей","https://zakazminivena.ru/services/wedding","Услуги","Принять решение о заказе: Минивэн на свадьбу — трансфер гостей.","Расширение","Предложение по содержанию","","География URL; частотность не измерена","P2","Базовая фраза / предложение; не полная кластеризация выдачи","evidence/pages/52ae6809c53738d9.json"
"как заказать минивэн в яндекс такси","https://zakazminivena.ru/yandex-taxi-minivan","Доверие и сервис","Ответ на вопрос выбора с переходом к подходящей поездке.","Поддержка","Wordstat · наблюдаемая фраза 15.09","766","Россия","P1","Информационный / брендовый: проверить содержание, не смешивать с рекламой предзаказа; назначение URL — гипотеза, не результат полной кластеризации SERP","evidence/wordstat-previous/wordstat-03.json"
"Минивэн vs другие виды транспорта","https://zakazminivena.ru/compare","Сравнения","Выбор следующего шага и распределение внутренних ссылок.","Поддержка","Предложение по содержанию","","География URL; частотность не измерена","P3","Базовая фраза / предложение; не полная кластеризация выдачи","evidence/pages/eb4599a08815daed.json"
"минивэн с лыжами","https://zakazminivena.ru/destination","Направления","Выбор следующего шага и распределение внутренних ссылок.","Расширение","Предложение по содержанию","","География URL; частотность не измерена","P2","Базовая фраза / предложение; не полная кластеризация выдачи","evidence/pages/fce58b93a57df0ee.json"
"+7 918 587 5454","https://zakazminivena.ru/contacts","Доверие и сервис","Подтверждение доверия и помощь в решении; поддерживает коммерческие страницы.","Доверие","Вебмастер, архив 27.08","","География URL; частотность не измерена","P3","Базовая фраза / предложение; не полная кластеризация выдачи","evidence/pages/a80e8251d99aa0bc.json"
"Частые вопросы","https://zakazminivena.ru/faq","Доверие и сервис","Ответ на вопрос выбора с переходом к подходящей поездке.","Поддержка","Предложение по содержанию","","География URL; частотность не измерена","P3","Базовая фраза / предложение; не полная кластеризация выдачи","evidence/pages/e238a6d9ecb8827e.json"
"zakazminivena.ru отзывы","https://zakazminivena.ru/reviews","Доверие и сервис","Подтверждение доверия и помощь в решении; поддерживает коммерческие страницы.","Доверие","Вебмастер, архив 27.08","","География URL; частотность не измерена","P1","Базовая фраза / предложение; не полная кластеризация выдачи","evidence/pages/7a6bc63d0c8c9f75.json"
"минивэн новый год","https://zakazminivena.ru/seasonal/noviy-god","Сезонность","Принять решение о заказе: Минивэн на Новый год и зимние каникулы.","Расширение","Предложение по содержанию","","География URL; частотность не измерена","P2","Базовая фраза / предложение; не полная кластеризация выдачи","evidence/pages/7d71a3dd8c7e7aa4.json"
"Свадебный сезон — минивэн для гостей и молодожёнов","https://zakazminivena.ru/seasonal/svadebnyy-sezon","Сезонность","Принять решение о заказе: Свадебный сезон — минивэн для гостей и молодожёнов.","Расширение","Предложение по содержанию","","География URL; частотность не измерена","P2","Базовая фраза / предложение; не полная кластеризация выдачи","evidence/pages/21ac41c2b05afb7d.json"
"минивэн на море","https://zakazminivena.ru/seasonal/letniy-otpusk","Сезонность","Принять решение о заказе: Летний отпуск и море — минивэн на курорт.","Расширение","Предложение по содержанию","","География URL; частотность не измерена","P2","Базовая фраза / предложение; не полная кластеризация выдачи","evidence/pages/5ffbdbce36803915.json"
"минивэн адлер роза хутор","https://zakazminivena.ru/routes/adler-roza-khutor","Межгород","Принять решение о заказе: Адлер → Роза Хутор, 45 км.","Расширение","Wordstat · 2026-09-16","2","Россия","P2","Базовая фраза / предложение; не полная кластеризация выдачи","evidence/wordstat/0.json"
"такси минивэн Адлер Роза Хутор","https://zakazminivena.ru/routes/adler-roza-khutor","Межгород","Принять решение о заказе: Адлер → Роза Хутор, 45 км.","Расширение","Предложение по содержанию","","География URL; частотность не измерена","P2","Базовая фраза / предложение; не полная кластеризация выдачи","evidence/pages/75fbc578c90bc5e7.json"
"заказать минивэн Адлер Роза Хутор","https://zakazminivena.ru/routes/adler-roza-khutor","Межгород","Принять решение о заказе: Адлер → Роза Хутор, 45 км.","Расширение","Предложение по содержанию","","География URL; частотность не измерена","P2","Базовая фраза / предложение; не полная кластеризация выдачи","evidence/pages/75fbc578c90bc5e7.json"
"адлер роза хутор трансфер","https://zakazminivena.ru/routes/adler-roza-khutor","Межгород","Принять решение о заказе: Адлер → Роза Хутор, 45 км.","Расширение","Вебмастер, архив 27.08","","География URL; частотность не измерена","P2","Базовая фраза / предложение; не полная кластеризация выдачи","evidence/pages/75fbc578c90bc5e7.json"
"минивэн сочи красная поляна","https://zakazminivena.ru/routes/sochi-krasnaya-polyana","Межгород","Принять решение о заказе: Сочи → Красная Поляна, 70 км.","Расширение","Wordstat · 2026-09-16","8","Россия","P2","Базовая фраза / предложение; не полная кластеризация выдачи","evidence/wordstat/1.json"
"такси минивэн Сочи Красная Поляна","https://zakazminivena.ru/routes/sochi-krasnaya-polyana","Межгород","Принять решение о заказе: Сочи → Красная Поляна, 70 км.","Расширение","Предложение по содержанию","","География URL; частотность не измерена","P2","Базовая фраза / предложение; не полная кластеризация выдачи","evidence/pages/f451521b896b7d6f.json"
"заказать минивэн Сочи Красная Поляна","https://zakazminivena.ru/routes/sochi-krasnaya-polyana","Межгород","Принять решение о заказе: Сочи → Красная Поляна, 70 км.","Расширение","Предложение по содержанию","","География URL; частотность не измерена","P2","Базовая фраза / предложение; не полная кластеризация выдачи","evidence/pages/f451521b896b7d6f.json"
"минивэн симферополь ялта","https://zakazminivena.ru/routes/simferopol-yalta","Межгород","Принять решение о заказе: Симферополь → Ялта, 82 км.","Расширение","Wordstat · 2026-09-16","1","Россия","P2","Базовая фраза / предложение; не полная кластеризация выдачи","evidence/wordstat/2.json"
"такси минивэн Симферополь Ялта","https://zakazminivena.ru/routes/simferopol-yalta","Межгород","Принять решение о заказе: Симферополь → Ялта, 82 км.","Расширение","Предложение по содержанию","","География URL; частотность не измерена","P2","Базовая фраза / предложение; не полная кластеризация выдачи","evidence/pages/d11fb4852235d1cb.json"
"заказать минивэн Симферополь Ялта","https://zakazminivena.ru/routes/simferopol-yalta","Межгород","Принять решение о заказе: Симферополь → Ялта, 82 км.","Расширение","Предложение по содержанию","","География URL; частотность не измерена","P2","Базовая фраза / предложение; не полная кластеризация выдачи","evidence/pages/d11fb4852235d1cb.json"
"минивэн симферополь алушта","https://zakazminivena.ru/routes/simferopol-alushta","Межгород","Принять решение о заказе: Симферополь → Алушта, 60 км.","Расширение","Предложение по содержанию","","Россия","P2","Базовая фраза / предложение; не полная кластеризация выдачи","evidence/wordstat/3.json"
"такси минивэн Симферополь Алушта","https://zakazminivena.ru/routes/simferopol-alushta","Межгород","Принять решение о заказе: Симферополь → Алушта, 60 км.","Расширение","Предложение по содержанию","","География URL; частотность не измерена","P2","Базовая фраза / предложение; не полная кластеризация выдачи","evidence/pages/905c286bcbc2bd75.json"
"заказать минивэн Симферополь Алушта","https://zakazminivena.ru/routes/simferopol-alushta","Межгород","Принять решение о заказе: Симферополь → Алушта, 60 км.","Расширение","Предложение по содержанию","","География URL; частотность не измерена","P2","Базовая фраза / предложение; не полная кластеризация выдачи","evidence/pages/905c286bcbc2bd75.json"
"минивэн симферополь евпатория","https://zakazminivena.ru/routes/simferopol-evpatoriya","Межгород","Принять решение о заказе: Симферополь → Евпатория, 65 км.","Расширение","Предложение по содержанию","","Россия","P2","Базовая фраза / предложение; не полная кластеризация выдачи","evidence/wordstat/4.json"
"такси минивэн Симферополь Евпатория","https://zakazminivena.ru/routes/simferopol-evpatoriya","Межгород","Принять решение о заказе: Симферополь → Евпатория, 65 км.","Расширение","Предложение по содержанию","","География URL; частотность не измерена","P2","Базовая фраза / предложение; не полная кластеризация выдачи","evidence/pages/16a9ab173e0a35fa.json"
"заказать минивэн Симферополь Евпатория","https://zakazminivena.ru/routes/simferopol-evpatoriya","Межгород","Принять решение о заказе: Симферополь → Евпатория, 65 км.","Расширение","Предложение по содержанию","","География URL; частотность не измерена","P2","Базовая фраза / предложение; не полная кластеризация выдачи","evidence/pages/16a9ab173e0a35fa.json"
"минивэн симферополь феодосия","https://zakazminivena.ru/routes/simferopol-feodosiya","Межгород","Принять решение о заказе: Симферополь → Феодосия, 115 км.","Расширение","Предложение по содержанию","","Россия","P2","Базовая фраза / предложение; не полная кластеризация выдачи","evidence/wordstat/5.json"
"такси минивэн Симферополь Феодосия","https://zakazminivena.ru/routes/simferopol-feodosiya","Межгород","Принять решение о заказе: Симферополь → Феодосия, 115 км.","Расширение","Предложение по содержанию","","География URL; частотность не измерена","P2","Базовая фраза / предложение; не полная кластеризация выдачи","evidence/pages/f108fa3f774416a3.json"
"заказать минивэн Симферополь Феодосия","https://zakazminivena.ru/routes/simferopol-feodosiya","Межгород","Принять решение о заказе: Симферополь → Феодосия, 115 км.","Расширение","Предложение по содержанию","","География URL; частотность не измерена","P2","Базовая фраза / предложение; не полная кластеризация выдачи","evidence/pages/f108fa3f774416a3.json"
"минивэн симферополь судак","https://zakazminivena.ru/routes/simferopol-sudak","Межгород","Принять решение о заказе: Симферополь → Судак, 100 км.","Расширение","Предложение по содержанию","","Россия","P2","Базовая фраза / предложение; не полная кластеризация выдачи","evidence/wordstat/6.json"
"такси минивэн Симферополь Судак","https://zakazminivena.ru/routes/simferopol-sudak","Межгород","Принять решение о заказе: Симферополь → Судак, 100 км.","Расширение","Предложение по содержанию","","География URL; частотность не измерена","P2","Базовая фраза / предложение; не полная кластеризация выдачи","evidence/pages/783d5109b12a69a1.json"
"заказать минивэн Симферополь Судак","https://zakazminivena.ru/routes/simferopol-sudak","Межгород","Принять решение о заказе: Симферополь → Судак, 100 км.","Расширение","Предложение по содержанию","","География URL; частотность не измерена","P2","Базовая фраза / предложение; не полная кластеризация выдачи","evidence/pages/783d5109b12a69a1.json"
"минивэн симферополь севастополь","https://zakazminivena.ru/routes/simferopol-sevastopol","Межгород","Принять решение о заказе: Симферополь → Севастополь, 80 км.","Расширение","Wordstat · 2026-09-16","2","Россия","P2","Базовая фраза / предложение; не полная кластеризация выдачи","evidence/wordstat/7.json"
"такси минивэн Симферополь Севастополь","https://zakazminivena.ru/routes/simferopol-sevastopol","Межгород","Принять решение о заказе: Симферополь → Севастополь, 80 км.","Расширение","Предложение по содержанию","","География URL; частотность не измерена","P2","Базовая фраза / предложение; не полная кластеризация выдачи","evidence/pages/39042f236d636938.json"
"заказать минивэн Симферополь Севастополь","https://zakazminivena.ru/routes/simferopol-sevastopol","Межгород","Принять решение о заказе: Симферополь → Севастополь, 80 км.","Расширение","Предложение по содержанию","","География URL; частотность не измерена","P2","Базовая фраза / предложение; не полная кластеризация выдачи","evidence/pages/39042f236d636938.json"
"минивэн краснодар сочи","https://zakazminivena.ru/routes/krasnodar-sochi","Межгород","Принять решение о заказе: Краснодар → Сочи, 320 км.","Ядро-кандидат","Wordstat · 2026-09-16","4","Россия","P2","Базовая фраза / предложение; не полная кластеризация выдачи","evidence/wordstat/8.json"
"такси минивэн Краснодар Сочи","https://zakazminivena.ru/routes/krasnodar-sochi","Межгород","Принять решение о заказе: Краснодар → Сочи, 320 км.","Ядро-кандидат","Предложение по содержанию","","География URL; частотность не измерена","P2","Базовая фраза / предложение; не полная кластеризация выдачи","evidence/pages/620d4124b5bc037b.json"
"заказать минивэн Краснодар Сочи","https://zakazminivena.ru/routes/krasnodar-sochi","Межгород","Принять решение о заказе: Краснодар → Сочи, 320 км.","Ядро-кандидат","Предложение по содержанию","","География URL; частотность не измерена","P2","Базовая фраза / предложение; не полная кластеризация выдачи","evidence/pages/620d4124b5bc037b.json"
"минивэн краснодар адлер","https://zakazminivena.ru/routes/krasnodar-adler","Межгород","Принять решение о заказе: Краснодар → Адлер, 350 км.","Ядро-кандидат","Предложение по содержанию","","Россия","P2","Базовая фраза / предложение; не полная кластеризация выдачи","evidence/wordstat/9.json"
"такси минивэн Краснодар Адлер","https://zakazminivena.ru/routes/krasnodar-adler","Межгород","Принять решение о заказе: Краснодар → Адлер, 350 км.","Ядро-кандидат","Предложение по содержанию","","География URL; частотность не измерена","P2","Базовая фраза / предложение; не полная кластеризация выдачи","evidence/pages/acaed8062af3533c.json"
"заказать минивэн Краснодар Адлер","https://zakazminivena.ru/routes/krasnodar-adler","Межгород","Принять решение о заказе: Краснодар → Адлер, 350 км.","Ядро-кандидат","Предложение по содержанию","","География URL; частотность не измерена","P2","Базовая фраза / предложение; не полная кластеризация выдачи","evidence/pages/acaed8062af3533c.json"
"минивэн краснодар симферополь","https://zakazminivena.ru/routes/krasnodar-simferopol","Межгород","Принять решение о заказе: Краснодар → Симферополь, 440 км.","Ядро-кандидат","Wordstat · 2026-09-16","11","Россия","P2","Базовая фраза / предложение; не полная кластеризация выдачи","evidence/wordstat/10.json"
"такси минивэн Краснодар Симферополь","https://zakazminivena.ru/routes/krasnodar-simferopol","Межгород","Принять решение о заказе: Краснодар → Симферополь, 440 км.","Ядро-кандидат","Предложение по содержанию","","География URL; частотность не измерена","P2","Базовая фраза / предложение; не полная кластеризация выдачи","evidence/pages/48cf249e322633f3.json"
"заказать минивэн Краснодар Симферополь","https://zakazminivena.ru/routes/krasnodar-simferopol","Межгород","Принять решение о заказе: Краснодар → Симферополь, 440 км.","Ядро-кандидат","Предложение по содержанию","","География URL; частотность не измерена","P2","Базовая фраза / предложение; не полная кластеризация выдачи","evidence/pages/48cf249e322633f3.json"
"аренда авто из краснодара в симферополь","https://zakazminivena.ru/routes/krasnodar-simferopol","Межгород","Принять решение о заказе: Краснодар → Симферополь, 440 км.","Ядро-кандидат","Вебмастер, архив 27.08","","География URL; частотность не измерена","P2","Базовая фраза / предложение; не полная кластеризация выдачи","evidence/pages/48cf249e322633f3.json"
"минивэн краснодар анапа","https://zakazminivena.ru/routes/krasnodar-anapa","Межгород","Принять решение о заказе: Краснодар → Анапа, 165 км.","Ядро-кандидат","Wordstat · 2026-09-16","44","Россия","P1","Базовая фраза / предложение; не полная кластеризация выдачи","evidence/wordstat/11.json"
"такси минивэн Краснодар Анапа","https://zakazminivena.ru/routes/krasnodar-anapa","Межгород","Принять решение о заказе: Краснодар → Анапа, 165 км.","Ядро-кандидат","Предложение по содержанию","","География URL; частотность не измерена","P1","Базовая фраза / предложение; не полная кластеризация выдачи","evidence/pages/c13de71fd37b2376.json"
"заказать минивэн Краснодар Анапа","https://zakazminivena.ru/routes/krasnodar-anapa","Межгород","Принять решение о заказе: Краснодар → Анапа, 165 км.","Ядро-кандидат","Предложение по содержанию","","География URL; частотность не измерена","P1","Базовая фраза / предложение; не полная кластеризация выдачи","evidence/pages/c13de71fd37b2376.json"
"минивэн краснодар геленджик","https://zakazminivena.ru/routes/krasnodar-gelendzhik","Межгород","Принять решение о заказе: Краснодар → Геленджик, 200 км.","Ядро-кандидат","Wordstat · 2026-09-16","26","Россия","P1","Базовая фраза / предложение; не полная кластеризация выдачи","evidence/wordstat/12.json"
"такси минивэн Краснодар Геленджик","https://zakazminivena.ru/routes/krasnodar-gelendzhik","Межгород","Принять решение о заказе: Краснодар → Геленджик, 200 км.","Ядро-кандидат","Предложение по содержанию","","География URL; частотность не измерена","P1","Базовая фраза / предложение; не полная кластеризация выдачи","evidence/pages/4f6536b9e05850b3.json"
"заказать минивэн Краснодар Геленджик","https://zakazminivena.ru/routes/krasnodar-gelendzhik","Межгород","Принять решение о заказе: Краснодар → Геленджик, 200 км.","Ядро-кандидат","Предложение по содержанию","","География URL; частотность не измерена","P1","Базовая фраза / предложение; не полная кластеризация выдачи","evidence/pages/4f6536b9e05850b3.json"
"минивэн краснодар новороссийск","https://zakazminivena.ru/routes/krasnodar-novorossiysk","Межгород","Принять решение о заказе: Краснодар → Новороссийск, 165 км.","Ядро-кандидат","Wordstat · 2026-09-16","16","Россия","P2","Базовая фраза / предложение; не полная кластеризация выдачи","evidence/wordstat/13.json"
"такси минивэн Краснодар Новороссийск","https://zakazminivena.ru/routes/krasnodar-novorossiysk","Межгород","Принять решение о заказе: Краснодар → Новороссийск, 165 км.","Ядро-кандидат","Предложение по содержанию","","География URL; частотность не измерена","P2","Базовая фраза / предложение; не полная кластеризация выдачи","evidence/pages/b4849df0f3b04a68.json"
"заказать минивэн Краснодар Новороссийск","https://zakazminivena.ru/routes/krasnodar-novorossiysk","Межгород","Принять решение о заказе: Краснодар → Новороссийск, 165 км.","Ядро-кандидат","Предложение по содержанию","","География URL; частотность не измерена","P2","Базовая фраза / предложение; не полная кластеризация выдачи","evidence/pages/b4849df0f3b04a68.json"
"минивэн краснодар ялта","https://zakazminivena.ru/routes/krasnodar-yalta","Межгород","Принять решение о заказе: Краснодар → Ялта, 500 км.","Ядро-кандидат","Wordstat · 2026-09-16","6","Россия","P2","Базовая фраза / предложение; не полная кластеризация выдачи","evidence/wordstat/14.json"
"такси минивэн Краснодар Ялта","https://zakazminivena.ru/routes/krasnodar-yalta","Межгород","Принять решение о заказе: Краснодар → Ялта, 500 км.","Ядро-кандидат","Предложение по содержанию","","География URL; частотность не измерена","P2","Базовая фраза / предложение; не полная кластеризация выдачи","evidence/pages/a57a201cc52150d9.json"
"заказать минивэн Краснодар Ялта","https://zakazminivena.ru/routes/krasnodar-yalta","Межгород","Принять решение о заказе: Краснодар → Ялта, 500 км.","Ядро-кандидат","Предложение по содержанию","","География URL; частотность не измерена","P2","Базовая фраза / предложение; не полная кластеризация выдачи","evidence/pages/a57a201cc52150d9.json"
"минивэн ростов краснодар","https://zakazminivena.ru/routes/rostov-krasnodar","Межгород","Принять решение о заказе: Ростов → Краснодар, 275 км.","Ядро-кандидат","Wordstat · 2026-09-16","36","Россия","P1","Базовая фраза / предложение; не полная кластеризация выдачи","evidence/wordstat/15.json"
"такси минивэн Ростов Краснодар","https://zakazminivena.ru/routes/rostov-krasnodar","Межгород","Принять решение о заказе: Ростов → Краснодар, 275 км.","Ядро-кандидат","Предложение по содержанию","","География URL; частотность не измерена","P1","Базовая фраза / предложение; не полная кластеризация выдачи","evidence/pages/a00b1f9c59827e89.json"
"заказать минивэн Ростов Краснодар","https://zakazminivena.ru/routes/rostov-krasnodar","Межгород","Принять решение о заказе: Ростов → Краснодар, 275 км.","Ядро-кандидат","Предложение по содержанию","","География URL; частотность не измерена","P1","Базовая фраза / предложение; не полная кластеризация выдачи","evidence/pages/a00b1f9c59827e89.json"
"минивэн в краснодар из ростова","https://zakazminivena.ru/routes/rostov-krasnodar","Межгород","Принять решение о заказе: Ростов → Краснодар, 275 км.","Ядро-кандидат","Вебмастер, архив 27.08","","География URL; частотность не измерена","P1","Базовая фраза / предложение; не полная кластеризация выдачи","evidence/pages/a00b1f9c59827e89.json"
"минивэн ростов сочи","https://zakazminivena.ru/routes/rostov-sochi","Межгород","Принять решение о заказе: Ростов → Сочи, 550 км.","Расширение","Wordstat · 2026-09-16","6","Россия","P2","Базовая фраза / предложение; не полная кластеризация выдачи","evidence/wordstat/16.json"
"такси минивэн Ростов Сочи","https://zakazminivena.ru/routes/rostov-sochi","Межгород","Принять решение о заказе: Ростов → Сочи, 550 км.","Расширение","Предложение по содержанию","","География URL; частотность не измерена","P2","Базовая фраза / предложение; не полная кластеризация выдачи","evidence/pages/fcebe7cd37bd6972.json"
"заказать минивэн Ростов Сочи","https://zakazminivena.ru/routes/rostov-sochi","Межгород","Принять решение о заказе: Ростов → Сочи, 550 км.","Расширение","Предложение по содержанию","","География URL; частотность не измерена","P2","Базовая фраза / предложение; не полная кластеризация выдачи","evidence/pages/fcebe7cd37bd6972.json"
"такси минивэн ростов сочи","https://zakazminivena.ru/routes/rostov-sochi","Межгород","Принять решение о заказе: Ростов → Сочи, 550 км.","Расширение","Вебмастер, архив 27.08","","География URL; частотность не измерена","P2","Базовая фраза / предложение; не полная кластеризация выдачи","evidence/pages/fcebe7cd37bd6972.json"
"минивэн ростов адлер","https://zakazminivena.ru/routes/rostov-adler","Межгород","Принять решение о заказе: Ростов → Адлер, 570 км.","Расширение","Предложение по содержанию","","Россия","P2","Базовая фраза / предложение; не полная кластеризация выдачи","evidence/wordstat/17.json"
"такси минивэн Ростов Адлер","https://zakazminivena.ru/routes/rostov-adler","Межгород","Принять решение о заказе: Ростов → Адлер, 570 км.","Расширение","Предложение по содержанию","","География URL; частотность не измерена","P2","Базовая фраза / предложение; не полная кластеризация выдачи","evidence/pages/dee42d8828d0e258.json"
"заказать минивэн Ростов Адлер","https://zakazminivena.ru/routes/rostov-adler","Межгород","Принять решение о заказе: Ростов → Адлер, 570 км.","Расширение","Предложение по содержанию","","География URL; частотность не измерена","P2","Базовая фраза / предложение; не полная кластеризация выдачи","evidence/pages/dee42d8828d0e258.json"
"минивэн ростов анапа","https://zakazminivena.ru/routes/rostov-anapa","Межгород","Принять решение о заказе: Ростов → Анапа, 430 км.","Ядро-кандидат","Wordstat · 2026-09-16","2","Россия","P2","Базовая фраза / предложение; не полная кластеризация выдачи","evidence/wordstat/18.json"
"такси минивэн Ростов Анапа","https://zakazminivena.ru/routes/rostov-anapa","Межгород","Принять решение о заказе: Ростов → Анапа, 430 км.","Ядро-кандидат","Предложение по содержанию","","География URL; частотность не измерена","P2","Базовая фраза / предложение; не полная кластеризация выдачи","evidence/pages/74600aab80dfb556.json"
"заказать минивэн Ростов Анапа","https://zakazminivena.ru/routes/rostov-anapa","Межгород","Принять решение о заказе: Ростов → Анапа, 430 км.","Ядро-кандидат","Предложение по содержанию","","География URL; частотность не измерена","P2","Базовая фраза / предложение; не полная кластеризация выдачи","evidence/pages/74600aab80dfb556.json"
"минивэн москва сочи","https://zakazminivena.ru/routes/moskva-sochi","Межгород","Принять решение о заказе: Москва → Сочи, 1650 км.","Расширение","Wordstat · 2026-09-16","85","Россия","P1","Базовая фраза / предложение; не полная кластеризация выдачи","evidence/wordstat/19.json"
"такси минивэн Москва Сочи","https://zakazminivena.ru/routes/moskva-sochi","Межгород","Принять решение о заказе: Москва → Сочи, 1650 км.","Расширение","Предложение по содержанию","","География URL; частотность не измерена","P1","Базовая фраза / предложение; не полная кластеризация выдачи","evidence/pages/6f5c42983d64879b.json"
"заказать минивэн Москва Сочи","https://zakazminivena.ru/routes/moskva-sochi","Межгород","Принять решение о заказе: Москва → Сочи, 1650 км.","Расширение","Предложение по содержанию","","География URL; частотность не измерена","P1","Базовая фраза / предложение; не полная кластеризация выдачи","evidence/pages/6f5c42983d64879b.json"
"минивэн минеральные воды домбай","https://zakazminivena.ru/routes/mineralnye-vody-dombay","Межгород","Принять решение о заказе: Минеральные Воды → Домбай, 200 км.","Ядро-кандидат","Предложение по содержанию","","Россия","P2","Базовая фраза / предложение; не полная кластеризация выдачи","evidence/wordstat/20.json"
"такси минивэн Минеральные Воды Домбай","https://zakazminivena.ru/routes/mineralnye-vody-dombay","Межгород","Принять решение о заказе: Минеральные Воды → Домбай, 200 км.","Ядро-кандидат","Предложение по содержанию","","География URL; частотность не измерена","P2","Базовая фраза / предложение; не полная кластеризация выдачи","evidence/pages/7bdd32aa77ab501c.json"
"заказать минивэн Минеральные Воды Домбай","https://zakazminivena.ru/routes/mineralnye-vody-dombay","Межгород","Принять решение о заказе: Минеральные Воды → Домбай, 200 км.","Ядро-кандидат","Предложение по содержанию","","География URL; частотность не измерена","P2","Базовая фраза / предложение; не полная кластеризация выдачи","evidence/pages/7bdd32aa77ab501c.json"
"минивэн минеральные воды кисловодск","https://zakazminivena.ru/routes/mineralnye-vody-kislovodsk","Межгород","Принять решение о заказе: Минеральные Воды → Кисловодск, 60 км.","Расширение","Wordstat · 2026-09-16","4","Россия","P2","Базовая фраза / предложение; не полная кластеризация выдачи","evidence/wordstat/21.json"
"такси минивэн Минеральные Воды Кисловодск","https://zakazminivena.ru/routes/mineralnye-vody-kislovodsk","Межгород","Принять решение о заказе: Минеральные Воды → Кисловодск, 60 км.","Расширение","Предложение по содержанию","","География URL; частотность не измерена","P2","Базовая фраза / предложение; не полная кластеризация выдачи","evidence/pages/471edf964d753468.json"
"заказать минивэн Минеральные Воды Кисловодск","https://zakazminivena.ru/routes/mineralnye-vody-kislovodsk","Межгород","Принять решение о заказе: Минеральные Воды → Кисловодск, 60 км.","Расширение","Предложение по содержанию","","География URL; частотность не измерена","P2","Базовая фраза / предложение; не полная кластеризация выдачи","evidence/pages/471edf964d753468.json"
"минивэн минеральные воды пятигорск","https://zakazminivena.ru/routes/mineralnye-vody-pyatigorsk","Межгород","Принять решение о заказе: Минеральные Воды → Пятигорск, 25 км.","Расширение","Wordstat · 2026-09-16","1","Россия","P2","Базовая фраза / предложение; не полная кластеризация выдачи","evidence/wordstat/22.json"
"такси минивэн Минеральные Воды Пятигорск","https://zakazminivena.ru/routes/mineralnye-vody-pyatigorsk","Межгород","Принять решение о заказе: Минеральные Воды → Пятигорск, 25 км.","Расширение","Предложение по содержанию","","География URL; частотность не измерена","P2","Базовая фраза / предложение; не полная кластеризация выдачи","evidence/pages/6aba7b6c0cb0dc34.json"
"заказать минивэн Минеральные Воды Пятигорск","https://zakazminivena.ru/routes/mineralnye-vody-pyatigorsk","Межгород","Принять решение о заказе: Минеральные Воды → Пятигорск, 25 км.","Расширение","Предложение по содержанию","","География URL; частотность не измерена","P2","Базовая фраза / предложение; не полная кластеризация выдачи","evidence/pages/6aba7b6c0cb0dc34.json"
"минивэн минеральные воды нальчик","https://zakazminivena.ru/routes/mineralnye-vody-nalchik","Межгород","Принять решение о заказе: Минеральные Воды → Нальчик, 80 км.","Расширение","Wordstat · 2026-09-16","2","Россия","P2","Базовая фраза / предложение; не полная кластеризация выдачи","evidence/wordstat/23.json"
"такси минивэн Минеральные Воды Нальчик","https://zakazminivena.ru/routes/mineralnye-vody-nalchik","Межгород","Принять решение о заказе: Минеральные Воды → Нальчик, 80 км.","Расширение","Предложение по содержанию","","География URL; частотность не измерена","P2","Базовая фраза / предложение; не полная кластеризация выдачи","evidence/pages/efd18a9f2d098e72.json"
"заказать минивэн Минеральные Воды Нальчик","https://zakazminivena.ru/routes/mineralnye-vody-nalchik","Межгород","Принять решение о заказе: Минеральные Воды → Нальчик, 80 км.","Расширение","Предложение по содержанию","","География URL; частотность не измерена","P2","Базовая фраза / предложение; не полная кластеризация выдачи","evidence/pages/efd18a9f2d098e72.json"
"минеральные воды нальчик такси цены","https://zakazminivena.ru/routes/mineralnye-vody-nalchik","Межгород","Принять решение о заказе: Минеральные Воды → Нальчик, 80 км.","Расширение","Вебмастер, архив 27.08","","География URL; частотность не измерена","P2","Базовая фраза / предложение; не полная кластеризация выдачи","evidence/pages/efd18a9f2d098e72.json"
"минивэн казань самара","https://zakazminivena.ru/routes/kazan-samara","Межгород","Принять решение о заказе: Казань → Самара, 375 км.","Ядро-кандидат","Wordstat · 2026-09-16","67","Россия","P1","Базовая фраза / предложение; не полная кластеризация выдачи","evidence/wordstat/24.json"
"такси минивэн Казань Самара","https://zakazminivena.ru/routes/kazan-samara","Межгород","Принять решение о заказе: Казань → Самара, 375 км.","Ядро-кандидат","Предложение по содержанию","","География URL; частотность не измерена","P1","Базовая фраза / предложение; не полная кластеризация выдачи","evidence/pages/930ed8c3f168f2ae.json"
"заказать минивэн Казань Самара","https://zakazminivena.ru/routes/kazan-samara","Межгород","Принять решение о заказе: Казань → Самара, 375 км.","Ядро-кандидат","Предложение по содержанию","","География URL; частотность не измерена","P1","Базовая фраза / предложение; не полная кластеризация выдачи","evidence/pages/930ed8c3f168f2ae.json"
"казань самара минивэн","https://zakazminivena.ru/routes/kazan-samara","Межгород","Принять решение о заказе: Казань → Самара, 375 км.","Ядро-кандидат","Вебмастер, архив 27.08","","География URL; частотность не измерена","P1","Базовая фраза / предложение; не полная кластеризация выдачи","evidence/pages/930ed8c3f168f2ae.json"
"минивэн казань самара","https://zakazminivena.ru/routes/samara-kazan","Межгород","Принять решение о заказе: Самара → Казань, 365 км.","Ядро-кандидат","Wordstat · 2026-09-16","67","Россия","P1","Базовая фраза / предложение; не полная кластеризация выдачи","evidence/wordstat/24.json"
"такси минивэн Самара Казань","https://zakazminivena.ru/routes/samara-kazan","Межгород","Принять решение о заказе: Самара → Казань, 365 км.","Ядро-кандидат","Предложение по содержанию","","География URL; частотность не измерена","P1","Базовая фраза / предложение; не полная кластеризация выдачи","evidence/pages/3eaf017a6fcae944.json"
"заказать минивэн Самара Казань","https://zakazminivena.ru/routes/samara-kazan","Межгород","Принять решение о заказе: Самара → Казань, 365 км.","Ядро-кандидат","Предложение по содержанию","","География URL; частотность не измерена","P1","Базовая фраза / предложение; не полная кластеризация выдачи","evidence/pages/3eaf017a6fcae944.json"
"минивэн самара казань","https://zakazminivena.ru/routes/samara-kazan","Межгород","Принять решение о заказе: Самара → Казань, 365 км.","Ядро-кандидат","Вебмастер, архив 27.08","","География URL; частотность не измерена","P1","Базовая фраза / предложение; не полная кластеризация выдачи","evidence/pages/3eaf017a6fcae944.json"
"минивэн екатеринбург челябинск","https://zakazminivena.ru/routes/ekaterinburg-chelyabinsk","Межгород","Принять решение о заказе: Екатеринбург → Челябинск, 210 км.","Ядро-кандидат","Wordstat · 2026-09-16","30","Россия","P1","Базовая фраза / предложение; не полная кластеризация выдачи","evidence/wordstat/25.json"
"такси минивэн Екатеринбург Челябинск","https://zakazminivena.ru/routes/ekaterinburg-chelyabinsk","Межгород","Принять решение о заказе: Екатеринбург → Челябинск, 210 км.","Ядро-кандидат","Предложение по содержанию","","География URL; частотность не измерена","P1","Базовая фраза / предложение; не полная кластеризация выдачи","evidence/pages/4e2778321f1a7ed4.json"
"заказать минивэн Екатеринбург Челябинск","https://zakazminivena.ru/routes/ekaterinburg-chelyabinsk","Межгород","Принять решение о заказе: Екатеринбург → Челябинск, 210 км.","Ядро-кандидат","Предложение по содержанию","","География URL; частотность не измерена","P1","Базовая фраза / предложение; не полная кластеризация выдачи","evidence/pages/4e2778321f1a7ed4.json"
"групповой трансфер из екатеринбурга в челябинск","https://zakazminivena.ru/routes/ekaterinburg-chelyabinsk","Межгород","Принять решение о заказе: Екатеринбург → Челябинск, 210 км.","Ядро-кандидат","Вебмастер, архив 27.08","","География URL; частотность не измерена","P1","Базовая фраза / предложение; не полная кластеризация выдачи","evidence/pages/4e2778321f1a7ed4.json"
"минивэн екатеринбург челябинск","https://zakazminivena.ru/routes/chelyabinsk-ekaterinburg","Межгород","Принять решение о заказе: Челябинск → Екатеринбург, 210 км.","Ядро-кандидат","Wordstat · 2026-09-16","30","Россия","P1","Базовая фраза / предложение; не полная кластеризация выдачи","evidence/wordstat/25.json"
"такси минивэн Челябинск Екатеринбург","https://zakazminivena.ru/routes/chelyabinsk-ekaterinburg","Межгород","Принять решение о заказе: Челябинск → Екатеринбург, 210 км.","Ядро-кандидат","Предложение по содержанию","","География URL; частотность не измерена","P1","Базовая фраза / предложение; не полная кластеризация выдачи","evidence/pages/225baf379c9774f5.json"
"заказать минивэн Челябинск Екатеринбург","https://zakazminivena.ru/routes/chelyabinsk-ekaterinburg","Межгород","Принять решение о заказе: Челябинск → Екатеринбург, 210 км.","Ядро-кандидат","Предложение по содержанию","","География URL; частотность не измерена","P1","Базовая фраза / предложение; не полная кластеризация выдачи","evidence/pages/225baf379c9774f5.json"
"минивэн челябинск екатеринбург","https://zakazminivena.ru/routes/chelyabinsk-ekaterinburg","Межгород","Принять решение о заказе: Челябинск → Екатеринбург, 210 км.","Ядро-кандидат","Wordstat · наблюдаемая фраза 15.09","30","Россия","P1","Два города совпали; направление по словам предварительное, широкая частотность общая; назначение URL — гипотеза, не результат полной кластеризации SERP","evidence/wordstat-previous/wordstat-12.json"
"минивэн екатеринбург тюмень","https://zakazminivena.ru/routes/ekaterinburg-tyumen","Межгород","Принять решение о заказе: Екатеринбург → Тюмень, 330 км.","Ядро-кандидат","Wordstat · 2026-09-16","13","Россия","P1","Базовая фраза / предложение; не полная кластеризация выдачи","evidence/wordstat/26.json"
"такси минивэн Екатеринбург Тюмень","https://zakazminivena.ru/routes/ekaterinburg-tyumen","Межгород","Принять решение о заказе: Екатеринбург → Тюмень, 330 км.","Ядро-кандидат","Предложение по содержанию","","География URL; частотность не измерена","P1","Базовая фраза / предложение; не полная кластеризация выдачи","evidence/pages/0b61a968d2f575ae.json"
"заказать минивэн Екатеринбург Тюмень","https://zakazminivena.ru/routes/ekaterinburg-tyumen","Межгород","Принять решение о заказе: Екатеринбург → Тюмень, 330 км.","Ядро-кандидат","Предложение по содержанию","","География URL; частотность не измерена","P1","Базовая фраза / предложение; не полная кластеризация выдачи","evidence/pages/0b61a968d2f575ae.json"
"такси минивэн екатеринбург до тюмени и обратно цена","https://zakazminivena.ru/routes/ekaterinburg-tyumen","Межгород","Принять решение о заказе: Екатеринбург → Тюмень, 330 км.","Ядро-кандидат","Вебмастер, архив 27.08","","География URL; частотность не измерена","P1","Базовая фраза / предложение; не полная кластеризация выдачи","evidence/pages/0b61a968d2f575ae.json"
"минивэн екатеринбург тюмень","https://zakazminivena.ru/routes/tyumen-ekaterinburg","Межгород","Принять решение о заказе: Тюмень → Екатеринбург, 330 км.","Ядро-кандидат","Wordstat · 2026-09-16","13","Россия","P2","Базовая фраза / предложение; не полная кластеризация выдачи","evidence/wordstat/26.json"
"такси минивэн Тюмень Екатеринбург","https://zakazminivena.ru/routes/tyumen-ekaterinburg","Межгород","Принять решение о заказе: Тюмень → Екатеринбург, 330 км.","Ядро-кандидат","Предложение по содержанию","","География URL; частотность не измерена","P2","Базовая фраза / предложение; не полная кластеризация выдачи","evidence/pages/6724047da3d87546.json"
"заказать минивэн Тюмень Екатеринбург","https://zakazminivena.ru/routes/tyumen-ekaterinburg","Межгород","Принять решение о заказе: Тюмень → Екатеринбург, 330 км.","Ядро-кандидат","Предложение по содержанию","","География URL; частотность не измерена","P2","Базовая фраза / предложение; не полная кластеризация выдачи","evidence/pages/6724047da3d87546.json"
"услуга трансфер тюмень екатеринбург","https://zakazminivena.ru/routes/tyumen-ekaterinburg","Межгород","Принять решение о заказе: Тюмень → Екатеринбург, 330 км.","Ядро-кандидат","Вебмастер, архив 27.08","","География URL; частотность не измерена","P2","Базовая фраза / предложение; не полная кластеризация выдачи","evidence/pages/6724047da3d87546.json"
"минивэн екатеринбург пермь","https://zakazminivena.ru/routes/ekaterinburg-perm","Межгород","Принять решение о заказе: Екатеринбург → Пермь, 360 км.","Ядро-кандидат","Wordstat · 2026-09-16","6","Россия","P2","Базовая фраза / предложение; не полная кластеризация выдачи","evidence/wordstat/27.json"
"такси минивэн Екатеринбург Пермь","https://zakazminivena.ru/routes/ekaterinburg-perm","Межгород","Принять решение о заказе: Екатеринбург → Пермь, 360 км.","Ядро-кандидат","Предложение по содержанию","","География URL; частотность не измерена","P2","Базовая фраза / предложение; не полная кластеризация выдачи","evidence/pages/29e90580b73e335f.json"
"заказать минивэн Екатеринбург Пермь","https://zakazminivena.ru/routes/ekaterinburg-perm","Межгород","Принять решение о заказе: Екатеринбург → Пермь, 360 км.","Ядро-кандидат","Предложение по содержанию","","География URL; частотность не измерена","P2","Базовая фраза / предложение; не полная кластеризация выдачи","evidence/pages/29e90580b73e335f.json"
"минивэн екатеринбург курган","https://zakazminivena.ru/routes/ekaterinburg-kurgan","Межгород","Принять решение о заказе: Екатеринбург → Курган, 365 км.","Ядро-кандидат","Предложение по содержанию","","Россия","P2","Базовая фраза / предложение; не полная кластеризация выдачи","evidence/wordstat/28.json"
"такси минивэн Екатеринбург Курган","https://zakazminivena.ru/routes/ekaterinburg-kurgan","Межгород","Принять решение о заказе: Екатеринбург → Курган, 365 км.","Ядро-кандидат","Предложение по содержанию","","География URL; частотность не измерена","P2","Базовая фраза / предложение; не полная кластеризация выдачи","evidence/pages/118b9cbe77e0ee6e.json"
"заказать минивэн Екатеринбург Курган","https://zakazminivena.ru/routes/ekaterinburg-kurgan","Межгород","Принять решение о заказе: Екатеринбург → Курган, 365 км.","Ядро-кандидат","Предложение по содержанию","","География URL; частотность не измерена","P2","Базовая фраза / предложение; не полная кластеризация выдачи","evidence/pages/118b9cbe77e0ee6e.json"
"минивэн казань нижний новгород","https://zakazminivena.ru/routes/kazan-nizhniy-novgorod","Межгород","Принять решение о заказе: Казань → Нижний Новгород, 420 км.","Ядро-кандидат","Wordstat · 2026-09-16","6","Россия","P1","Базовая фраза / предложение; не полная кластеризация выдачи","evidence/wordstat/29.json"
"такси минивэн Казань Нижний Новгород","https://zakazminivena.ru/routes/kazan-nizhniy-novgorod","Межгород","Принять решение о заказе: Казань → Нижний Новгород, 420 км.","Ядро-кандидат","Предложение по содержанию","","География URL; частотность не измерена","P1","Базовая фраза / предложение; не полная кластеризация выдачи","evidence/pages/17ea1132f4d2f67e.json"
"заказать минивэн Казань Нижний Новгород","https://zakazminivena.ru/routes/kazan-nizhniy-novgorod","Межгород","Принять решение о заказе: Казань → Нижний Новгород, 420 км.","Ядро-кандидат","Предложение по содержанию","","География URL; частотность не измерена","P1","Базовая фраза / предложение; не полная кластеризация выдачи","evidence/pages/17ea1132f4d2f67e.json"
"казань нижний новгород на минивэне","https://zakazminivena.ru/routes/kazan-nizhniy-novgorod","Межгород","Принять решение о заказе: Казань → Нижний Новгород, 420 км.","Ядро-кандидат","Вебмастер, архив 27.08","","География URL; частотность не измерена","P1","Базовая фраза / предложение; не полная кластеризация выдачи","evidence/pages/17ea1132f4d2f67e.json"
"минивэн казань нижний новгород","https://zakazminivena.ru/routes/nizhniy-novgorod-kazan","Межгород","Принять решение о заказе: Нижний Новгород → Казань, 390 км.","Ядро-кандидат","Wordstat · 2026-09-16","6","Россия","P2","Базовая фраза / предложение; не полная кластеризация выдачи","evidence/wordstat/29.json"
"такси минивэн Нижний Новгород Казань","https://zakazminivena.ru/routes/nizhniy-novgorod-kazan","Межгород","Принять решение о заказе: Нижний Новгород → Казань, 390 км.","Ядро-кандидат","Предложение по содержанию","","География URL; частотность не измерена","P2","Базовая фраза / предложение; не полная кластеризация выдачи","evidence/pages/933a0451d4375d14.json"
"заказать минивэн Нижний Новгород Казань","https://zakazminivena.ru/routes/nizhniy-novgorod-kazan","Межгород","Принять решение о заказе: Нижний Новгород → Казань, 390 км.","Ядро-кандидат","Предложение по содержанию","","География URL; частотность не измерена","P2","Базовая фраза / предложение; не полная кластеризация выдачи","evidence/pages/933a0451d4375d14.json"
"минивены нижний новгород казань","https://zakazminivena.ru/routes/nizhniy-novgorod-kazan","Межгород","Принять решение о заказе: Нижний Новгород → Казань, 390 км.","Ядро-кандидат","Вебмастер, архив 27.08","","География URL; частотность не измерена","P2","Базовая фраза / предложение; не полная кластеризация выдачи","evidence/pages/933a0451d4375d14.json"
"минивэн казань екатеринбург","https://zakazminivena.ru/routes/kazan-ekaterinburg","Межгород","Принять решение о заказе: Казань → Екатеринбург, 865 км.","Расширение","Wordstat · 2026-09-16","1","Россия","P2","Базовая фраза / предложение; не полная кластеризация выдачи","evidence/wordstat/30.json"
"такси минивэн Казань Екатеринбург","https://zakazminivena.ru/routes/kazan-ekaterinburg","Межгород","Принять решение о заказе: Казань → Екатеринбург, 865 км.","Расширение","Предложение по содержанию","","География URL; частотность не измерена","P2","Базовая фраза / предложение; не полная кластеризация выдачи","evidence/pages/00f45dfee145e092.json"
"заказать минивэн Казань Екатеринбург","https://zakazminivena.ru/routes/kazan-ekaterinburg","Межгород","Принять решение о заказе: Казань → Екатеринбург, 865 км.","Расширение","Предложение по содержанию","","География URL; частотность не измерена","P2","Базовая фраза / предложение; не полная кластеризация выдачи","evidence/pages/00f45dfee145e092.json"
"минивэн москва санкт-петербург","https://zakazminivena.ru/routes/moskva-spb","Межгород","Принять решение о заказе: Москва → Санкт-Петербург, 700 км.","Расширение","Wordstat · 2026-09-16","61","Россия","P1","Базовая фраза / предложение; не полная кластеризация выдачи","evidence/wordstat/31.json"
"такси минивэн Москва Санкт-Петербург","https://zakazminivena.ru/routes/moskva-spb","Межгород","Принять решение о заказе: Москва → Санкт-Петербург, 700 км.","Расширение","Предложение по содержанию","","География URL; частотность не измерена","P1","Базовая фраза / предложение; не полная кластеризация выдачи","evidence/pages/abcaf6296e22ad95.json"
"заказать минивэн Москва Санкт-Петербург","https://zakazminivena.ru/routes/moskva-spb","Межгород","Принять решение о заказе: Москва → Санкт-Петербург, 700 км.","Расширение","Предложение по содержанию","","География URL; частотность не измерена","P1","Базовая фраза / предложение; не полная кластеризация выдачи","evidence/pages/abcaf6296e22ad95.json"
"минивэн москва спб","https://zakazminivena.ru/routes/moskva-spb","Межгород","Принять решение о заказе: Москва → Санкт-Петербург, 700 км.","Расширение","Вебмастер, архив 27.08","","География URL; частотность не измерена","P1","Базовая фраза / предложение; не полная кластеризация выдачи","evidence/pages/abcaf6296e22ad95.json"
"минивэн москва санкт-петербург","https://zakazminivena.ru/routes/spb-moskva","Межгород","Принять решение о заказе: Санкт-Петербург → Москва, 705 км.","Расширение","Wordstat · 2026-09-16","61","Россия","P1","Базовая фраза / предложение; не полная кластеризация выдачи","evidence/wordstat/31.json"
"такси минивэн Санкт-Петербург Москва","https://zakazminivena.ru/routes/spb-moskva","Межгород","Принять решение о заказе: Санкт-Петербург → Москва, 705 км.","Расширение","Предложение по содержанию","","География URL; частотность не измерена","P1","Базовая фраза / предложение; не полная кластеризация выдачи","evidence/pages/13670085bffae5d5.json"
"заказать минивэн Санкт-Петербург Москва","https://zakazminivena.ru/routes/spb-moskva","Межгород","Принять решение о заказе: Санкт-Петербург → Москва, 705 км.","Расширение","Предложение по содержанию","","География URL; частотность не измерена","P1","Базовая фраза / предложение; не полная кластеризация выдачи","evidence/pages/13670085bffae5d5.json"
"в москву на минивене","https://zakazminivena.ru/routes/spb-moskva","Межгород","Принять решение о заказе: Санкт-Петербург → Москва, 705 км.","Расширение","Вебмастер, архив 27.08","","География URL; частотность не измерена","P1","Базовая фраза / предложение; не полная кластеризация выдачи","evidence/pages/13670085bffae5d5.json"
"минивэн москва нижний новгород","https://zakazminivena.ru/routes/moskva-nizhniy-novgorod","Межгород","Принять решение о заказе: Москва → Нижний Новгород, 460 км.","Ядро-кандидат","Wordstat · 2026-09-16","15","Россия","P1","Базовая фраза / предложение; не полная кластеризация выдачи","evidence/wordstat/32.json"
"такси минивэн Москва Нижний Новгород","https://zakazminivena.ru/routes/moskva-nizhniy-novgorod","Межгород","Принять решение о заказе: Москва → Нижний Новгород, 460 км.","Ядро-кандидат","Предложение по содержанию","","География URL; частотность не измерена","P1","Базовая фраза / предложение; не полная кластеризация выдачи","evidence/pages/6002058d661ee5ac.json"
"заказать минивэн Москва Нижний Новгород","https://zakazminivena.ru/routes/moskva-nizhniy-novgorod","Межгород","Принять решение о заказе: Москва → Нижний Новгород, 460 км.","Ядро-кандидат","Предложение по содержанию","","География URL; частотность не измерена","P1","Базовая фраза / предложение; не полная кластеризация выдачи","evidence/pages/6002058d661ee5ac.json"
"такси минивэн из москвы в нижний новгород","https://zakazminivena.ru/routes/moskva-nizhniy-novgorod","Межгород","Принять решение о заказе: Москва → Нижний Новгород, 460 км.","Ядро-кандидат","Вебмастер, архив 27.08","","География URL; частотность не измерена","P1","Базовая фраза / предложение; не полная кластеризация выдачи","evidence/pages/6002058d661ee5ac.json"
"минивэн москва нижний новгород","https://zakazminivena.ru/routes/nizhniy-novgorod-moskva","Межгород","Принять решение о заказе: Нижний Новгород → Москва, 440 км.","Ядро-кандидат","Wordstat · 2026-09-16","15","Россия","P2","Базовая фраза / предложение; не полная кластеризация выдачи","evidence/wordstat/32.json"
"такси минивэн Нижний Новгород Москва","https://zakazminivena.ru/routes/nizhniy-novgorod-moskva","Межгород","Принять решение о заказе: Нижний Новгород → Москва, 440 км.","Ядро-кандидат","Предложение по содержанию","","География URL; частотность не измерена","P2","Базовая фраза / предложение; не полная кластеризация выдачи","evidence/pages/ac566c9db9b0d647.json"
"заказать минивэн Нижний Новгород Москва","https://zakazminivena.ru/routes/nizhniy-novgorod-moskva","Межгород","Принять решение о заказе: Нижний Новгород → Москва, 440 км.","Ядро-кандидат","Предложение по содержанию","","География URL; частотность не измерена","P2","Базовая фраза / предложение; не полная кластеризация выдачи","evidence/pages/ac566c9db9b0d647.json"
"минивэн москва воронеж","https://zakazminivena.ru/routes/moskva-voronezh","Межгород","Принять решение о заказе: Москва → Воронеж, 515 км.","Расширение","Wordstat · 2026-09-16","17","Россия","P2","Базовая фраза / предложение; не полная кластеризация выдачи","evidence/wordstat/33.json"
"такси минивэн Москва Воронеж","https://zakazminivena.ru/routes/moskva-voronezh","Межгород","Принять решение о заказе: Москва → Воронеж, 515 км.","Расширение","Предложение по содержанию","","География URL; частотность не измерена","P2","Базовая фраза / предложение; не полная кластеризация выдачи","evidence/pages/e3941051992afa92.json"
"заказать минивэн Москва Воронеж","https://zakazminivena.ru/routes/moskva-voronezh","Межгород","Принять решение о заказе: Москва → Воронеж, 515 км.","Расширение","Предложение по содержанию","","География URL; частотность не измерена","P2","Базовая фраза / предложение; не полная кластеризация выдачи","evidence/pages/e3941051992afa92.json"
"минивэн москва воронеж","https://zakazminivena.ru/routes/voronezh-moskva","Межгород","Принять решение о заказе: Воронеж → Москва, 515 км.","Расширение","Wordstat · 2026-09-16","17","Россия","P1","Базовая фраза / предложение; не полная кластеризация выдачи","evidence/wordstat/33.json"
"такси минивэн Воронеж Москва","https://zakazminivena.ru/routes/voronezh-moskva","Межгород","Принять решение о заказе: Воронеж → Москва, 515 км.","Расширение","Предложение по содержанию","","География URL; частотность не измерена","P1","Базовая фраза / предложение; не полная кластеризация выдачи","evidence/pages/bb2697f560745bb1.json"
"заказать минивэн Воронеж Москва","https://zakazminivena.ru/routes/voronezh-moskva","Межгород","Принять решение о заказе: Воронеж → Москва, 515 км.","Расширение","Предложение по содержанию","","География URL; частотность не измерена","P1","Базовая фраза / предложение; не полная кластеризация выдачи","evidence/pages/bb2697f560745bb1.json"
"такси минивэн с воронежа в москву","https://zakazminivena.ru/routes/voronezh-moskva","Межгород","Принять решение о заказе: Воронеж → Москва, 515 км.","Расширение","Вебмастер, архив 27.08","","География URL; частотность не измерена","P1","Базовая фраза / предложение; не полная кластеризация выдачи","evidence/pages/bb2697f560745bb1.json"
"минивэн москва казань","https://zakazminivena.ru/routes/moskva-kazan","Межгород","Принять решение о заказе: Москва → Казань, 805 км.","Расширение","Wordstat · 2026-09-16","53","Россия","P1","Базовая фраза / предложение; не полная кластеризация выдачи","evidence/wordstat/34.json"
"такси минивэн Москва Казань","https://zakazminivena.ru/routes/moskva-kazan","Межгород","Принять решение о заказе: Москва → Казань, 805 км.","Расширение","Предложение по содержанию","","География URL; частотность не измерена","P1","Базовая фраза / предложение; не полная кластеризация выдачи","evidence/pages/19f3690e0635960c.json"
"заказать минивэн Москва Казань","https://zakazminivena.ru/routes/moskva-kazan","Межгород","Принять решение о заказе: Москва → Казань, 805 км.","Расширение","Предложение по содержанию","","География URL; частотность не измерена","P1","Базовая фраза / предложение; не полная кластеризация выдачи","evidence/pages/19f3690e0635960c.json"
"минивэн москва казань","https://zakazminivena.ru/routes/kazan-moskva","Межгород","Принять решение о заказе: Казань → Москва, 810 км.","Расширение","Wordstat · 2026-09-16","53","Россия","P1","Базовая фраза / предложение; не полная кластеризация выдачи","evidence/wordstat/34.json"
"такси минивэн Казань Москва","https://zakazminivena.ru/routes/kazan-moskva","Межгород","Принять решение о заказе: Казань → Москва, 810 км.","Расширение","Предложение по содержанию","","География URL; частотность не измерена","P1","Базовая фраза / предложение; не полная кластеризация выдачи","evidence/pages/24abb2554bd71e0a.json"
"заказать минивэн Казань Москва","https://zakazminivena.ru/routes/kazan-moskva","Межгород","Принять решение о заказе: Казань → Москва, 810 км.","Расширение","Предложение по содержанию","","География URL; частотность не измерена","P1","Базовая фраза / предложение; не полная кластеризация выдачи","evidence/pages/24abb2554bd71e0a.json"
"доехать на минивене из казани в москву","https://zakazminivena.ru/routes/kazan-moskva","Межгород","Принять решение о заказе: Казань → Москва, 810 км.","Расширение","Вебмастер, архив 27.08","","География URL; частотность не измерена","P1","Базовая фраза / предложение; не полная кластеризация выдачи","evidence/pages/24abb2554bd71e0a.json"
"минивэн москва ярославль","https://zakazminivena.ru/routes/moskva-yaroslavl","Межгород","Принять решение о заказе: Москва → Ярославль, 265 км.","Ядро-кандидат","Wordstat · 2026-09-16","14","Россия","P2","Базовая фраза / предложение; не полная кластеризация выдачи","evidence/wordstat/35.json"
"такси минивэн Москва Ярославль","https://zakazminivena.ru/routes/moskva-yaroslavl","Межгород","Принять решение о заказе: Москва → Ярославль, 265 км.","Ядро-кандидат","Предложение по содержанию","","География URL; частотность не измерена","P2","Базовая фраза / предложение; не полная кластеризация выдачи","evidence/pages/3890f98c94588e73.json"
"заказать минивэн Москва Ярославль","https://zakazminivena.ru/routes/moskva-yaroslavl","Межгород","Принять решение о заказе: Москва → Ярославль, 265 км.","Ядро-кандидат","Предложение по содержанию","","География URL; частотность не измерена","P2","Базовая фраза / предложение; не полная кластеризация выдачи","evidence/pages/3890f98c94588e73.json"
"москва ярославль минивэн заказ","https://zakazminivena.ru/routes/moskva-yaroslavl","Межгород","Принять решение о заказе: Москва → Ярославль, 265 км.","Ядро-кандидат","Вебмастер, архив 27.08","","География URL; частотность не измерена","P2","Базовая фраза / предложение; не полная кластеризация выдачи","evidence/pages/3890f98c94588e73.json"
"минивэн москва ярославль","https://zakazminivena.ru/routes/yaroslavl-moskva","Межгород","Принять решение о заказе: Ярославль → Москва, 265 км.","Ядро-кандидат","Wordstat · 2026-09-16","14","Россия","P2","Базовая фраза / предложение; не полная кластеризация выдачи","evidence/wordstat/35.json"
"такси минивэн Ярославль Москва","https://zakazminivena.ru/routes/yaroslavl-moskva","Межгород","Принять решение о заказе: Ярославль → Москва, 265 км.","Ядро-кандидат","Предложение по содержанию","","География URL; частотность не измерена","P2","Базовая фраза / предложение; не полная кластеризация выдачи","evidence/pages/859c497896e1c4e7.json"
"заказать минивэн Ярославль Москва","https://zakazminivena.ru/routes/yaroslavl-moskva","Межгород","Принять решение о заказе: Ярославль → Москва, 265 км.","Ядро-кандидат","Предложение по содержанию","","География URL; частотность не измерена","P2","Базовая фраза / предложение; не полная кластеризация выдачи","evidence/pages/859c497896e1c4e7.json"
"минивэн москва суздаль","https://zakazminivena.ru/routes/moskva-suzdal","Межгород","Принять решение о заказе: Москва → Суздаль, 230 км.","Ядро-кандидат","Wordstat · 2026-09-16","7","Россия","P1","Базовая фраза / предложение; не полная кластеризация выдачи","evidence/wordstat/36.json"
"такси минивэн Москва Суздаль","https://zakazminivena.ru/routes/moskva-suzdal","Межгород","Принять решение о заказе: Москва → Суздаль, 230 км.","Ядро-кандидат","Предложение по содержанию","","География URL; частотность не измерена","P1","Базовая фраза / предложение; не полная кластеризация выдачи","evidence/pages/e32fdf71720f2ebb.json"
"заказать минивэн Москва Суздаль","https://zakazminivena.ru/routes/moskva-suzdal","Межгород","Принять решение о заказе: Москва → Суздаль, 230 км.","Ядро-кандидат","Предложение по содержанию","","География URL; частотность не измерена","P1","Базовая фраза / предложение; не полная кластеризация выдачи","evidence/pages/e32fdf71720f2ebb.json"
"минивены в суздаль из москвы","https://zakazminivena.ru/routes/moskva-suzdal","Межгород","Принять решение о заказе: Москва → Суздаль, 230 км.","Ядро-кандидат","Вебмастер, архив 27.08","","География URL; частотность не измерена","P1","Базовая фраза / предложение; не полная кластеризация выдачи","evidence/pages/e32fdf71720f2ebb.json"
"минивэн москва владимир","https://zakazminivena.ru/routes/moskva-vladimir","Межгород","Принять решение о заказе: Москва → Владимир, 185 км.","Ядро-кандидат","Wordstat · 2026-09-16","3","Россия","P2","Базовая фраза / предложение; не полная кластеризация выдачи","evidence/wordstat/37.json"
"такси минивэн Москва Владимир","https://zakazminivena.ru/routes/moskva-vladimir","Межгород","Принять решение о заказе: Москва → Владимир, 185 км.","Ядро-кандидат","Предложение по содержанию","","География URL; частотность не измерена","P2","Базовая фраза / предложение; не полная кластеризация выдачи","evidence/pages/f18acb9922638b22.json"
"заказать минивэн Москва Владимир","https://zakazminivena.ru/routes/moskva-vladimir","Межгород","Принять решение о заказе: Москва → Владимир, 185 км.","Ядро-кандидат","Предложение по содержанию","","География URL; частотность не измерена","P2","Базовая фраза / предложение; не полная кластеризация выдачи","evidence/pages/f18acb9922638b22.json"
"минивэн москва тверь","https://zakazminivena.ru/routes/moskva-tver","Межгород","Принять решение о заказе: Москва → Тверь, 165 км.","Ядро-кандидат","Wordstat · 2026-09-16","23","Россия","P1","Базовая фраза / предложение; не полная кластеризация выдачи","evidence/wordstat/38.json"
"такси минивэн Москва Тверь","https://zakazminivena.ru/routes/moskva-tver","Межгород","Принять решение о заказе: Москва → Тверь, 165 км.","Ядро-кандидат","Предложение по содержанию","","География URL; частотность не измерена","P1","Базовая фраза / предложение; не полная кластеризация выдачи","evidence/pages/a8d581d900864957.json"
"заказать минивэн Москва Тверь","https://zakazminivena.ru/routes/moskva-tver","Межгород","Принять решение о заказе: Москва → Тверь, 165 км.","Ядро-кандидат","Предложение по содержанию","","География URL; частотность не измерена","P1","Базовая фраза / предложение; не полная кластеризация выдачи","evidence/pages/a8d581d900864957.json"
"минивэн москва тула","https://zakazminivena.ru/routes/moskva-tula","Межгород","Принять решение о заказе: Москва → Тула, 185 км.","Ядро-кандидат","Wordstat · 2026-09-16","15","Россия","P2","Базовая фраза / предложение; не полная кластеризация выдачи","evidence/wordstat/39.json"
"такси минивэн Москва Тула","https://zakazminivena.ru/routes/moskva-tula","Межгород","Принять решение о заказе: Москва → Тула, 185 км.","Ядро-кандидат","Предложение по содержанию","","География URL; частотность не измерена","P2","Базовая фраза / предложение; не полная кластеризация выдачи","evidence/pages/fd617a666d56b961.json"
"заказать минивэн Москва Тула","https://zakazminivena.ru/routes/moskva-tula","Межгород","Принять решение о заказе: Москва → Тула, 185 км.","Ядро-кандидат","Предложение по содержанию","","География URL; частотность не измерена","P2","Базовая фраза / предложение; не полная кластеризация выдачи","evidence/pages/fd617a666d56b961.json"
"заказать минивэн из москвы в тулу","https://zakazminivena.ru/routes/moskva-tula","Межгород","Принять решение о заказе: Москва → Тула, 185 км.","Ядро-кандидат","Вебмастер, архив 27.08","","География URL; частотность не измерена","P2","Базовая фраза / предложение; не полная кластеризация выдачи","evidence/pages/fd617a666d56b961.json"
"минивэн москва рязань","https://zakazminivena.ru/routes/moskva-ryazan","Межгород","Принять решение о заказе: Москва → Рязань, 200 км.","Ядро-кандидат","Wordstat · 2026-09-16","11","Россия","P1","Базовая фраза / предложение; не полная кластеризация выдачи","evidence/wordstat/40.json"
"такси минивэн Москва Рязань","https://zakazminivena.ru/routes/moskva-ryazan","Межгород","Принять решение о заказе: Москва → Рязань, 200 км.","Ядро-кандидат","Предложение по содержанию","","География URL; частотность не измерена","P1","Базовая фраза / предложение; не полная кластеризация выдачи","evidence/pages/94d5df59e2840296.json"
"заказать минивэн Москва Рязань","https://zakazminivena.ru/routes/moskva-ryazan","Межгород","Принять решение о заказе: Москва → Рязань, 200 км.","Ядро-кандидат","Предложение по содержанию","","География URL; частотность не измерена","P1","Базовая фраза / предложение; не полная кластеризация выдачи","evidence/pages/94d5df59e2840296.json"
"заказать минивэн с водителем москва-рязань","https://zakazminivena.ru/routes/moskva-ryazan","Межгород","Принять решение о заказе: Москва → Рязань, 200 км.","Ядро-кандидат","Вебмастер, архив 27.08","","География URL; частотность не измерена","P1","Базовая фраза / предложение; не полная кластеризация выдачи","evidence/pages/94d5df59e2840296.json"
"минивэн москва калуга","https://zakazminivena.ru/routes/moskva-kaluga","Межгород","Принять решение о заказе: Москва → Калуга, 220 км.","Ядро-кандидат","Wordstat · 2026-09-16","2","Россия","P2","Базовая фраза / предложение; не полная кластеризация выдачи","evidence/wordstat/41.json"
"такси минивэн Москва Калуга","https://zakazminivena.ru/routes/moskva-kaluga","Межгород","Принять решение о заказе: Москва → Калуга, 220 км.","Ядро-кандидат","Предложение по содержанию","","География URL; частотность не измерена","P2","Базовая фраза / предложение; не полная кластеризация выдачи","evidence/pages/0108ae5e46f521bb.json"
"заказать минивэн Москва Калуга","https://zakazminivena.ru/routes/moskva-kaluga","Межгород","Принять решение о заказе: Москва → Калуга, 220 км.","Ядро-кандидат","Предложение по содержанию","","География URL; частотность не измерена","P2","Базовая фраза / предложение; не полная кластеризация выдачи","evidence/pages/0108ae5e46f521bb.json"
"минивэн москва кострома","https://zakazminivena.ru/routes/moskva-kostroma","Межгород","Принять решение о заказе: Москва → Кострома, 350 км.","Ядро-кандидат","Wordstat · 2026-09-16","9","Россия","P2","Базовая фраза / предложение; не полная кластеризация выдачи","evidence/wordstat/42.json"
"такси минивэн Москва Кострома","https://zakazminivena.ru/routes/moskva-kostroma","Межгород","Принять решение о заказе: Москва → Кострома, 350 км.","Ядро-кандидат","Предложение по содержанию","","География URL; частотность не измерена","P2","Базовая фраза / предложение; не полная кластеризация выдачи","evidence/pages/f7ada8e23411a87e.json"
"заказать минивэн Москва Кострома","https://zakazminivena.ru/routes/moskva-kostroma","Межгород","Принять решение о заказе: Москва → Кострома, 350 км.","Ядро-кандидат","Предложение по содержанию","","География URL; частотность не измерена","P2","Базовая фраза / предложение; не полная кластеризация выдачи","evidence/pages/f7ada8e23411a87e.json"
"минивэн санкт-петербург великий новгород","https://zakazminivena.ru/routes/spb-velikiy-novgorod","Межгород","Принять решение о заказе: Санкт-Петербург → Великий Новгород, 195 км.","Ядро-кандидат","Wordstat · 2026-09-16","1","Россия","P2","Базовая фраза / предложение; не полная кластеризация выдачи","evidence/wordstat/43.json"
"такси минивэн Санкт-Петербург Великий Новгород","https://zakazminivena.ru/routes/spb-velikiy-novgorod","Межгород","Принять решение о заказе: Санкт-Петербург → Великий Новгород, 195 км.","Ядро-кандидат","Предложение по содержанию","","География URL; частотность не измерена","P2","Базовая фраза / предложение; не полная кластеризация выдачи","evidence/pages/45c89caadd2c612e.json"
"заказать минивэн Санкт-Петербург Великий Новгород","https://zakazminivena.ru/routes/spb-velikiy-novgorod","Межгород","Принять решение о заказе: Санкт-Петербург → Великий Новгород, 195 км.","Ядро-кандидат","Предложение по содержанию","","География URL; частотность не измерена","P2","Базовая фраза / предложение; не полная кластеризация выдачи","evidence/pages/45c89caadd2c612e.json"
"такси питер великий новгород минивен","https://zakazminivena.ru/routes/spb-velikiy-novgorod","Межгород","Принять решение о заказе: Санкт-Петербург → Великий Новгород, 195 км.","Ядро-кандидат","Вебмастер, архив 27.08","","География URL; частотность не измерена","P2","Базовая фраза / предложение; не полная кластеризация выдачи","evidence/pages/45c89caadd2c612e.json"
"минивэн санкт-петербург псков","https://zakazminivena.ru/routes/spb-pskov","Межгород","Принять решение о заказе: Санкт-Петербург → Псков, 295 км.","Ядро-кандидат","Wordstat · 2026-09-16","2","Россия","P2","Базовая фраза / предложение; не полная кластеризация выдачи","evidence/wordstat/44.json"
"такси минивэн Санкт-Петербург Псков","https://zakazminivena.ru/routes/spb-pskov","Межгород","Принять решение о заказе: Санкт-Петербург → Псков, 295 км.","Ядро-кандидат","Предложение по содержанию","","География URL; частотность не измерена","P2","Базовая фраза / предложение; не полная кластеризация выдачи","evidence/pages/1f899b106cef4fad.json"
"заказать минивэн Санкт-Петербург Псков","https://zakazminivena.ru/routes/spb-pskov","Межгород","Принять решение о заказе: Санкт-Петербург → Псков, 295 км.","Ядро-кандидат","Предложение по содержанию","","География URL; частотность не измерена","P2","Базовая фраза / предложение; не полная кластеризация выдачи","evidence/pages/1f899b106cef4fad.json"
"аренда авто с спб в псков","https://zakazminivena.ru/routes/spb-pskov","Межгород","Принять решение о заказе: Санкт-Петербург → Псков, 295 км.","Ядро-кандидат","Вебмастер, архив 27.08","","География URL; частотность не измерена","P2","Базовая фраза / предложение; не полная кластеризация выдачи","evidence/pages/1f899b106cef4fad.json"
"минивэн санкт-петербург петрозаводск","https://zakazminivena.ru/routes/spb-petrozavodsk","Межгород","Принять решение о заказе: Санкт-Петербург → Петрозаводск, 430 км.","Ядро-кандидат","Wordstat · 2026-09-16","2","Россия","P2","Базовая фраза / предложение; не полная кластеризация выдачи","evidence/wordstat/45.json"
"такси минивэн Санкт-Петербург Петрозаводск","https://zakazminivena.ru/routes/spb-petrozavodsk","Межгород","Принять решение о заказе: Санкт-Петербург → Петрозаводск, 430 км.","Ядро-кандидат","Предложение по содержанию","","География URL; частотность не измерена","P2","Базовая фраза / предложение; не полная кластеризация выдачи","evidence/pages/2b89d643c108a624.json"
"заказать минивэн Санкт-Петербург Петрозаводск","https://zakazminivena.ru/routes/spb-petrozavodsk","Межгород","Принять решение о заказе: Санкт-Петербург → Петрозаводск, 430 км.","Ядро-кандидат","Предложение по содержанию","","География URL; частотность не измерена","P2","Базовая фраза / предложение; не полная кластеризация выдачи","evidence/pages/2b89d643c108a624.json"
"минивэн санкт петербург петрозаводск","https://zakazminivena.ru/routes/spb-petrozavodsk","Межгород","Принять решение о заказе: Санкт-Петербург → Петрозаводск, 430 км.","Ядро-кандидат","Wordstat · 2026-09-16","2","Россия","P2","Базовая фраза / предложение; не полная кластеризация выдачи","evidence/wordstat/45.json"
"минивэн воронеж липецк","https://zakazminivena.ru/routes/voronezh-lipetsk","Межгород","Принять решение о заказе: Воронеж → Липецк, 125 км.","Расширение","Wordstat · 2026-09-16","2","Россия","P2","Базовая фраза / предложение; не полная кластеризация выдачи","evidence/wordstat/46.json"
"такси минивэн Воронеж Липецк","https://zakazminivena.ru/routes/voronezh-lipetsk","Межгород","Принять решение о заказе: Воронеж → Липецк, 125 км.","Расширение","Предложение по содержанию","","География URL; частотность не измерена","P2","Базовая фраза / предложение; не полная кластеризация выдачи","evidence/pages/06664f647d6859cf.json"
"заказать минивэн Воронеж Липецк","https://zakazminivena.ru/routes/voronezh-lipetsk","Межгород","Принять решение о заказе: Воронеж → Липецк, 125 км.","Расширение","Предложение по содержанию","","География URL; частотность не измерена","P2","Базовая фраза / предложение; не полная кластеризация выдачи","evidence/pages/06664f647d6859cf.json"
"минивэн воронеж белгород","https://zakazminivena.ru/routes/voronezh-belgorod","Межгород","Принять решение о заказе: Воронеж → Белгород, 255 км.","Ядро-кандидат","Предложение по содержанию","","Россия","P2","Базовая фраза / предложение; не полная кластеризация выдачи","evidence/wordstat/47.json"
"такси минивэн Воронеж Белгород","https://zakazminivena.ru/routes/voronezh-belgorod","Межгород","Принять решение о заказе: Воронеж → Белгород, 255 км.","Ядро-кандидат","Предложение по содержанию","","География URL; частотность не измерена","P2","Базовая фраза / предложение; не полная кластеризация выдачи","evidence/pages/823225caad93e1c1.json"
"заказать минивэн Воронеж Белгород","https://zakazminivena.ru/routes/voronezh-belgorod","Межгород","Принять решение о заказе: Воронеж → Белгород, 255 км.","Ядро-кандидат","Предложение по содержанию","","География URL; частотность не измерена","P2","Базовая фраза / предложение; не полная кластеризация выдачи","evidence/pages/823225caad93e1c1.json"
"минивэн воронеж курск","https://zakazminivena.ru/routes/voronezh-kursk","Межгород","Принять решение о заказе: Воронеж → Курск, 225 км.","Ядро-кандидат","Wordstat · 2026-09-16","1","Россия","P2","Базовая фраза / предложение; не полная кластеризация выдачи","evidence/wordstat/48.json"
"такси минивэн Воронеж Курск","https://zakazminivena.ru/routes/voronezh-kursk","Межгород","Принять решение о заказе: Воронеж → Курск, 225 км.","Ядро-кандидат","Предложение по содержанию","","География URL; частотность не измерена","P2","Базовая фраза / предложение; не полная кластеризация выдачи","evidence/pages/12bf90495c95b3a5.json"
"заказать минивэн Воронеж Курск","https://zakazminivena.ru/routes/voronezh-kursk","Межгород","Принять решение о заказе: Воронеж → Курск, 225 км.","Ядро-кандидат","Предложение по содержанию","","География URL; частотность не измерена","P2","Базовая фраза / предложение; не полная кластеризация выдачи","evidence/pages/12bf90495c95b3a5.json"
"минивэн воронеж тамбов","https://zakazminivena.ru/routes/voronezh-tambov","Межгород","Принять решение о заказе: Воронеж → Тамбов, 220 км.","Ядро-кандидат","Предложение по содержанию","","Россия","P2","Базовая фраза / предложение; не полная кластеризация выдачи","evidence/wordstat/49.json"
"такси минивэн Воронеж Тамбов","https://zakazminivena.ru/routes/voronezh-tambov","Межгород","Принять решение о заказе: Воронеж → Тамбов, 220 км.","Ядро-кандидат","Предложение по содержанию","","География URL; частотность не измерена","P2","Базовая фраза / предложение; не полная кластеризация выдачи","evidence/pages/4c8314b555443e1a.json"
"заказать минивэн Воронеж Тамбов","https://zakazminivena.ru/routes/voronezh-tambov","Межгород","Принять решение о заказе: Воронеж → Тамбов, 220 км.","Ядро-кандидат","Предложение по содержанию","","География URL; частотность не измерена","P2","Базовая фраза / предложение; не полная кластеризация выдачи","evidence/pages/4c8314b555443e1a.json"
"стоимость такси воронеж тамбов","https://zakazminivena.ru/routes/voronezh-tambov","Межгород","Принять решение о заказе: Воронеж → Тамбов, 220 км.","Ядро-кандидат","Вебмастер, архив 27.08","","География URL; частотность не измерена","P2","Базовая фраза / предложение; не полная кластеризация выдачи","evidence/pages/4c8314b555443e1a.json"
"минивэн новосибирск барнаул","https://zakazminivena.ru/routes/novosibirsk-barnaul","Межгород","Принять решение о заказе: Новосибирск → Барнаул, 240 км.","Ядро-кандидат","Wordstat · 2026-09-16","4","Россия","P2","Базовая фраза / предложение; не полная кластеризация выдачи","evidence/wordstat/50.json"
"такси минивэн Новосибирск Барнаул","https://zakazminivena.ru/routes/novosibirsk-barnaul","Межгород","Принять решение о заказе: Новосибирск → Барнаул, 240 км.","Ядро-кандидат","Предложение по содержанию","","География URL; частотность не измерена","P2","Базовая фраза / предложение; не полная кластеризация выдачи","evidence/pages/41430a933b416d4c.json"
"заказать минивэн Новосибирск Барнаул","https://zakazminivena.ru/routes/novosibirsk-barnaul","Межгород","Принять решение о заказе: Новосибирск → Барнаул, 240 км.","Ядро-кандидат","Предложение по содержанию","","География URL; частотность не измерена","P2","Базовая фраза / предложение; не полная кластеризация выдачи","evidence/pages/41430a933b416d4c.json"
"минивэн новосибирск томск","https://zakazminivena.ru/routes/novosibirsk-tomsk","Межгород","Принять решение о заказе: Новосибирск → Томск, 260 км.","Ядро-кандидат","Wordstat · 2026-09-16","6","Россия","P2","Базовая фраза / предложение; не полная кластеризация выдачи","evidence/wordstat/51.json"
"такси минивэн Новосибирск Томск","https://zakazminivena.ru/routes/novosibirsk-tomsk","Межгород","Принять решение о заказе: Новосибирск → Томск, 260 км.","Ядро-кандидат","Предложение по содержанию","","География URL; частотность не измерена","P2","Базовая фраза / предложение; не полная кластеризация выдачи","evidence/pages/56a5b81c737ec80d.json"
"заказать минивэн Новосибирск Томск","https://zakazminivena.ru/routes/novosibirsk-tomsk","Межгород","Принять решение о заказе: Новосибирск → Томск, 260 км.","Ядро-кандидат","Предложение по содержанию","","География URL; частотность не измерена","P2","Базовая фраза / предложение; не полная кластеризация выдачи","evidence/pages/56a5b81c737ec80d.json"
"минивэн новосибирск кемерово","https://zakazminivena.ru/routes/novosibirsk-kemerovo","Межгород","Принять решение о заказе: Новосибирск → Кемерово, 260 км.","Ядро-кандидат","Wordstat · 2026-09-16","12","Россия","P2","Базовая фраза / предложение; не полная кластеризация выдачи","evidence/wordstat/52.json"
"такси минивэн Новосибирск Кемерово","https://zakazminivena.ru/routes/novosibirsk-kemerovo","Межгород","Принять решение о заказе: Новосибирск → Кемерово, 260 км.","Ядро-кандидат","Предложение по содержанию","","География URL; частотность не измерена","P2","Базовая фраза / предложение; не полная кластеризация выдачи","evidence/pages/529e528ebc126aff.json"
"заказать минивэн Новосибирск Кемерово","https://zakazminivena.ru/routes/novosibirsk-kemerovo","Межгород","Принять решение о заказе: Новосибирск → Кемерово, 260 км.","Ядро-кандидат","Предложение по содержанию","","География URL; частотность не измерена","P2","Базовая фраза / предложение; не полная кластеризация выдачи","evidence/pages/529e528ebc126aff.json"
"заказать минивэн из новосибирска в кемерово","https://zakazminivena.ru/routes/novosibirsk-kemerovo","Межгород","Принять решение о заказе: Новосибирск → Кемерово, 260 км.","Ядро-кандидат","Вебмастер, архив 27.08","","География URL; частотность не измерена","P2","Базовая фраза / предложение; не полная кластеризация выдачи","evidence/pages/529e528ebc126aff.json"
"минивэн новосибирск омск","https://zakazminivena.ru/routes/novosibirsk-omsk","Межгород","Принять решение о заказе: Новосибирск → Омск, 650 км.","Расширение","Wordstat · 2026-09-16","2","Россия","P2","Базовая фраза / предложение; не полная кластеризация выдачи","evidence/wordstat/53.json"
"такси минивэн Новосибирск Омск","https://zakazminivena.ru/routes/novosibirsk-omsk","Межгород","Принять решение о заказе: Новосибирск → Омск, 650 км.","Расширение","Предложение по содержанию","","География URL; частотность не измерена","P2","Базовая фраза / предложение; не полная кластеризация выдачи","evidence/pages/90e5c0e1c6eb7f8c.json"
"заказать минивэн Новосибирск Омск","https://zakazminivena.ru/routes/novosibirsk-omsk","Межгород","Принять решение о заказе: Новосибирск → Омск, 650 км.","Расширение","Предложение по содержанию","","География URL; частотность не измерена","P2","Базовая фраза / предложение; не полная кластеризация выдачи","evidence/pages/90e5c0e1c6eb7f8c.json"
"минивэн волгоград ростов-на-дону","https://zakazminivena.ru/routes/volgograd-rostov","Межгород","Принять решение о заказе: Волгоград → Ростов-на-Дону, 490 км.","Ядро-кандидат","Wordstat · 2026-09-16","3","Россия","P2","Базовая фраза / предложение; не полная кластеризация выдачи","evidence/wordstat/54.json"
"такси минивэн Волгоград Ростов-на-Дону","https://zakazminivena.ru/routes/volgograd-rostov","Межгород","Принять решение о заказе: Волгоград → Ростов-на-Дону, 490 км.","Ядро-кандидат","Предложение по содержанию","","География URL; частотность не измерена","P2","Базовая фраза / предложение; не полная кластеризация выдачи","evidence/pages/df5d58d48ca94888.json"
"заказать минивэн Волгоград Ростов-на-Дону","https://zakazminivena.ru/routes/volgograd-rostov","Межгород","Принять решение о заказе: Волгоград → Ростов-на-Дону, 490 км.","Ядро-кандидат","Предложение по содержанию","","География URL; частотность не измерена","P2","Базовая фраза / предложение; не полная кластеризация выдачи","evidence/pages/df5d58d48ca94888.json"
"минивэн волгоград саратов","https://zakazminivena.ru/routes/volgograd-saratov","Межгород","Принять решение о заказе: Волгоград → Саратов, 375 км.","Ядро-кандидат","Предложение по содержанию","","Россия","P2","Базовая фраза / предложение; не полная кластеризация выдачи","evidence/wordstat/55.json"
"такси минивэн Волгоград Саратов","https://zakazminivena.ru/routes/volgograd-saratov","Межгород","Принять решение о заказе: Волгоград → Саратов, 375 км.","Ядро-кандидат","Предложение по содержанию","","География URL; частотность не измерена","P2","Базовая фраза / предложение; не полная кластеризация выдачи","evidence/pages/14ebcf66cbebc728.json"
"заказать минивэн Волгоград Саратов","https://zakazminivena.ru/routes/volgograd-saratov","Межгород","Принять решение о заказе: Волгоград → Саратов, 375 км.","Ядро-кандидат","Предложение по содержанию","","География URL; частотность не измерена","P2","Базовая фраза / предложение; не полная кластеризация выдачи","evidence/pages/14ebcf66cbebc728.json"
"минивэн волгоград астрахань","https://zakazminivena.ru/routes/volgograd-astrakhan","Межгород","Принять решение о заказе: Волгоград → Астрахань, 430 км.","Ядро-кандидат","Wordstat · 2026-09-16","8","Россия","P2","Базовая фраза / предложение; не полная кластеризация выдачи","evidence/wordstat/56.json"
"такси минивэн Волгоград Астрахань","https://zakazminivena.ru/routes/volgograd-astrakhan","Межгород","Принять решение о заказе: Волгоград → Астрахань, 430 км.","Ядро-кандидат","Предложение по содержанию","","География URL; частотность не измерена","P2","Базовая фраза / предложение; не полная кластеризация выдачи","evidence/pages/f592bb890633f169.json"
"заказать минивэн Волгоград Астрахань","https://zakazminivena.ru/routes/volgograd-astrakhan","Межгород","Принять решение о заказе: Волгоград → Астрахань, 430 км.","Ядро-кандидат","Предложение по содержанию","","География URL; частотность не измерена","P2","Базовая фраза / предложение; не полная кластеризация выдачи","evidence/pages/f592bb890633f169.json"
"минивэн волгоград элиста","https://zakazminivena.ru/routes/volgograd-elista","Межгород","Принять решение о заказе: Волгоград → Элиста, 295 км.","Ядро-кандидат","Wordstat · 2026-09-16","53","Россия","P1","Базовая фраза / предложение; не полная кластеризация выдачи","evidence/wordstat/57.json"
"такси минивэн Волгоград Элиста","https://zakazminivena.ru/routes/volgograd-elista","Межгород","Принять решение о заказе: Волгоград → Элиста, 295 км.","Ядро-кандидат","Предложение по содержанию","","География URL; частотность не измерена","P1","Базовая фраза / предложение; не полная кластеризация выдачи","evidence/pages/9a160d3baec2485b.json"
"заказать минивэн Волгоград Элиста","https://zakazminivena.ru/routes/volgograd-elista","Межгород","Принять решение о заказе: Волгоград → Элиста, 295 км.","Ядро-кандидат","Предложение по содержанию","","География URL; частотность не измерена","P1","Базовая фраза / предложение; не полная кластеризация выдачи","evidence/pages/9a160d3baec2485b.json"
"сколько будет длиться дорога с волгограда в элисту на минивене","https://zakazminivena.ru/routes/volgograd-elista","Межгород","Принять решение о заказе: Волгоград → Элиста, 295 км.","Ядро-кандидат","Вебмастер, архив 27.08","","География URL; частотность не измерена","P1","Базовая фраза / предложение; не полная кластеризация выдачи","evidence/pages/9a160d3baec2485b.json"
"заказать минивэн москва","https://zakazminivena.ru/cities/moskva","Города","Принять решение о заказе: Минивэн с водителем в Москве.","Ядро-кандидат","Wordstat · 2026-09-16","468","Россия","P1","Базовая фраза / предложение; не полная кластеризация выдачи","evidence/wordstat/58.json"
"такси минивэн москва","https://zakazminivena.ru/cities/moskva","Города","Принять решение о заказе: Минивэн с водителем в Москве.","Ядро-кандидат","Wordstat · наблюдаемая фраза 15.09","779","Россия","P1","Явно назван город; маршрут/бренд в хвосте требуют ручной проверки; назначение URL — гипотеза, не результат полной кластеризации SERP","evidence/wordstat-previous/wordstat-02.json"
"минивэн с водителем Москва","https://zakazminivena.ru/cities/moskva","Города","Принять решение о заказе: Минивэн с водителем в Москве.","Ядро-кандидат","Предложение по содержанию","","География URL; частотность не измерена","P1","Базовая фраза / предложение; не полная кластеризация выдачи","evidence/pages/16caa3d92af1720e.json"
"такси минивэн","https://zakazminivena.ru/cities/spb","Города","Принять решение о заказе: Минивэн с водителем в Санкт-Петербурге.","Ядро-кандидат","Wordstat · 2026-09-15","922","Санкт-Петербург","P1","Базовая фраза / предложение; не полная кластеризация выдачи","evidence/wordstat-previous/wordstat-19.json"
"такси минивэн санкт петербург","https://zakazminivena.ru/cities/spb","Города","Принять решение о заказе: Минивэн с водителем в Санкт-Петербурге.","Ядро-кандидат","Wordstat · наблюдаемая фраза 15.09","116","Россия","P1","Явно назван город; маршрут/бренд в хвосте требуют ручной проверки; назначение URL — гипотеза, не результат полной кластеризации SERP","evidence/wordstat-previous/wordstat-02.json"
"минивэн с водителем Санкт-Петербург","https://zakazminivena.ru/cities/spb","Города","Принять решение о заказе: Минивэн с водителем в Санкт-Петербурге.","Ядро-кандидат","Предложение по содержанию","","География URL; частотность не измерена","P1","Базовая фраза / предложение; не полная кластеризация выдачи","evidence/pages/876f1223976f70bc.json"
"такси минивэн","https://zakazminivena.ru/cities/ekaterinburg","Города","Принять решение о заказе: Минивэн с водителем в Екатеринбурге.","Ядро-кандидат","Wordstat · 2026-09-15","493","Екатеринбург","P1","Базовая фраза / предложение; не полная кластеризация выдачи","evidence/wordstat-previous/wordstat-17.json"
"такси минивэн екатеринбург","https://zakazminivena.ru/cities/ekaterinburg","Города","Принять решение о заказе: Минивэн с водителем в Екатеринбурге.","Ядро-кандидат","Wordstat · наблюдаемая фраза 15.09","388","Россия","P1","Явно назван город; маршрут/бренд в хвосте требуют ручной проверки; назначение URL — гипотеза, не результат полной кластеризации SERP","evidence/wordstat-previous/wordstat-02.json"
"минивэн с водителем Екатеринбург","https://zakazminivena.ru/cities/ekaterinburg","Города","Принять решение о заказе: Минивэн с водителем в Екатеринбурге.","Ядро-кандидат","Предложение по содержанию","","География URL; частотность не измерена","P1","Базовая фраза / предложение; не полная кластеризация выдачи","evidence/pages/e340fd11b7847158.json"
"минивэн с водителем в екатеринбурге","https://zakazminivena.ru/cities/ekaterinburg","Города","Принять решение о заказе: Минивэн с водителем в Екатеринбурге.","Ядро-кандидат","Вебмастер, архив 27.08","","География URL; частотность не измерена","P1","Базовая фраза / предложение; не полная кластеризация выдачи","evidence/pages/e340fd11b7847158.json"
"такси минивэн","https://zakazminivena.ru/cities/kazan","Города","Принять решение о заказе: Минивэн с водителем в Казани.","Ядро-кандидат","Wordstat · 2026-09-15","262","Казань","P1","Базовая фраза / предложение; не полная кластеризация выдачи","evidence/wordstat-previous/wordstat-16.json"
"такси минивэн казань","https://zakazminivena.ru/cities/kazan","Города","Принять решение о заказе: Минивэн с водителем в Казани.","Ядро-кандидат","Wordstat · наблюдаемая фраза 15.09","242","Россия","P1","Явно назван город; маршрут/бренд в хвосте требуют ручной проверки; назначение URL — гипотеза, не результат полной кластеризации SERP","evidence/wordstat-previous/wordstat-02.json"
"минивэн с водителем Казань","https://zakazminivena.ru/cities/kazan","Города","Принять решение о заказе: Минивэн с водителем в Казани.","Ядро-кандидат","Предложение по содержанию","","География URL; частотность не измерена","P1","Базовая фраза / предложение; не полная кластеризация выдачи","evidence/pages/af5aa666acc89f84.json"
"сколько стоит заказать минивэн на 7 человек для поездки из казани в свияжск","https://zakazminivena.ru/cities/kazan","Города","Принять решение о заказе: Минивэн с водителем в Казани.","Ядро-кандидат","Вебмастер, архив 27.08","","География URL; частотность не измерена","P1","Базовая фраза / предложение; не полная кластеризация выдачи","evidence/pages/af5aa666acc89f84.json"
"заказать минивэн краснодар","https://zakazminivena.ru/cities/krasnodar","Города","Принять решение о заказе: Минивэн с водителем в Краснодаре.","Ядро-кандидат","Wordstat · 2026-09-16","152","Россия","P1","Базовая фраза / предложение; не полная кластеризация выдачи","evidence/wordstat/62.json"
"такси минивэн краснодар","https://zakazminivena.ru/cities/krasnodar","Города","Принять решение о заказе: Минивэн с водителем в Краснодаре.","Ядро-кандидат","Wordstat · наблюдаемая фраза 15.09","285","Россия","P1","Явно назван город; маршрут/бренд в хвосте требуют ручной проверки; назначение URL — гипотеза, не результат полной кластеризации SERP","evidence/wordstat-previous/wordstat-02.json"
"минивэн с водителем Краснодар","https://zakazminivena.ru/cities/krasnodar","Города","Принять решение о заказе: Минивэн с водителем в Краснодаре.","Ядро-кандидат","Предложение по содержанию","","География URL; частотность не измерена","P1","Базовая фраза / предложение; не полная кластеризация выдачи","evidence/pages/266679f62c7e5374.json"
"такси минивэн краснодар","https://zakazminivena.ru/cities/krasnodar","Города","Принять решение о заказе: Минивэн с водителем в Краснодаре.","Ядро-кандидат","Вебмастер, архив 27.08","","География URL; частотность не измерена","P1","Базовая фраза / предложение; не полная кластеризация выдачи","evidence/pages/266679f62c7e5374.json"
"заказать минивэн сочи","https://zakazminivena.ru/cities/sochi","Города","Принять решение о заказе: Минивэн с водителем в Сочи.","Ядро-кандидат","Wordstat · 2026-09-16","45","Россия","P1","Базовая фраза / предложение; не полная кластеризация выдачи","evidence/wordstat/63.json"
"такси минивэн сочи","https://zakazminivena.ru/cities/sochi","Города","Принять решение о заказе: Минивэн с водителем в Сочи.","Ядро-кандидат","Wordstat · наблюдаемая фраза 15.09","126","Россия","P1","Явно назван город; маршрут/бренд в хвосте требуют ручной проверки; назначение URL — гипотеза, не результат полной кластеризации SERP","evidence/wordstat-previous/wordstat-02.json"
"минивэн с водителем Сочи","https://zakazminivena.ru/cities/sochi","Города","Принять решение о заказе: Минивэн с водителем в Сочи.","Ядро-кандидат","Предложение по содержанию","","География URL; частотность не измерена","P1","Базовая фраза / предложение; не полная кластеризация выдачи","evidence/pages/77f5d2449c9373aa.json"
"адлер роза хутор трансфер minivensochi","https://zakazminivena.ru/cities/sochi","Города","Принять решение о заказе: Минивэн с водителем в Сочи.","Ядро-кандидат","Вебмастер, архив 27.08","","География URL; частотность не измерена","P1","Базовая фраза / предложение; не полная кластеризация выдачи","evidence/pages/77f5d2449c9373aa.json"
"заказать минивэн самара","https://zakazminivena.ru/cities/samara","Города","Принять решение о заказе: Минивэн с водителем в Самаре.","Ядро-кандидат","Wordstat · 2026-09-16","29","Россия","P1","Базовая фраза / предложение; не полная кластеризация выдачи","evidence/wordstat/64.json"
"такси минивэн самара","https://zakazminivena.ru/cities/samara","Города","Принять решение о заказе: Минивэн с водителем в Самаре.","Ядро-кандидат","Wordstat · наблюдаемая фраза 15.09","90","Россия","P1","Явно назван город; маршрут/бренд в хвосте требуют ручной проверки; назначение URL — гипотеза, не результат полной кластеризации SERP","evidence/wordstat-previous/wordstat-02.json"
"минивэн с водителем Самара","https://zakazminivena.ru/cities/samara","Города","Принять решение о заказе: Минивэн с водителем в Самаре.","Ядро-кандидат","Предложение по содержанию","","География URL; частотность не измерена","P1","Базовая фраза / предложение; не полная кластеризация выдачи","evidence/pages/29d31bc3fe8a66a4.json"
"аренда минивэна в самаре с водителем","https://zakazminivena.ru/cities/samara","Города","Принять решение о заказе: Минивэн с водителем в Самаре.","Ядро-кандидат","Вебмастер, архив 27.08","","География URL; частотность не измерена","P1","Базовая фраза / предложение; не полная кластеризация выдачи","evidence/pages/29d31bc3fe8a66a4.json"
"заказать минивэн нижний новгород","https://zakazminivena.ru/cities/nizhniy-novgorod","Города","Принять решение о заказе: Минивэн с водителем в Нижнем Новгороде.","Ядро-кандидат","Wordstat · 2026-09-16","65","Россия","P1","Базовая фраза / предложение; не полная кластеризация выдачи","evidence/wordstat/65.json"
"такси минивэн нижний новгород","https://zakazminivena.ru/cities/nizhniy-novgorod","Города","Принять решение о заказе: Минивэн с водителем в Нижнем Новгороде.","Ядро-кандидат","Wordstat · наблюдаемая фраза 15.09","89","Россия","P1","Явно назван город; маршрут/бренд в хвосте требуют ручной проверки; назначение URL — гипотеза, не результат полной кластеризации SERP","evidence/wordstat-previous/wordstat-02.json"
"минивэн с водителем Нижний Новгород","https://zakazminivena.ru/cities/nizhniy-novgorod","Города","Принять решение о заказе: Минивэн с водителем в Нижнем Новгороде.","Ядро-кандидат","Предложение по содержанию","","География URL; частотность не измерена","P1","Базовая фраза / предложение; не полная кластеризация выдачи","evidence/pages/e4c15daafe08c725.json"
"такси минивэн","https://zakazminivena.ru/cities/novosibirsk","Города","Принять решение о заказе: Минивэн с водителем в Новосибирске.","Ядро-кандидат","Wordstat · 2026-09-15","166","Новосибирск","P1","Базовая фраза / предложение; не полная кластеризация выдачи","evidence/wordstat-previous/wordstat-18.json"
"такси минивэн новосибирск","https://zakazminivena.ru/cities/novosibirsk","Города","Принять решение о заказе: Минивэн с водителем в Новосибирске.","Ядро-кандидат","Wordstat · наблюдаемая фраза 15.09","53","Россия","P1","Явно назван город; маршрут/бренд в хвосте требуют ручной проверки; назначение URL — гипотеза, не результат полной кластеризации SERP","evidence/wordstat-previous/wordstat-02.json"
"минивэн с водителем Новосибирск","https://zakazminivena.ru/cities/novosibirsk","Города","Принять решение о заказе: Минивэн с водителем в Новосибирске.","Ядро-кандидат","Предложение по содержанию","","География URL; частотность не измерена","P1","Базовая фраза / предложение; не полная кластеризация выдачи","evidence/pages/f501aa01310394fa.json"
"заказать минивэн воронеж","https://zakazminivena.ru/cities/voronezh","Города","Принять решение о заказе: Минивэн с водителем в Воронеже.","Ядро-кандидат","Wordstat · 2026-09-16","10","Россия","P2","Базовая фраза / предложение; не полная кластеризация выдачи","evidence/wordstat/67.json"
"такси минивэн Воронеж","https://zakazminivena.ru/cities/voronezh","Города","Принять решение о заказе: Минивэн с водителем в Воронеже.","Ядро-кандидат","Предложение по содержанию","","География URL; частотность не измерена","P2","Базовая фраза / предложение; не полная кластеризация выдачи","evidence/pages/3b618f0a051801fb.json"
"минивэн с водителем Воронеж","https://zakazminivena.ru/cities/voronezh","Города","Принять решение о заказе: Минивэн с водителем в Воронеже.","Ядро-кандидат","Предложение по содержанию","","География URL; частотность не измерена","P2","Базовая фраза / предложение; не полная кластеризация выдачи","evidence/pages/3b618f0a051801fb.json"
"заказать минивэн ростов-на-дону","https://zakazminivena.ru/cities/rostov","Города","Принять решение о заказе: Минивэн с водителем в Ростове-на-Дону.","Ядро-кандидат","Wordstat · 2026-09-16","30","Россия","P1","Базовая фраза / предложение; не полная кластеризация выдачи","evidence/wordstat/68.json"
"такси минивэн Ростов-на-Дону","https://zakazminivena.ru/cities/rostov","Города","Принять решение о заказе: Минивэн с водителем в Ростове-на-Дону.","Ядро-кандидат","Предложение по содержанию","","География URL; частотность не измерена","P1","Базовая фраза / предложение; не полная кластеризация выдачи","evidence/pages/339e7afd9cdc4c61.json"
"минивэн с водителем Ростов-на-Дону","https://zakazminivena.ru/cities/rostov","Города","Принять решение о заказе: Минивэн с водителем в Ростове-на-Дону.","Ядро-кандидат","Предложение по содержанию","","География URL; частотность не измерена","P1","Базовая фраза / предложение; не полная кластеризация выдачи","evidence/pages/339e7afd9cdc4c61.json"
"заказать минивэн тюмень","https://zakazminivena.ru/cities/tyumen","Города","Принять решение о заказе: Минивэн с водителем в Тюмени.","Ядро-кандидат","Wordstat · 2026-09-16","56","Россия","P1","Базовая фраза / предложение; не полная кластеризация выдачи","evidence/wordstat/69.json"
"такси минивэн тюмень","https://zakazminivena.ru/cities/tyumen","Города","Принять решение о заказе: Минивэн с водителем в Тюмени.","Ядро-кандидат","Wordstat · наблюдаемая фраза 15.09","84","Россия","P1","Явно назван город; маршрут/бренд в хвосте требуют ручной проверки; назначение URL — гипотеза, не результат полной кластеризации SERP","evidence/wordstat-previous/wordstat-02.json"
"минивэн с водителем Тюмень","https://zakazminivena.ru/cities/tyumen","Города","Принять решение о заказе: Минивэн с водителем в Тюмени.","Ядро-кандидат","Предложение по содержанию","","География URL; частотность не измерена","P1","Базовая фраза / предложение; не полная кластеризация выдачи","evidence/pages/e4ebe03e59624e91.json"
"такси минивэн тюмень заказать","https://zakazminivena.ru/cities/tyumen","Города","Принять решение о заказе: Минивэн с водителем в Тюмени.","Ядро-кандидат","Вебмастер, архив 27.08","","География URL; частотность не измерена","P1","Базовая фраза / предложение; не полная кластеризация выдачи","evidence/pages/e4ebe03e59624e91.json"
"заказать минивэн челябинск","https://zakazminivena.ru/cities/chelyabinsk","Города","Принять решение о заказе: Минивэн с водителем в Челябинске.","Ядро-кандидат","Wordstat · 2026-09-16","41","Россия","P1","Базовая фраза / предложение; не полная кластеризация выдачи","evidence/wordstat/70.json"
"такси минивэн челябинск","https://zakazminivena.ru/cities/chelyabinsk","Города","Принять решение о заказе: Минивэн с водителем в Челябинске.","Ядро-кандидат","Wordstat · наблюдаемая фраза 15.09","65","Россия","P1","Явно назван город; маршрут/бренд в хвосте требуют ручной проверки; назначение URL — гипотеза, не результат полной кластеризации SERP","evidence/wordstat-previous/wordstat-02.json"
"минивэн с водителем Челябинск","https://zakazminivena.ru/cities/chelyabinsk","Города","Принять решение о заказе: Минивэн с водителем в Челябинске.","Ядро-кандидат","Предложение по содержанию","","География URL; частотность не измерена","P1","Базовая фраза / предложение; не полная кластеризация выдачи","evidence/pages/10a4d78eca61aebd.json"
"заказать минивэн с водителем в челябинске","https://zakazminivena.ru/cities/chelyabinsk","Города","Принять решение о заказе: Минивэн с водителем в Челябинске.","Ядро-кандидат","Вебмастер, архив 27.08","","География URL; частотность не измерена","P1","Базовая фраза / предложение; не полная кластеризация выдачи","evidence/pages/10a4d78eca61aebd.json"
"заказать минивэн волгоград","https://zakazminivena.ru/cities/volgograd","Города","Принять решение о заказе: Минивэн с водителем в Волгограде.","Ядро-кандидат","Wordstat · 2026-09-16","22","Россия","P1","Базовая фраза / предложение; не полная кластеризация выдачи","evidence/wordstat/71.json"
"такси минивэн Волгоград","https://zakazminivena.ru/cities/volgograd","Города","Принять решение о заказе: Минивэн с водителем в Волгограде.","Ядро-кандидат","Предложение по содержанию","","География URL; частотность не измерена","P1","Базовая фраза / предложение; не полная кластеризация выдачи","evidence/pages/5f50a197bc8afe9c.json"
"минивэн с водителем Волгоград","https://zakazminivena.ru/cities/volgograd","Города","Принять решение о заказе: Минивэн с водителем в Волгограде.","Ядро-кандидат","Предложение по содержанию","","География URL; частотность не измерена","P1","Базовая фраза / предложение; не полная кластеризация выдачи","evidence/pages/5f50a197bc8afe9c.json"
"заказать минивэн индайв волгограде","https://zakazminivena.ru/cities/volgograd","Города","Принять решение о заказе: Минивэн с водителем в Волгограде.","Ядро-кандидат","Вебмастер, архив 27.08","","География URL; частотность не измерена","P1","Базовая фраза / предложение; не полная кластеризация выдачи","evidence/pages/5f50a197bc8afe9c.json"
"заказать минивэн пермь","https://zakazminivena.ru/cities/perm","Города","Принять решение о заказе: Минивэн с водителем в Перми.","Ядро-кандидат","Wordstat · 2026-09-16","23","Россия","P1","Базовая фраза / предложение; не полная кластеризация выдачи","evidence/wordstat/72.json"
"такси минивэн Пермь","https://zakazminivena.ru/cities/perm","Города","Принять решение о заказе: Минивэн с водителем в Перми.","Ядро-кандидат","Предложение по содержанию","","География URL; частотность не измерена","P1","Базовая фраза / предложение; не полная кластеризация выдачи","evidence/pages/9f4f1549ddb42314.json"
"минивэн с водителем Пермь","https://zakazminivena.ru/cities/perm","Города","Принять решение о заказе: Минивэн с водителем в Перми.","Ядро-кандидат","Предложение по содержанию","","География URL; частотность не измерена","P1","Базовая фраза / предложение; не полная кластеризация выдачи","evidence/pages/9f4f1549ddb42314.json"
"заказать машину минивэн с водителем пермь","https://zakazminivena.ru/cities/perm","Города","Принять решение о заказе: Минивэн с водителем в Перми.","Ядро-кандидат","Вебмастер, архив 27.08","","География URL; частотность не измерена","P1","Базовая фраза / предложение; не полная кластеризация выдачи","evidence/pages/9f4f1549ddb42314.json"
"заказать минивэн симферополь","https://zakazminivena.ru/cities/simferopol","Города","Принять решение о заказе: Минивэн с водителем в Симферополе.","Ядро-кандидат","Wordstat · 2026-09-16","21","Россия","P1","Базовая фраза / предложение; не полная кластеризация выдачи","evidence/wordstat/73.json"
"такси минивэн Симферополь","https://zakazminivena.ru/cities/simferopol","Города","Принять решение о заказе: Минивэн с водителем в Симферополе.","Ядро-кандидат","Предложение по содержанию","","География URL; частотность не измерена","P1","Базовая фраза / предложение; не полная кластеризация выдачи","evidence/pages/10d6ed5a911dc96f.json"
"минивэн с водителем Симферополь","https://zakazminivena.ru/cities/simferopol","Города","Принять решение о заказе: Минивэн с водителем в Симферополе.","Ядро-кандидат","Предложение по содержанию","","География URL; частотность не измерена","P1","Базовая фраза / предложение; не полная кластеризация выдачи","evidence/pages/10d6ed5a911dc96f.json"
"заказать минивэн ярославль","https://zakazminivena.ru/cities/yaroslavl","Города","Принять решение о заказе: Минивэн с водителем в Ярославле.","Ядро-кандидат","Wordstat · 2026-09-16","29","Россия","P1","Базовая фраза / предложение; не полная кластеризация выдачи","evidence/wordstat/74.json"
"такси минивэн Ярославль","https://zakazminivena.ru/cities/yaroslavl","Города","Принять решение о заказе: Минивэн с водителем в Ярославле.","Ядро-кандидат","Предложение по содержанию","","География URL; частотность не измерена","P1","Базовая фраза / предложение; не полная кластеризация выдачи","evidence/pages/3ee17eb4d3be5f97.json"
"минивэн с водителем Ярославль","https://zakazminivena.ru/cities/yaroslavl","Города","Принять решение о заказе: Минивэн с водителем в Ярославле.","Ядро-кандидат","Предложение по содержанию","","География URL; частотность не измерена","P1","Базовая фраза / предложение; не полная кластеризация выдачи","evidence/pages/3ee17eb4d3be5f97.json"
"заказать минивэн минеральные воды","https://zakazminivena.ru/cities/mineralnye-vody","Города","Принять решение о заказе: Минивэн с водителем в Минеральных Водах.","Ядро-кандидат","Wordstat · 2026-09-16","13","Россия","P2","Базовая фраза / предложение; не полная кластеризация выдачи","evidence/wordstat/75.json"
"такси минивэн минеральные воды","https://zakazminivena.ru/cities/mineralnye-vody","Города","Принять решение о заказе: Минивэн с водителем в Минеральных Водах.","Ядро-кандидат","Wordstat · наблюдаемая фраза 15.09","1","Екатеринбург","P2","Явно назван город; маршрут/бренд в хвосте требуют ручной проверки; назначение URL — гипотеза, не результат полной кластеризации SERP","evidence/wordstat-previous/wordstat-17.json"
"минивэн с водителем Минеральные Воды","https://zakazminivena.ru/cities/mineralnye-vody","Города","Принять решение о заказе: Минивэн с водителем в Минеральных Водах.","Ядро-кандидат","Предложение по содержанию","","География URL; частотность не измерена","P2","Базовая фраза / предложение; не полная кластеризация выдачи","evidence/pages/cbba3a1a79f38770.json"
"заказать минивэн минеральные воды с водителем","https://zakazminivena.ru/cities/mineralnye-vody","Города","Принять решение о заказе: Минивэн с водителем в Минеральных Водах.","Ядро-кандидат","Вебмастер, архив 27.08","","География URL; частотность не измерена","P2","Базовая фраза / предложение; не полная кластеризация выдачи","evidence/pages/cbba3a1a79f38770.json"
"минивэн шереметьево","https://zakazminivena.ru/airports/sheremetyevo","Старые аэропорты","Принять решение о заказе: Трансфер минивэн — аэропорт Шереметьево.","Пересечение","Wordstat · 2026-09-16","258","Россия","P1","Базовая фраза / предложение; не полная кластеризация выдачи","evidence/wordstat/76.json"
"минивэн аэропорт Шереметьево","https://zakazminivena.ru/airports/sheremetyevo","Старые аэропорты","Принять решение о заказе: Трансфер минивэн — аэропорт Шереметьево.","Пересечение","Предложение по содержанию","","География URL; частотность не измерена","P1","Базовая фраза / предложение; не полная кластеризация выдачи","evidence/pages/43b4e3076fa43fd1.json"
"трансфер Шереметьево на минивэне","https://zakazminivena.ru/airports/sheremetyevo","Старые аэропорты","Принять решение о заказе: Трансфер минивэн — аэропорт Шереметьево.","Пересечение","Предложение по содержанию","","География URL; частотность не измерена","P1","Базовая фраза / предложение; не полная кластеризация выдачи","evidence/pages/43b4e3076fa43fd1.json"
"встреча с аэропорта шереметьево минивэн","https://zakazminivena.ru/airports/sheremetyevo","Старые аэропорты","Принять решение о заказе: Трансфер минивэн — аэропорт Шереметьево.","Пересечение","Вебмастер, архив 27.08","","География URL; частотность не измерена","P1","Базовая фраза / предложение; не полная кластеризация выдачи","evidence/pages/43b4e3076fa43fd1.json"
"минивэн домодедово","https://zakazminivena.ru/airports/domodedovo","Старые аэропорты","Принять решение о заказе: Трансфер минивэн — аэропорт Домодедово.","Пересечение","Wordstat · 2026-09-16","184","Россия","P1","Базовая фраза / предложение; не полная кластеризация выдачи","evidence/wordstat/78.json"
"минивэн аэропорт Домодедово","https://zakazminivena.ru/airports/domodedovo","Старые аэропорты","Принять решение о заказе: Трансфер минивэн — аэропорт Домодедово.","Пересечение","Предложение по содержанию","","География URL; частотность не измерена","P1","Базовая фраза / предложение; не полная кластеризация выдачи","evidence/pages/5f0810ef344265e2.json"
"трансфер Домодедово на минивэне","https://zakazminivena.ru/airports/domodedovo","Старые аэропорты","Принять решение о заказе: Трансфер минивэн — аэропорт Домодедово.","Пересечение","Предложение по содержанию","","География URL; частотность не измерена","P1","Базовая фраза / предложение; не полная кластеризация выдачи","evidence/pages/5f0810ef344265e2.json"
"минивэн внуково","https://zakazminivena.ru/airports/vnukovo","Старые аэропорты","Принять решение о заказе: Трансфер минивэн — аэропорт Внуково.","Пересечение","Wordstat · 2026-09-16","138","Россия","P1","Базовая фраза / предложение; не полная кластеризация выдачи","evidence/wordstat/77.json"
"минивэн аэропорт Внуково","https://zakazminivena.ru/airports/vnukovo","Старые аэропорты","Принять решение о заказе: Трансфер минивэн — аэропорт Внуково.","Пересечение","Предложение по содержанию","","География URL; частотность не измерена","P1","Базовая фраза / предложение; не полная кластеризация выдачи","evidence/pages/72cfee2e24123fc4.json"
"трансфер Внуково на минивэне","https://zakazminivena.ru/airports/vnukovo","Старые аэропорты","Принять решение о заказе: Трансфер минивэн — аэропорт Внуково.","Пересечение","Предложение по содержанию","","География URL; частотность не измерена","P1","Базовая фраза / предложение; не полная кластеризация выдачи","evidence/pages/72cfee2e24123fc4.json"
"минивэн пулково","https://zakazminivena.ru/airports/pulkovo","Старые аэропорты","Принять решение о заказе: Трансфер минивэн — аэропорт Пулково.","Пересечение","Wordstat · 2026-09-16","57","Россия","P1","Базовая фраза / предложение; не полная кластеризация выдачи","evidence/wordstat/80.json"
"минивэн аэропорт Пулково","https://zakazminivena.ru/airports/pulkovo","Старые аэропорты","Принять решение о заказе: Трансфер минивэн — аэропорт Пулково.","Пересечение","Предложение по содержанию","","География URL; частотность не измерена","P1","Базовая фраза / предложение; не полная кластеризация выдачи","evidence/pages/8c48dfcb68f869af.json"
"трансфер Пулково на минивэне","https://zakazminivena.ru/airports/pulkovo","Старые аэропорты","Принять решение о заказе: Трансфер минивэн — аэропорт Пулково.","Пересечение","Предложение по содержанию","","География URL; частотность не измерена","P1","Базовая фраза / предложение; не полная кластеризация выдачи","evidence/pages/8c48dfcb68f869af.json"
"минивэн екатеринбург (кольцово)","https://zakazminivena.ru/airports/koltsovo","Старые аэропорты","Принять решение о заказе: Трансфер минивэн — аэропорт Кольцово.","Пересечение","Wordstat · 2026-09-16","12","Россия","P3","Базовая фраза / предложение; не полная кластеризация выдачи","evidence/wordstat/88.json"
"минивэн аэропорт Екатеринбург (Кольцово)","https://zakazminivena.ru/airports/koltsovo","Старые аэропорты","Принять решение о заказе: Трансфер минивэн — аэропорт Кольцово.","Пересечение","Предложение по содержанию","","География URL; частотность не измерена","P3","Базовая фраза / предложение; не полная кластеризация выдачи","evidence/pages/dc77f65376bbf267.json"
"трансфер Екатеринбург (Кольцово) на минивэне","https://zakazminivena.ru/airports/koltsovo","Старые аэропорты","Принять решение о заказе: Трансфер минивэн — аэропорт Кольцово.","Пересечение","Предложение по содержанию","","География URL; частотность не измерена","P3","Базовая фраза / предложение; не полная кластеризация выдачи","evidence/pages/dc77f65376bbf267.json"
"трансфер из кольцово минивэн","https://zakazminivena.ru/airports/koltsovo","Старые аэропорты","Принять решение о заказе: Трансфер минивэн — аэропорт Кольцово.","Пересечение","Вебмастер, архив 27.08","","География URL; частотность не измерена","P3","Базовая фраза / предложение; не полная кластеризация выдачи","evidence/pages/dc77f65376bbf267.json"
"Трансфер минивэн — аэропорт Курумоч","https://zakazminivena.ru/airports/kurumoch","Старые аэропорты","Принять решение о заказе: Трансфер минивэн — аэропорт Курумоч.","Расширение","Предложение по содержанию","","География URL; частотность не измерена","P1","Базовая фраза / предложение; не полная кластеризация выдачи","evidence/pages/a02ecce1eaca69d6.json"
"минивен в аэропорт курумо","https://zakazminivena.ru/airports/kurumoch","Старые аэропорты","Принять решение о заказе: Трансфер минивэн — аэропорт Курумоч.","Расширение","Вебмастер, архив 27.08","","География URL; частотность не измерена","P1","Базовая фраза / предложение; не полная кластеризация выдачи","evidence/pages/a02ecce1eaca69d6.json"
"минивэн аэропорт Сочи (Адлер)","https://zakazminivena.ru/airports/adler-airport","Старые аэропорты","Принять решение о заказе: Трансфер минивэн — аэропорт Адлер.","Пересечение","Предложение по содержанию","","География URL; частотность не измерена","P3","Базовая фраза / предложение; не полная кластеризация выдачи","evidence/pages/5a44028c760a37bb.json"
"трансфер Сочи (Адлер) на минивэне","https://zakazminivena.ru/airports/adler-airport","Старые аэропорты","Принять решение о заказе: Трансфер минивэн — аэропорт Адлер.","Пересечение","Предложение по содержанию","","География URL; частотность не измерена","P3","Базовая фраза / предложение; не полная кластеризация выдачи","evidence/pages/5a44028c760a37bb.json"
"минивэн аэропорт Краснодар","https://zakazminivena.ru/airports/pashkovskiy","Старые аэропорты","Принять решение о заказе: Трансфер минивэн — аэропорт Пашковский.","Пересечение","Предложение по содержанию","","География URL; частотность не измерена","P3","Базовая фраза / предложение; не полная кластеризация выдачи","evidence/pages/fc110bfc759f37a5.json"
"трансфер Краснодар на минивэне","https://zakazminivena.ru/airports/pashkovskiy","Старые аэропорты","Принять решение о заказе: Трансфер минивэн — аэропорт Пашковский.","Пересечение","Предложение по содержанию","","География URL; частотность не измерена","P3","Базовая фраза / предложение; не полная кластеризация выдачи","evidence/pages/fc110bfc759f37a5.json"
"Трансфер минивэн — аэропорт Платов","https://zakazminivena.ru/airports/platov","Старые аэропорты","Принять решение о заказе: Трансфер минивэн — аэропорт Платов.","Расширение","Предложение по содержанию","","География URL; частотность не измерена","P2","Базовая фраза / предложение; не полная кластеризация выдачи","evidence/pages/277bcf3588f0341e.json"
"минивэн новосибирск (толмачёво)","https://zakazminivena.ru/airports/tolmachyovo","Старые аэропорты","Принять решение о заказе: Трансфер минивэн — аэропорт Толмачёво.","Пересечение","Wordstat · 2026-09-16","6","Россия","P3","Базовая фраза / предложение; не полная кластеризация выдачи","evidence/wordstat/89.json"
"минивэн аэропорт Новосибирск (Толмачёво)","https://zakazminivena.ru/airports/tolmachyovo","Старые аэропорты","Принять решение о заказе: Трансфер минивэн — аэропорт Толмачёво.","Пересечение","Предложение по содержанию","","География URL; частотность не измерена","P3","Базовая фраза / предложение; не полная кластеризация выдачи","evidence/pages/52c90debc1a7eba5.json"
"трансфер Новосибирск (Толмачёво) на минивэне","https://zakazminivena.ru/airports/tolmachyovo","Старые аэропорты","Принять решение о заказе: Трансфер минивэн — аэропорт Толмачёво.","Пересечение","Предложение по содержанию","","География URL; частотность не измерена","P3","Базовая фраза / предложение; не полная кластеризация выдачи","evidence/pages/52c90debc1a7eba5.json"
"трансфер из толмачево s7","https://zakazminivena.ru/airports/tolmachyovo","Старые аэропорты","Принять решение о заказе: Трансфер минивэн — аэропорт Толмачёво.","Пересечение","Вебмастер, архив 27.08","","География URL; частотность не измерена","P3","Базовая фраза / предложение; не полная кластеризация выдачи","evidence/pages/52c90debc1a7eba5.json"
"минивэн аэропорт Симферополь","https://zakazminivena.ru/airports/simferopol-airport","Старые аэропорты","Принять решение о заказе: Трансфер минивэн — аэропорт Симферополь.","Пересечение","Предложение по содержанию","","География URL; частотность не измерена","P3","Базовая фраза / предложение; не полная кластеризация выдачи","evidence/pages/7da5b4c9bfe3c5e0.json"
"трансфер Симферополь на минивэне","https://zakazminivena.ru/airports/simferopol-airport","Старые аэропорты","Принять решение о заказе: Трансфер минивэн — аэропорт Симферополь.","Пересечение","Предложение по содержанию","","География URL; частотность не измерена","P3","Базовая фраза / предложение; не полная кластеризация выдачи","evidence/pages/7da5b4c9bfe3c5e0.json"
"минивэн аэропорт Минеральные Воды","https://zakazminivena.ru/airports/mineralnye-vody-airport","Старые аэропорты","Принять решение о заказе: Трансфер минивэн — аэропорт Минеральные Воды.","Пересечение","Предложение по содержанию","","География URL; частотность не измерена","P3","Базовая фраза / предложение; не полная кластеризация выдачи","evidence/pages/711b72b77a7f851d.json"
"трансфер Минеральные Воды на минивэне","https://zakazminivena.ru/airports/mineralnye-vody-airport","Старые аэропорты","Принять решение о заказе: Трансфер минивэн — аэропорт Минеральные Воды.","Пересечение","Предложение по содержанию","","География URL; частотность не измерена","P3","Базовая фраза / предложение; не полная кластеризация выдачи","evidence/pages/711b72b77a7f851d.json"
"Минивэн vs Поезд: подробное сравнение для семей и групп","https://zakazminivena.ru/compare/miniven-vs-poezd","Сравнения","Ответ на вопрос выбора с переходом к подходящей поездке.","Поддержка","Предложение по содержанию","","География URL; частотность не измерена","P3","Базовая фраза / предложение; не полная кластеризация выдачи","evidence/pages/5a7a18686b55e3d6.json"
"Минивэн vs Автобус: что лучше для группы или семьи","https://zakazminivena.ru/compare/miniven-vs-avtobus","Сравнения","Ответ на вопрос выбора с переходом к подходящей поездке.","Поддержка","Предложение по содержанию","","География URL; частотность не измерена","P3","Базовая фраза / предложение; не полная кластеризация выдачи","evidence/pages/83b05837aea5b687.json"
"Минивэн vs BlaBlaCar: что безопаснее и надёжнее","https://zakazminivena.ru/compare/miniven-vs-blablacar","Сравнения","Ответ на вопрос выбора с переходом к подходящей поездке.","Поддержка","Предложение по содержанию","","География URL; частотность не измерена","P3","Базовая фраза / предложение; не полная кластеризация выдачи","evidence/pages/dba2aed2f3490ceb.json"
"Корпоративный транспорт на минивэне","https://zakazminivena.ru/b2b/corporate-transport","Для бизнеса","Принять решение о заказе: Корпоративный транспорт на минивэне.","Расширение","Предложение по содержанию","","География URL; частотность не измерена","P2","Базовая фраза / предложение; не полная кластеризация выдачи","evidence/pages/c9cb4ad1d71a7626.json"
"VIP-трансфер в аэропорт для бизнеса","https://zakazminivena.ru/b2b/airport-vip","Для бизнеса","Принять решение о заказе: VIP-трансфер в аэропорт для бизнеса.","Расширение","Предложение по содержанию","","География URL; частотность не измерена","P2","Базовая фраза / предложение; не полная кластеризация выдачи","evidence/pages/64572eb04b94e463.json"
"Трансфер на корпоративные мероприятия","https://zakazminivena.ru/b2b/events","Для бизнеса","Принять решение о заказе: Трансфер на корпоративные мероприятия.","Расширение","Предложение по содержанию","","География URL; частотность не измерена","P2","Базовая фраза / предложение; не полная кластеризация выдачи","evidence/pages/85a6b7b5f81f9aa1.json"
"развозка гостей и координатора","https://zakazminivena.ru/b2b/events","Для бизнеса","Принять решение о заказе: Трансфер на корпоративные мероприятия.","Расширение","Вебмастер, архив 27.08","","География URL; частотность не измерена","P2","Базовая фраза / предложение; не полная кластеризация выдачи","evidence/pages/85a6b7b5f81f9aa1.json"
"Вахтовые перевозки персонала","https://zakazminivena.ru/b2b/shift-workers","Для бизнеса","Принять решение о заказе: Вахтовые перевозки персонала.","Расширение","Предложение по содержанию","","География URL; частотность не измерена","P2","Базовая фраза / предложение; не полная кластеризация выдачи","evidence/pages/a618cfd3f1dbf9c2.json"
"Медицинский трансфер на минивэне","https://zakazminivena.ru/b2b/medical","Для бизнеса","Принять решение о заказе: Медицинский трансфер на минивэне.","Расширение","Предложение по содержанию","","География URL; частотность не измерена","P1","Базовая фраза / предложение; не полная кластеризация выдачи","evidence/pages/016baf9361d47f6a.json"
"Срочная доставка грузов до 500 кг","https://zakazminivena.ru/b2b/cargo","Для бизнеса","Принять решение о заказе: Срочная доставка грузов до 500 кг.","Расширение","Предложение по содержанию","","География URL; частотность не измерена","P1","Базовая фраза / предложение; не полная кластеризация выдачи","evidence/pages/721510561c6fd3c4.json"
"минивэн шереметьево","https://zakazminivena.ru/airport/svo","Аэропорты","Принять решение о заказе: Минивэн в — встретим с табличкой, ждём при задержке рейса Шереметьево ( SVO ).","Ядро-кандидат","Wordstat · 2026-09-16","258","Россия","P1","Базовая фраза / предложение; не полная кластеризация выдачи","evidence/wordstat/76.json"
"минивэн аэропорт Шереметьево","https://zakazminivena.ru/airport/svo","Аэропорты","Принять решение о заказе: Минивэн в — встретим с табличкой, ждём при задержке рейса Шереметьево ( SVO ).","Ядро-кандидат","Предложение по содержанию","","География URL; частотность не измерена","P1","Базовая фраза / предложение; не полная кластеризация выдачи","evidence/pages/b2addb85bb09d39e.json"
"трансфер Шереметьево на минивэне","https://zakazminivena.ru/airport/svo","Аэропорты","Принять решение о заказе: Минивэн в — встретим с табличкой, ждём при задержке рейса Шереметьево ( SVO ).","Ядро-кандидат","Предложение по содержанию","","География URL; частотность не измерена","P1","Базовая фраза / предложение; не полная кластеризация выдачи","evidence/pages/b2addb85bb09d39e.json"
"заказать минивэн в аэропорт шереметьево","https://zakazminivena.ru/airport/svo","Аэропорты","Принять решение о заказе: Минивэн в — встретим с табличкой, ждём при задержке рейса Шереметьево ( SVO ).","Ядро-кандидат","Wordstat · наблюдаемая фраза 15.09","39","Россия","P1","Именованный аэропорт; уточнить точку назначения; назначение URL — гипотеза, не результат полной кластеризации SERP","evidence/wordstat-previous/wordstat-06.json"
"минивэн внуково","https://zakazminivena.ru/airport/vko","Аэропорты","Принять решение о заказе: Минивэн в — встретим с табличкой, ждём при задержке рейса Внуково ( VKO ).","Ядро-кандидат","Wordstat · 2026-09-16","138","Россия","P1","Базовая фраза / предложение; не полная кластеризация выдачи","evidence/wordstat/77.json"
"минивэн аэропорт Внуково","https://zakazminivena.ru/airport/vko","Аэропорты","Принять решение о заказе: Минивэн в — встретим с табличкой, ждём при задержке рейса Внуково ( VKO ).","Ядро-кандидат","Предложение по содержанию","","География URL; частотность не измерена","P1","Базовая фраза / предложение; не полная кластеризация выдачи","evidence/pages/8fecaf8b2c795d99.json"
"трансфер Внуково на минивэне","https://zakazminivena.ru/airport/vko","Аэропорты","Принять решение о заказе: Минивэн в — встретим с табличкой, ждём при задержке рейса Внуково ( VKO ).","Ядро-кандидат","Предложение по содержанию","","География URL; частотность не измерена","P1","Базовая фраза / предложение; не полная кластеризация выдачи","evidence/pages/8fecaf8b2c795d99.json"
"заказ минивэна в аэропорт внуково","https://zakazminivena.ru/airport/vko","Аэропорты","Принять решение о заказе: Минивэн в — встретим с табличкой, ждём при задержке рейса Внуково ( VKO ).","Ядро-кандидат","Вебмастер, архив 27.08","","География URL; частотность не измерена","P1","Базовая фраза / предложение; не полная кластеризация выдачи","evidence/pages/8fecaf8b2c795d99.json"
"минивэн домодедово","https://zakazminivena.ru/airport/dme","Аэропорты","Принять решение о заказе: Минивэн в — встретим с табличкой, ждём при задержке рейса Домодедово ( DME ).","Ядро-кандидат","Wordstat · 2026-09-16","184","Россия","P1","Базовая фраза / предложение; не полная кластеризация выдачи","evidence/wordstat/78.json"
"минивэн аэропорт домодедово","https://zakazminivena.ru/airport/dme","Аэропорты","Принять решение о заказе: Минивэн в — встретим с табличкой, ждём при задержке рейса Домодедово ( DME ).","Ядро-кандидат","Wordstat · наблюдаемая фраза 15.09","74","Россия","P1","Именованный аэропорт; уточнить точку назначения; назначение URL — гипотеза, не результат полной кластеризации SERP","evidence/wordstat-previous/wordstat-06.json"
"трансфер Домодедово на минивэне","https://zakazminivena.ru/airport/dme","Аэропорты","Принять решение о заказе: Минивэн в — встретим с табличкой, ждём при задержке рейса Домодедово ( DME ).","Ядро-кандидат","Предложение по содержанию","","География URL; частотность не измерена","P1","Базовая фраза / предложение; не полная кластеризация выдачи","evidence/pages/9f9f5ceaee6e2cf7.json"
"заказать минивэн в аэропорт домодедово","https://zakazminivena.ru/airport/dme","Аэропорты","Принять решение о заказе: Минивэн в — встретим с табличкой, ждём при задержке рейса Домодедово ( DME ).","Ядро-кандидат","Wordstat · наблюдаемая фраза 15.09","13","Россия","P1","Именованный аэропорт; уточнить точку назначения; назначение URL — гипотеза, не результат полной кластеризации SERP","evidence/wordstat-previous/wordstat-06.json"
"минивэн жуковский","https://zakazminivena.ru/airport/zia","Аэропорты","Принять решение о заказе: Минивэн в — встретим с табличкой, ждём при задержке рейса Жуковский ( ZIA ).","Ядро-кандидат","Wordstat · 2026-09-16","17","Россия","P2","Базовая фраза / предложение; не полная кластеризация выдачи","evidence/wordstat/79.json"
"минивэн аэропорт Жуковский","https://zakazminivena.ru/airport/zia","Аэропорты","Принять решение о заказе: Минивэн в — встретим с табличкой, ждём при задержке рейса Жуковский ( ZIA ).","Ядро-кандидат","Предложение по содержанию","","География URL; частотность не измерена","P2","Базовая фраза / предложение; не полная кластеризация выдачи","evidence/pages/b7a1dafa99e25134.json"
"трансфер Жуковский на минивэне","https://zakazminivena.ru/airport/zia","Аэропорты","Принять решение о заказе: Минивэн в — встретим с табличкой, ждём при задержке рейса Жуковский ( ZIA ).","Ядро-кандидат","Предложение по содержанию","","География URL; частотность не измерена","P2","Базовая фраза / предложение; не полная кластеризация выдачи","evidence/pages/b7a1dafa99e25134.json"
"минивэн пулково","https://zakazminivena.ru/airport/led","Аэропорты","Принять решение о заказе: Минивэн в — встретим с табличкой, ждём при задержке рейса Пулково ( LED ).","Ядро-кандидат","Wordstat · 2026-09-16","57","Россия","P1","Базовая фраза / предложение; не полная кластеризация выдачи","evidence/wordstat/80.json"
"минивэн аэропорт Пулково","https://zakazminivena.ru/airport/led","Аэропорты","Принять решение о заказе: Минивэн в — встретим с табличкой, ждём при задержке рейса Пулково ( LED ).","Ядро-кандидат","Предложение по содержанию","","География URL; частотность не измерена","P1","Базовая фраза / предложение; не полная кластеризация выдачи","evidence/pages/bbefc4aad445b791.json"
"трансфер Пулково на минивэне","https://zakazminivena.ru/airport/led","Аэропорты","Принять решение о заказе: Минивэн в — встретим с табличкой, ждём при задержке рейса Пулково ( LED ).","Ядро-кандидат","Предложение по содержанию","","География URL; частотность не измерена","P1","Базовая фраза / предложение; не полная кластеризация выдачи","evidence/pages/bbefc4aad445b791.json"
"минивэн пулково заказать онлайн","https://zakazminivena.ru/airport/led","Аэропорты","Принять решение о заказе: Минивэн в — встретим с табличкой, ждём при задержке рейса Пулково ( LED ).","Ядро-кандидат","Вебмастер, архив 27.08","","География URL; частотность не измерена","P1","Базовая фраза / предложение; не полная кластеризация выдачи","evidence/pages/bbefc4aad445b791.json"
"минивэн аэропорт Сочи (Адлер)","https://zakazminivena.ru/airport/aer","Аэропорты","Принять решение о заказе: Минивэн в — встретим с табличкой, ждём при задержке рейса Сочи (Адлер) ( AER ).","Ядро-кандидат","Предложение по содержанию","","География URL; частотность не измерена","P2","Базовая фраза / предложение; не полная кластеризация выдачи","evidence/pages/758f8d52c6717d1d.json"
"трансфер Сочи (Адлер) на минивэне","https://zakazminivena.ru/airport/aer","Аэропорты","Принять решение о заказе: Минивэн в — встретим с табличкой, ждём при задержке рейса Сочи (Адлер) ( AER ).","Ядро-кандидат","Предложение по содержанию","","География URL; частотность не измерена","P2","Базовая фраза / предложение; не полная кластеризация выдачи","evidence/pages/758f8d52c6717d1d.json"
"минивэн аэропорт Минеральные Воды","https://zakazminivena.ru/airport/mrv","Аэропорты","Принять решение о заказе: Минивэн в — встретим с табличкой, ждём при задержке рейса Минеральные Воды ( MRV ).","Ядро-кандидат","Предложение по содержанию","","География URL; частотность не измерена","P2","Базовая фраза / предложение; не полная кластеризация выдачи","evidence/pages/5e334436dce84979.json"
"трансфер Минеральные Воды на минивэне","https://zakazminivena.ru/airport/mrv","Аэропорты","Принять решение о заказе: Минивэн в — встретим с табличкой, ждём при задержке рейса Минеральные Воды ( MRV ).","Ядро-кандидат","Предложение по содержанию","","География URL; частотность не измерена","P2","Базовая фраза / предложение; не полная кластеризация выдачи","evidence/pages/5e334436dce84979.json"
"минивэн аэропорт Анапа","https://zakazminivena.ru/airport/aaq","Аэропорты","Принять решение о заказе: Минивэн в — встретим с табличкой, ждём при задержке рейса Анапа ( AAQ ).","Ядро-кандидат","Предложение по содержанию","","География URL; частотность не измерена","P2","Базовая фраза / предложение; не полная кластеризация выдачи","evidence/pages/b6fe31716269dcba.json"
"трансфер Анапа на минивэне","https://zakazminivena.ru/airport/aaq","Аэропорты","Принять решение о заказе: Минивэн в — встретим с табличкой, ждём при задержке рейса Анапа ( AAQ ).","Ядро-кандидат","Предложение по содержанию","","География URL; частотность не измерена","P2","Базовая фраза / предложение; не полная кластеризация выдачи","evidence/pages/b6fe31716269dcba.json"
"минивэн аэропорт краснодар","https://zakazminivena.ru/airport/krr","Аэропорты","Принять решение о заказе: Минивэн в — встретим с табличкой, ждём при задержке рейса Краснодар ( KRR ).","Ядро-кандидат","Wordstat · наблюдаемая фраза 15.09","29","Россия","P2","Именованный аэропорт; уточнить точку назначения; назначение URL — гипотеза, не результат полной кластеризации SERP","evidence/wordstat-previous/wordstat-06.json"
"трансфер Краснодар на минивэне","https://zakazminivena.ru/airport/krr","Аэропорты","Принять решение о заказе: Минивэн в — встретим с табличкой, ждём при задержке рейса Краснодар ( KRR ).","Ядро-кандидат","Предложение по содержанию","","География URL; частотность не измерена","P2","Базовая фраза / предложение; не полная кластеризация выдачи","evidence/pages/541175095517af0f.json"
"минивэн аэропорт Симферополь","https://zakazminivena.ru/airport/sip","Аэропорты","Принять решение о заказе: Минивэн в — встретим с табличкой, ждём при задержке рейса Симферополь ( SIP ).","Ядро-кандидат","Предложение по содержанию","","География URL; частотность не измерена","P2","Базовая фраза / предложение; не полная кластеризация выдачи","evidence/pages/455bb1dd9ae7153d.json"
"трансфер Симферополь на минивэне","https://zakazminivena.ru/airport/sip","Аэропорты","Принять решение о заказе: Минивэн в — встретим с табличкой, ждём при задержке рейса Симферополь ( SIP ).","Ядро-кандидат","Предложение по содержанию","","География URL; частотность не измерена","P2","Базовая фраза / предложение; не полная кластеризация выдачи","evidence/pages/455bb1dd9ae7153d.json"
"минивэн аэропорт Калининград","https://zakazminivena.ru/airport/kgd","Аэропорты","Принять решение о заказе: Минивэн в — встретим с табличкой, ждём при задержке рейса Калининград ( KGD ).","Ядро-кандидат","Предложение по содержанию","","География URL; частотность не измерена","P2","Базовая фраза / предложение; не полная кластеризация выдачи","evidence/pages/87a5a863a42db803.json"
"трансфер Калининград на минивэне","https://zakazminivena.ru/airport/kgd","Аэропорты","Принять решение о заказе: Минивэн в — встретим с табличкой, ждём при задержке рейса Калининград ( KGD ).","Ядро-кандидат","Предложение по содержанию","","География URL; частотность не измерена","P2","Базовая фраза / предложение; не полная кластеризация выдачи","evidence/pages/87a5a863a42db803.json"
"минивэн калининград аэропорт храброво","https://zakazminivena.ru/airport/kgd","Аэропорты","Принять решение о заказе: Минивэн в — встретим с табличкой, ждём при задержке рейса Калининград ( KGD ).","Ядро-кандидат","Вебмастер, архив 27.08","","География URL; частотность не измерена","P2","Базовая фраза / предложение; не полная кластеризация выдачи","evidence/pages/87a5a863a42db803.json"
"минивэн аэропорт казань","https://zakazminivena.ru/airport/kzn","Аэропорты","Принять решение о заказе: Минивэн в — встретим с табличкой, ждём при задержке рейса Казань ( KZN ).","Ядро-кандидат","Wordstat · наблюдаемая фраза 15.09","50","Россия","P2","Именованный аэропорт; уточнить точку назначения; назначение URL — гипотеза, не результат полной кластеризации SERP","evidence/wordstat-previous/wordstat-06.json"
"трансфер Казань на минивэне","https://zakazminivena.ru/airport/kzn","Аэропорты","Принять решение о заказе: Минивэн в — встретим с табличкой, ждём при задержке рейса Казань ( KZN ).","Ядро-кандидат","Предложение по содержанию","","География URL; частотность не измерена","P2","Базовая фраза / предложение; не полная кластеризация выдачи","evidence/pages/5ff0583f3d5c376c.json"
"доставка до аэропорта казань минивэн","https://zakazminivena.ru/airport/kzn","Аэропорты","Принять решение о заказе: Минивэн в — встретим с табличкой, ждём при задержке рейса Казань ( KZN ).","Ядро-кандидат","Вебмастер, архив 27.08","","География URL; частотность не измерена","P2","Базовая фраза / предложение; не полная кластеризация выдачи","evidence/pages/5ff0583f3d5c376c.json"
"минивэн екатеринбург (кольцово)","https://zakazminivena.ru/airport/svx","Аэропорты","Принять решение о заказе: Минивэн в — встретим с табличкой, ждём при задержке рейса Екатеринбург (Кольцово) ( SVX ).","Ядро-кандидат","Wordstat · 2026-09-16","12","Россия","P2","Базовая фраза / предложение; не полная кластеризация выдачи","evidence/wordstat/88.json"
"минивэн аэропорт Екатеринбург (Кольцово)","https://zakazminivena.ru/airport/svx","Аэропорты","Принять решение о заказе: Минивэн в — встретим с табличкой, ждём при задержке рейса Екатеринбург (Кольцово) ( SVX ).","Ядро-кандидат","Предложение по содержанию","","География URL; частотность не измерена","P2","Базовая фраза / предложение; не полная кластеризация выдачи","evidence/pages/85692045cd45b9e0.json"
"трансфер Екатеринбург (Кольцово) на минивэне","https://zakazminivena.ru/airport/svx","Аэропорты","Принять решение о заказе: Минивэн в — встретим с табличкой, ждём при задержке рейса Екатеринбург (Кольцово) ( SVX ).","Ядро-кандидат","Предложение по содержанию","","География URL; частотность не измерена","P2","Базовая фраза / предложение; не полная кластеризация выдачи","evidence/pages/85692045cd45b9e0.json"
"минивэн в кольцово","https://zakazminivena.ru/airport/svx","Аэропорты","Принять решение о заказе: Минивэн в — встретим с табличкой, ждём при задержке рейса Екатеринбург (Кольцово) ( SVX ).","Ядро-кандидат","Вебмастер, архив 27.08","","География URL; частотность не измерена","P2","Базовая фраза / предложение; не полная кластеризация выдачи","evidence/pages/85692045cd45b9e0.json"
"минивэн новосибирск (толмачёво)","https://zakazminivena.ru/airport/ovb","Аэропорты","Принять решение о заказе: Минивэн в — встретим с табличкой, ждём при задержке рейса Новосибирск (Толмачёво) ( OVB ).","Ядро-кандидат","Wordstat · 2026-09-16","6","Россия","P2","Базовая фраза / предложение; не полная кластеризация выдачи","evidence/wordstat/89.json"
"минивэн аэропорт Новосибирск (Толмачёво)","https://zakazminivena.ru/airport/ovb","Аэропорты","Принять решение о заказе: Минивэн в — встретим с табличкой, ждём при задержке рейса Новосибирск (Толмачёво) ( OVB ).","Ядро-кандидат","Предложение по содержанию","","География URL; частотность не измерена","P2","Базовая фраза / предложение; не полная кластеризация выдачи","evidence/pages/7bb28d0e8f580479.json"
"трансфер Новосибирск (Толмачёво) на минивэне","https://zakazminivena.ru/airport/ovb","Аэропорты","Принять решение о заказе: Минивэн в — встретим с табличкой, ждём при задержке рейса Новосибирск (Толмачёво) ( OVB ).","Ядро-кандидат","Предложение по содержанию","","География URL; частотность не измерена","P2","Базовая фраза / предложение; не полная кластеризация выдачи","evidence/pages/7bb28d0e8f580479.json"
"заказать минивэн до аэропорта в новосибирске","https://zakazminivena.ru/airport/ovb","Аэропорты","Принять решение о заказе: Минивэн в — встретим с табличкой, ждём при задержке рейса Новосибирск (Толмачёво) ( OVB ).","Ядро-кандидат","Вебмастер, архив 27.08","","География URL; частотность не измерена","P2","Базовая фраза / предложение; не полная кластеризация выдачи","evidence/pages/7bb28d0e8f580479.json"
"минивэн аэропорт Иркутск","https://zakazminivena.ru/airport/ikt","Аэропорты","Принять решение о заказе: Минивэн в — встретим с табличкой, ждём при задержке рейса Иркутск ( IKT ).","Ядро-кандидат","Предложение по содержанию","","География URL; частотность не измерена","P2","Базовая фраза / предложение; не полная кластеризация выдачи","evidence/pages/cb5e749f15bc9245.json"
"трансфер Иркутск на минивэне","https://zakazminivena.ru/airport/ikt","Аэропорты","Принять решение о заказе: Минивэн в — встретим с табличкой, ждём при задержке рейса Иркутск ( IKT ).","Ядро-кандидат","Предложение по содержанию","","География URL; частотность не измерена","P2","Базовая фраза / предложение; не полная кластеризация выдачи","evidence/pages/cb5e749f15bc9245.json"
"минивэн аэропорт Мурманск","https://zakazminivena.ru/airport/mmk","Аэропорты","Принять решение о заказе: Минивэн в — встретим с табличкой, ждём при задержке рейса Мурманск ( MMK ).","Ядро-кандидат","Предложение по содержанию","","География URL; частотность не измерена","P1","Базовая фраза / предложение; не полная кластеризация выдачи","evidence/pages/7a1ec7427e50edcb.json"
"трансфер Мурманск на минивэне","https://zakazminivena.ru/airport/mmk","Аэропорты","Принять решение о заказе: Минивэн в — встретим с табличкой, ждём при задержке рейса Мурманск ( MMK ).","Ядро-кандидат","Предложение по содержанию","","География URL; частотность не измерена","P1","Базовая фраза / предложение; не полная кластеризация выдачи","evidence/pages/7a1ec7427e50edcb.json"
"заказ минивена в мурманске","https://zakazminivena.ru/airport/mmk","Аэропорты","Принять решение о заказе: Минивэн в — встретим с табличкой, ждём при задержке рейса Мурманск ( MMK ).","Ядро-кандидат","Вебмастер, архив 27.08","","География URL; частотность не измерена","P1","Базовая фраза / предложение; не полная кластеризация выдачи","evidence/pages/7a1ec7427e50edcb.json"
"минивэн шереметьево центр москвы","https://zakazminivena.ru/airport/svo/moscow-center","Из аэропорта","Принять решение о заказе: SVO → центр Москвы, 35 км.","Расширение","Предложение по содержанию","","Россия","P2","Базовая фраза / предложение; не полная кластеризация выдачи","evidence/wordstat/92.json"
"минивэн аэропорт Шереметьево центр Москвы","https://zakazminivena.ru/airport/svo/moscow-center","Из аэропорта","Принять решение о заказе: SVO → центр Москвы, 35 км.","Расширение","Предложение по содержанию","","География URL; частотность не измерена","P2","Базовая фраза / предложение; не полная кластеризация выдачи","evidence/pages/0b41239ded3541fb.json"
"трансфер аэропорт Шереметьево центр Москвы минивэн","https://zakazminivena.ru/airport/svo/moscow-center","Из аэропорта","Принять решение о заказе: SVO → центр Москвы, 35 км.","Расширение","Предложение по содержанию","","География URL; частотность не измерена","P2","Базовая фраза / предложение; не полная кластеризация выдачи","evidence/pages/0b41239ded3541fb.json"
"минивэн шереметьево москва-сити","https://zakazminivena.ru/airport/svo/moscow-city","Из аэропорта","Принять решение о заказе: SVO → Москва-Сити, 38 км.","Расширение","Предложение по содержанию","","Россия","P0","Базовая фраза / предложение; не полная кластеризация выдачи","evidence/wordstat/93.json"
"минивэн аэропорт Шереметьево Москва-Сити","https://zakazminivena.ru/airport/svo/moscow-city","Из аэропорта","Принять решение о заказе: SVO → Москва-Сити, 38 км.","Расширение","Предложение по содержанию","","География URL; частотность не измерена","P0","Базовая фраза / предложение; не полная кластеризация выдачи","evidence/pages/2c134b0a87d06cde.json"
"трансфер аэропорт Шереметьево Москва-Сити минивэн","https://zakazminivena.ru/airport/svo/moscow-city","Из аэропорта","Принять решение о заказе: SVO → Москва-Сити, 38 км.","Расширение","Предложение по содержанию","","География URL; частотность не измерена","P0","Базовая фраза / предложение; не полная кластеризация выдачи","evidence/pages/2c134b0a87d06cde.json"
"шереметьево москва сити расстояние","https://zakazminivena.ru/airport/svo/moscow-city","Из аэропорта","Принять решение о заказе: SVO → Москва-Сити, 38 км.","Расширение","Вебмастер, архив 27.08","","География URL; частотность не измерена","P0","Базовая фраза / предложение; не полная кластеризация выдачи","evidence/pages/2c134b0a87d06cde.json"
"минивэн шереметьево вднх","https://zakazminivena.ru/airport/svo/vdnh","Из аэропорта","Принять решение о заказе: SVO → ВДНХ, 20 км.","Расширение","Предложение по содержанию","","Россия","P2","Базовая фраза / предложение; не полная кластеризация выдачи","evidence/wordstat/94.json"
"минивэн аэропорт Шереметьево ВДНХ","https://zakazminivena.ru/airport/svo/vdnh","Из аэропорта","Принять решение о заказе: SVO → ВДНХ, 20 км.","Расширение","Предложение по содержанию","","География URL; частотность не измерена","P2","Базовая фраза / предложение; не полная кластеризация выдачи","evidence/pages/3702a14ae6e12279.json"
"трансфер аэропорт Шереметьево ВДНХ минивэн","https://zakazminivena.ru/airport/svo/vdnh","Из аэропорта","Принять решение о заказе: SVO → ВДНХ, 20 км.","Расширение","Предложение по содержанию","","География URL; частотность не измерена","P2","Базовая фраза / предложение; не полная кластеризация выдачи","evidence/pages/3702a14ae6e12279.json"
"минивэн шереметьево подольск","https://zakazminivena.ru/airport/svo/podolsk","Из аэропорта","Принять решение о заказе: SVO → Подольск, 70 км.","Расширение","Wordstat · 2026-09-16","5","Россия","P2","Базовая фраза / предложение; не полная кластеризация выдачи","evidence/wordstat/95.json"
"минивэн аэропорт Шереметьево Подольск","https://zakazminivena.ru/airport/svo/podolsk","Из аэропорта","Принять решение о заказе: SVO → Подольск, 70 км.","Расширение","Предложение по содержанию","","География URL; частотность не измерена","P2","Базовая фраза / предложение; не полная кластеризация выдачи","evidence/pages/b3c843f5578f1834.json"
"трансфер аэропорт Шереметьево Подольск минивэн","https://zakazminivena.ru/airport/svo/podolsk","Из аэропорта","Принять решение о заказе: SVO → Подольск, 70 км.","Расширение","Предложение по содержанию","","География URL; частотность не измерена","P2","Базовая фраза / предложение; не полная кластеризация выдачи","evidence/pages/b3c843f5578f1834.json"
"минивэн шереметьево зеленоград","https://zakazminivena.ru/airport/svo/zelenograd","Из аэропорта","Принять решение о заказе: SVO → Зеленоград, 22 км.","Расширение","Предложение по содержанию","","Россия","P2","Базовая фраза / предложение; не полная кластеризация выдачи","evidence/wordstat/96.json"
"минивэн аэропорт Шереметьево Зеленоград","https://zakazminivena.ru/airport/svo/zelenograd","Из аэропорта","Принять решение о заказе: SVO → Зеленоград, 22 км.","Расширение","Предложение по содержанию","","География URL; частотность не измерена","P2","Базовая фраза / предложение; не полная кластеризация выдачи","evidence/pages/a0e151dad94c717d.json"
"трансфер аэропорт Шереметьево Зеленоград минивэн","https://zakazminivena.ru/airport/svo/zelenograd","Из аэропорта","Принять решение о заказе: SVO → Зеленоград, 22 км.","Расширение","Предложение по содержанию","","География URL; частотность не измерена","P2","Базовая фраза / предложение; не полная кластеризация выдачи","evidence/pages/a0e151dad94c717d.json"
"сколько стоит трансфер 4 человек из шереметьево до зеленограда микроавтобус","https://zakazminivena.ru/airport/svo/zelenograd","Из аэропорта","Принять решение о заказе: SVO → Зеленоград, 22 км.","Расширение","Вебмастер, архив 27.08","","География URL; частотность не измерена","P2","Базовая фраза / предложение; не полная кластеризация выдачи","evidence/pages/a0e151dad94c717d.json"
"минивэн шереметьево тверь","https://zakazminivena.ru/airport/svo/tver","Из аэропорта","Принять решение о заказе: SVO → Тверь, 170 км.","Расширение","Wordstat · 2026-09-16","1","Россия","P2","Базовая фраза / предложение; не полная кластеризация выдачи","evidence/wordstat/97.json"
"минивэн аэропорт Шереметьево Тверь","https://zakazminivena.ru/airport/svo/tver","Из аэропорта","Принять решение о заказе: SVO → Тверь, 170 км.","Расширение","Предложение по содержанию","","География URL; частотность не измерена","P2","Базовая фраза / предложение; не полная кластеризация выдачи","evidence/pages/59520941a0d0a18a.json"
"трансфер аэропорт Шереметьево Тверь минивэн","https://zakazminivena.ru/airport/svo/tver","Из аэропорта","Принять решение о заказе: SVO → Тверь, 170 км.","Расширение","Предложение по содержанию","","География URL; частотность не измерена","P2","Базовая фраза / предложение; не полная кластеризация выдачи","evidence/pages/59520941a0d0a18a.json"
"встретить из шереметьево в тверь","https://zakazminivena.ru/airport/svo/tver","Из аэропорта","Принять решение о заказе: SVO → Тверь, 170 км.","Расширение","Вебмастер, архив 27.08","","География URL; частотность не измерена","P2","Базовая фраза / предложение; не полная кластеризация выдачи","evidence/pages/59520941a0d0a18a.json"
"минивэн пулково центр спб","https://zakazminivena.ru/airport/led/spb-center","Из аэропорта","Принять решение о заказе: LED → центр СПб, 20 км.","Расширение","Предложение по содержанию","","Россия","P1","Базовая фраза / предложение; не полная кластеризация выдачи","evidence/wordstat/98.json"
"минивэн аэропорт Пулково центр СПб","https://zakazminivena.ru/airport/led/spb-center","Из аэропорта","Принять решение о заказе: LED → центр СПб, 20 км.","Расширение","Предложение по содержанию","","География URL; частотность не измерена","P1","Базовая фраза / предложение; не полная кластеризация выдачи","evidence/pages/b20dad52212f93a7.json"
"трансфер аэропорт Пулково центр СПб минивэн","https://zakazminivena.ru/airport/led/spb-center","Из аэропорта","Принять решение о заказе: LED → центр СПб, 20 км.","Расширение","Предложение по содержанию","","География URL; частотность не измерена","P1","Базовая фраза / предложение; не полная кластеризация выдачи","evidence/pages/b20dad52212f93a7.json"
"минивэн из пулково в центр питера","https://zakazminivena.ru/airport/led/spb-center","Из аэропорта","Принять решение о заказе: LED → центр СПб, 20 км.","Расширение","Вебмастер, архив 27.08","","География URL; частотность не измерена","P1","Базовая фраза / предложение; не полная кластеризация выдачи","evidence/pages/b20dad52212f93a7.json"
"минивэн пулково сортавала","https://zakazminivena.ru/airport/led/sortavala","Из аэропорта","Принять решение о заказе: LED → Сортавала, 320 км.","Расширение","Предложение по содержанию","","Россия","P2","Базовая фраза / предложение; не полная кластеризация выдачи","evidence/wordstat/99.json"
"минивэн аэропорт Пулково Сортавала","https://zakazminivena.ru/airport/led/sortavala","Из аэропорта","Принять решение о заказе: LED → Сортавала, 320 км.","Расширение","Предложение по содержанию","","География URL; частотность не измерена","P2","Базовая фраза / предложение; не полная кластеризация выдачи","evidence/pages/6bffc31fb3f6249f.json"
"трансфер аэропорт Пулково Сортавала минивэн","https://zakazminivena.ru/airport/led/sortavala","Из аэропорта","Принять решение о заказе: LED → Сортавала, 320 км.","Расширение","Предложение по содержанию","","География URL; частотность не измерена","P2","Базовая фраза / предложение; не полная кластеризация выдачи","evidence/pages/6bffc31fb3f6249f.json"
"минивэн от санкт петербурга до сортавалы сколько стоит","https://zakazminivena.ru/airport/led/sortavala","Из аэропорта","Принять решение о заказе: LED → Сортавала, 320 км.","Расширение","Вебмастер, архив 27.08","","География URL; частотность не измерена","P2","Базовая фраза / предложение; не полная кластеризация выдачи","evidence/pages/6bffc31fb3f6249f.json"
"минивэн пулково петрозаводск","https://zakazminivena.ru/airport/led/petrozavodsk","Из аэропорта","Принять решение о заказе: LED → Петрозаводск, 440 км.","Расширение","Предложение по содержанию","","Россия","P2","Базовая фраза / предложение; не полная кластеризация выдачи","evidence/wordstat/100.json"
"минивэн аэропорт Пулково Петрозаводск","https://zakazminivena.ru/airport/led/petrozavodsk","Из аэропорта","Принять решение о заказе: LED → Петрозаводск, 440 км.","Расширение","Предложение по содержанию","","География URL; частотность не измерена","P2","Базовая фраза / предложение; не полная кластеризация выдачи","evidence/pages/4410589ef1333fe0.json"
"трансфер аэропорт Пулково Петрозаводск минивэн","https://zakazminivena.ru/airport/led/petrozavodsk","Из аэропорта","Принять решение о заказе: LED → Петрозаводск, 440 км.","Расширение","Предложение по содержанию","","География URL; частотность не измерена","P2","Базовая фраза / предложение; не полная кластеризация выдачи","evidence/pages/4410589ef1333fe0.json"
"минивэн аэропорт Пулково Выборг","https://zakazminivena.ru/airport/led/vyborg","Из аэропорта","Принять решение о заказе: LED → Выборг, 145 км.","Расширение","Предложение по содержанию","","География URL; частотность не измерена","P2","Базовая фраза / предложение; не полная кластеризация выдачи","evidence/pages/4e79ef35a4744342.json"
"трансфер аэропорт Пулково Выборг минивэн","https://zakazminivena.ru/airport/led/vyborg","Из аэропорта","Принять решение о заказе: LED → Выборг, 145 км.","Расширение","Предложение по содержанию","","География URL; частотность не измерена","P2","Базовая фраза / предложение; не полная кластеризация выдачи","evidence/pages/4e79ef35a4744342.json"
"пулково выборг частная машина","https://zakazminivena.ru/airport/led/vyborg","Из аэропорта","Принять решение о заказе: LED → Выборг, 145 км.","Расширение","Вебмастер, архив 27.08","","География URL; частотность не измерена","P2","Базовая фраза / предложение; не полная кластеризация выдачи","evidence/pages/4e79ef35a4744342.json"
"минивэн аэропорт Пулково Приозерск","https://zakazminivena.ru/airport/led/priozersk","Из аэропорта","Принять решение о заказе: LED → Приозерск, 165 км.","Расширение","Предложение по содержанию","","География URL; частотность не измерена","P2","Базовая фраза / предложение; не полная кластеризация выдачи","evidence/pages/d22fd320077b1f84.json"
"трансфер аэропорт Пулково Приозерск минивэн","https://zakazminivena.ru/airport/led/priozersk","Из аэропорта","Принять решение о заказе: LED → Приозерск, 165 км.","Расширение","Предложение по содержанию","","География URL; частотность не измерена","P2","Базовая фраза / предложение; не полная кластеризация выдачи","evidence/pages/d22fd320077b1f84.json"
"минивэн аэропорт Пулково финская граница (Торфяновка/Брусничное)","https://zakazminivena.ru/airport/led/finlandia-border","Из аэропорта","Принять решение о заказе: LED → финская граница (Торфяновка/Брусничное), 200 км.","Расширение","Предложение по содержанию","","География URL; частотность не измерена","P2","Базовая фраза / предложение; не полная кластеризация выдачи","evidence/pages/e7101b8aa2e119be.json"
"трансфер аэропорт Пулково финская граница (Торфяновка/Брусничное) минивэн","https://zakazminivena.ru/airport/led/finlandia-border","Из аэропорта","Принять решение о заказе: LED → финская граница (Торфяновка/Брусничное), 200 км.","Расширение","Предложение по содержанию","","География URL; частотность не измерена","P2","Базовая фраза / предложение; не полная кластеризация выдачи","evidence/pages/e7101b8aa2e119be.json"
"минивэн аэропорт Сочи (Адлер) центр Сочи","https://zakazminivena.ru/airport/aer/sochi-center","Из аэропорта","Принять решение о заказе: AER → центр Сочи, 30 км.","Расширение","Предложение по содержанию","","География URL; частотность не измерена","P2","Базовая фраза / предложение; не полная кластеризация выдачи","evidence/pages/3bffd3f07fc5c65d.json"
"трансфер аэропорт Сочи (Адлер) центр Сочи минивэн","https://zakazminivena.ru/airport/aer/sochi-center","Из аэропорта","Принять решение о заказе: AER → центр Сочи, 30 км.","Расширение","Предложение по содержанию","","География URL; частотность не измерена","P2","Базовая фраза / предложение; не полная кластеризация выдачи","evidence/pages/3bffd3f07fc5c65d.json"
"минивэн аэропорт Сочи (Адлер) Красная Поляна","https://zakazminivena.ru/airport/aer/krasnaya-polyana","Из аэропорта","Принять решение о заказе: AER → Красная Поляна, 50 км.","Расширение","Предложение по содержанию","","География URL; частотность не измерена","P2","Базовая фраза / предложение; не полная кластеризация выдачи","evidence/pages/259aefe692cce728.json"
"трансфер аэропорт Сочи (Адлер) Красная Поляна минивэн","https://zakazminivena.ru/airport/aer/krasnaya-polyana","Из аэропорта","Принять решение о заказе: AER → Красная Поляна, 50 км.","Расширение","Предложение по содержанию","","География URL; частотность не измерена","P2","Базовая фраза / предложение; не полная кластеризация выдачи","evidence/pages/259aefe692cce728.json"
"минивэн аэропорт Сочи (Адлер) Роза Хутор","https://zakazminivena.ru/airport/aer/rosa-khutor","Из аэропорта","Принять решение о заказе: AER → Роза Хутор, 55 км.","Расширение","Предложение по содержанию","","География URL; частотность не измерена","P2","Базовая фраза / предложение; не полная кластеризация выдачи","evidence/pages/6d7de90542ba9ed2.json"
"трансфер аэропорт Сочи (Адлер) Роза Хутор минивэн","https://zakazminivena.ru/airport/aer/rosa-khutor","Из аэропорта","Принять решение о заказе: AER → Роза Хутор, 55 км.","Расширение","Предложение по содержанию","","География URL; частотность не измерена","P2","Базовая фраза / предложение; не полная кластеризация выдачи","evidence/pages/6d7de90542ba9ed2.json"
"адлер роза хутор трансфер miniven","https://zakazminivena.ru/airport/aer/rosa-khutor","Из аэропорта","Принять решение о заказе: AER → Роза Хутор, 55 км.","Расширение","Вебмастер, архив 27.08","","География URL; частотность не измерена","P2","Базовая фраза / предложение; не полная кластеризация выдачи","evidence/pages/6d7de90542ba9ed2.json"
"минивэн аэропорт Сочи (Адлер) Абхазия (граница / Гагра)","https://zakazminivena.ru/airport/aer/abkhazia","Из аэропорта","Принять решение о заказе: AER → Абхазия (граница / Гагра), 60 км.","Расширение","Предложение по содержанию","","География URL; частотность не измерена","P2","Базовая фраза / предложение; не полная кластеризация выдачи","evidence/pages/5104222ad7ec96de.json"
"трансфер аэропорт Сочи (Адлер) Абхазия (граница / Гагра) минивэн","https://zakazminivena.ru/airport/aer/abkhazia","Из аэропорта","Принять решение о заказе: AER → Абхазия (граница / Гагра), 60 км.","Расширение","Предложение по содержанию","","География URL; частотность не измерена","P2","Базовая фраза / предложение; не полная кластеризация выдачи","evidence/pages/5104222ad7ec96de.json"
"минивэн аэропорт Сочи (Адлер) Гагра","https://zakazminivena.ru/airport/aer/gagra","Из аэропорта","Принять решение о заказе: AER → Гагра, 80 км.","Расширение","Предложение по содержанию","","География URL; частотность не измерена","P2","Базовая фраза / предложение; не полная кластеризация выдачи","evidence/pages/d0bdbd867628a29a.json"
"трансфер аэропорт Сочи (Адлер) Гагра минивэн","https://zakazminivena.ru/airport/aer/gagra","Из аэропорта","Принять решение о заказе: AER → Гагра, 80 км.","Расширение","Предложение по содержанию","","География URL; частотность не измерена","P2","Базовая фраза / предложение; не полная кластеризация выдачи","evidence/pages/d0bdbd867628a29a.json"
"адлер гагра минивэн","https://zakazminivena.ru/airport/aer/gagra","Из аэропорта","Принять решение о заказе: AER → Гагра, 80 км.","Расширение","Вебмастер, архив 27.08","","География URL; частотность не измерена","P2","Базовая фраза / предложение; не полная кластеризация выдачи","evidence/pages/d0bdbd867628a29a.json"
"минивэн аэропорт Сочи (Адлер) Сухум","https://zakazminivena.ru/airport/aer/sukhum","Из аэропорта","Принять решение о заказе: AER → Сухум, 145 км.","Расширение","Предложение по содержанию","","География URL; частотность не измерена","P2","Базовая фраза / предложение; не полная кластеризация выдачи","evidence/pages/a738f44efa368142.json"
"трансфер аэропорт Сочи (Адлер) Сухум минивэн","https://zakazminivena.ru/airport/aer/sukhum","Из аэропорта","Принять решение о заказе: AER → Сухум, 145 км.","Расширение","Предложение по содержанию","","География URL; частотность не измерена","P2","Базовая фраза / предложение; не полная кластеризация выдачи","evidence/pages/a738f44efa368142.json"
"минивэн аэропорт Домодедово Центр Москвы","https://zakazminivena.ru/airport/dme/moscow-center","Из аэропорта","Принять решение о заказе: DME → Центр Москвы, 45 км.","Расширение","Предложение по содержанию","","География URL; частотность не измерена","P2","Базовая фраза / предложение; не полная кластеризация выдачи","evidence/pages/ff1ef3a6faef589b.json"
"трансфер аэропорт Домодедово Центр Москвы минивэн","https://zakazminivena.ru/airport/dme/moscow-center","Из аэропорта","Принять решение о заказе: DME → Центр Москвы, 45 км.","Расширение","Предложение по содержанию","","География URL; частотность не измерена","P2","Базовая фраза / предложение; не полная кластеризация выдачи","evidence/pages/ff1ef3a6faef589b.json"
"минивэн аэропорт Домодедово Подольск","https://zakazminivena.ru/airport/dme/podolsk","Из аэропорта","Принять решение о заказе: DME → Подольск, 25 км.","Расширение","Предложение по содержанию","","География URL; частотность не измерена","P2","Базовая фраза / предложение; не полная кластеризация выдачи","evidence/pages/c21de9e7a7296128.json"
"трансфер аэропорт Домодедово Подольск минивэн","https://zakazminivena.ru/airport/dme/podolsk","Из аэропорта","Принять решение о заказе: DME → Подольск, 25 км.","Расширение","Предложение по содержанию","","География URL; частотность не измерена","P2","Базовая фраза / предложение; не полная кластеризация выдачи","evidence/pages/c21de9e7a7296128.json"
"такси минивэн с аэропорта домодедово в подольск цена","https://zakazminivena.ru/airport/dme/podolsk","Из аэропорта","Принять решение о заказе: DME → Подольск, 25 км.","Расширение","Вебмастер, архив 27.08","","География URL; частотность не измерена","P2","Базовая фраза / предложение; не полная кластеризация выдачи","evidence/pages/c21de9e7a7296128.json"
"минивэн аэропорт Домодедово Раменское","https://zakazminivena.ru/airport/dme/ramenskoe","Из аэропорта","Принять решение о заказе: DME → Раменское, 35 км.","Расширение","Предложение по содержанию","","География URL; частотность не измерена","P2","Базовая фраза / предложение; не полная кластеризация выдачи","evidence/pages/e4e03785d8b6808a.json"
"трансфер аэропорт Домодедово Раменское минивэн","https://zakazminivena.ru/airport/dme/ramenskoe","Из аэропорта","Принять решение о заказе: DME → Раменское, 35 км.","Расширение","Предложение по содержанию","","География URL; частотность не измерена","P2","Базовая фраза / предложение; не полная кластеризация выдачи","evidence/pages/e4e03785d8b6808a.json"
"минивэн аэропорт Домодедово Жуковский","https://zakazminivena.ru/airport/dme/zhukovskiy","Из аэропорта","Принять решение о заказе: DME → Жуковский, 40 км.","Расширение","Предложение по содержанию","","География URL; частотность не измерена","P2","Базовая фраза / предложение; не полная кластеризация выдачи","evidence/pages/9170d8c20ac8a146.json"
"трансфер аэропорт Домодедово Жуковский минивэн","https://zakazminivena.ru/airport/dme/zhukovskiy","Из аэропорта","Принять решение о заказе: DME → Жуковский, 40 км.","Расширение","Предложение по содержанию","","География URL; частотность не измерена","P2","Базовая фраза / предложение; не полная кластеризация выдачи","evidence/pages/9170d8c20ac8a146.json"
"минивэн аэропорт Домодедово Ступино","https://zakazminivena.ru/airport/dme/stupino","Из аэропорта","Принять решение о заказе: DME → Ступино, 50 км.","Расширение","Предложение по содержанию","","География URL; частотность не измерена","P2","Базовая фраза / предложение; не полная кластеризация выдачи","evidence/pages/115e9e1a2c20834b.json"
"трансфер аэропорт Домодедово Ступино минивэн","https://zakazminivena.ru/airport/dme/stupino","Из аэропорта","Принять решение о заказе: DME → Ступино, 50 км.","Расширение","Предложение по содержанию","","География URL; частотность не измерена","P2","Базовая фраза / предложение; не полная кластеризация выдачи","evidence/pages/115e9e1a2c20834b.json"
"минивэн аэропорт Домодедово Серпухов","https://zakazminivena.ru/airport/dme/serpukhov","Из аэропорта","Принять решение о заказе: DME → Серпухов, 75 км.","Расширение","Предложение по содержанию","","География URL; частотность не измерена","P2","Базовая фраза / предложение; не полная кластеризация выдачи","evidence/pages/818e76f135c89414.json"
"трансфер аэропорт Домодедово Серпухов минивэн","https://zakazminivena.ru/airport/dme/serpukhov","Из аэропорта","Принять решение о заказе: DME → Серпухов, 75 км.","Расширение","Предложение по содержанию","","География URL; частотность не измерена","P2","Базовая фраза / предложение; не полная кластеризация выдачи","evidence/pages/818e76f135c89414.json"
"минивэн аэропорт Внуково Центр Москвы","https://zakazminivena.ru/airport/vko/moscow-center","Из аэропорта","Принять решение о заказе: VKO → Центр Москвы, 30 км.","Расширение","Предложение по содержанию","","География URL; частотность не измерена","P2","Базовая фраза / предложение; не полная кластеризация выдачи","evidence/pages/56e4fe623ed6b4e3.json"
"трансфер аэропорт Внуково Центр Москвы минивэн","https://zakazminivena.ru/airport/vko/moscow-center","Из аэропорта","Принять решение о заказе: VKO → Центр Москвы, 30 км.","Расширение","Предложение по содержанию","","География URL; частотность не измерена","P2","Базовая фраза / предложение; не полная кластеризация выдачи","evidence/pages/56e4fe623ed6b4e3.json"
"минивэн аэропорт Внуково Москва-Сити","https://zakazminivena.ru/airport/vko/moscow-city","Из аэропорта","Принять решение о заказе: VKO → Москва-Сити, 32 км.","Расширение","Предложение по содержанию","","География URL; частотность не измерена","P0","Базовая фраза / предложение; не полная кластеризация выдачи","evidence/pages/bf684cbd70954b9f.json"
"трансфер аэропорт Внуково Москва-Сити минивэн","https://zakazminivena.ru/airport/vko/moscow-city","Из аэропорта","Принять решение о заказе: VKO → Москва-Сити, 32 км.","Расширение","Предложение по содержанию","","География URL; частотность не измерена","P0","Базовая фраза / предложение; не полная кластеризация выдачи","evidence/pages/bf684cbd70954b9f.json"
"внуково москва сити цена","https://zakazminivena.ru/airport/vko/moscow-city","Из аэропорта","Принять решение о заказе: VKO → Москва-Сити, 32 км.","Расширение","Вебмастер, архив 27.08","","География URL; частотность не измерена","P0","Базовая фраза / предложение; не полная кластеризация выдачи","evidence/pages/bf684cbd70954b9f.json"
"минивэн аэропорт Внуково Одинцово","https://zakazminivena.ru/airport/vko/odintsovo","Из аэропорта","Принять решение о заказе: VKO → Одинцово, 25 км.","Расширение","Предложение по содержанию","","География URL; частотность не измерена","P2","Базовая фраза / предложение; не полная кластеризация выдачи","evidence/pages/dc3ffd9c67b6029a.json"
"трансфер аэропорт Внуково Одинцово минивэн","https://zakazminivena.ru/airport/vko/odintsovo","Из аэропорта","Принять решение о заказе: VKO → Одинцово, 25 км.","Расширение","Предложение по содержанию","","География URL; частотность не измерена","P2","Базовая фраза / предложение; не полная кластеризация выдачи","evidence/pages/dc3ffd9c67b6029a.json"
"минивэн аэропорт Внуково Апрелевка","https://zakazminivena.ru/airport/vko/aprelevka","Из аэропорта","Принять решение о заказе: VKO → Апрелевка, 18 км.","Расширение","Предложение по содержанию","","География URL; частотность не измерена","P2","Базовая фраза / предложение; не полная кластеризация выдачи","evidence/pages/6805c5e26ed1b40b.json"
"трансфер аэропорт Внуково Апрелевка минивэн","https://zakazminivena.ru/airport/vko/aprelevka","Из аэропорта","Принять решение о заказе: VKO → Апрелевка, 18 км.","Расширение","Предложение по содержанию","","География URL; частотность не измерена","P2","Базовая фраза / предложение; не полная кластеризация выдачи","evidence/pages/6805c5e26ed1b40b.json"
"минивэн аэропорт Внуково Балашиха","https://zakazminivena.ru/airport/vko/balashikha","Из аэропорта","Принять решение о заказе: VKO → Балашиха, 55 км.","Расширение","Предложение по содержанию","","География URL; частотность не измерена","P2","Базовая фраза / предложение; не полная кластеризация выдачи","evidence/pages/adbfc64a06b68ad1.json"
"трансфер аэропорт Внуково Балашиха минивэн","https://zakazminivena.ru/airport/vko/balashikha","Из аэропорта","Принять решение о заказе: VKO → Балашиха, 55 км.","Расширение","Предложение по содержанию","","География URL; частотность не измерена","P2","Базовая фраза / предложение; не полная кластеризация выдачи","evidence/pages/adbfc64a06b68ad1.json"
"трансфер из внуково в балашиху","https://zakazminivena.ru/airport/vko/balashikha","Из аэропорта","Принять решение о заказе: VKO → Балашиха, 55 км.","Расширение","Вебмастер, архив 27.08","","География URL; частотность не измерена","P2","Базовая фраза / предложение; не полная кластеризация выдачи","evidence/pages/adbfc64a06b68ad1.json"
"минивэн аэропорт Внуково Внуково (деревня)","https://zakazminivena.ru/airport/vko/vnukovo-derevnya","Из аэропорта","Принять решение о заказе: VKO → Внуково (деревня), 5 км.","Расширение","Предложение по содержанию","","География URL; частотность не измерена","P2","Базовая фраза / предложение; не полная кластеризация выдачи","evidence/pages/8d36b75fa9ccf7a9.json"
"трансфер аэропорт Внуково Внуково (деревня) минивэн","https://zakazminivena.ru/airport/vko/vnukovo-derevnya","Из аэропорта","Принять решение о заказе: VKO → Внуково (деревня), 5 км.","Расширение","Предложение по содержанию","","География URL; частотность не измерена","P2","Базовая фраза / предложение; не полная кластеризация выдачи","evidence/pages/8d36b75fa9ccf7a9.json"
"минивэн аэропорт Жуковский Центр Москвы","https://zakazminivena.ru/airport/zia/moscow-center","Из аэропорта","Принять решение о заказе: ZIA → Центр Москвы, 65 км.","Расширение","Предложение по содержанию","","География URL; частотность не измерена","P2","Базовая фраза / предложение; не полная кластеризация выдачи","evidence/pages/fc625ca3e65a02d3.json"
"трансфер аэропорт Жуковский Центр Москвы минивэн","https://zakazminivena.ru/airport/zia/moscow-center","Из аэропорта","Принять решение о заказе: ZIA → Центр Москвы, 65 км.","Расширение","Предложение по содержанию","","География URL; частотность не измерена","P2","Базовая фраза / предложение; не полная кластеризация выдачи","evidence/pages/fc625ca3e65a02d3.json"
"минивэн аэропорт Жуковский Жуковский (город)","https://zakazminivena.ru/airport/zia/zhukovskiy-city","Из аэропорта","Принять решение о заказе: ZIA → Жуковский (город), 6 км.","Расширение","Предложение по содержанию","","География URL; частотность не измерена","P2","Базовая фраза / предложение; не полная кластеризация выдачи","evidence/pages/4ff942271890de2b.json"
"трансфер аэропорт Жуковский Жуковский (город) минивэн","https://zakazminivena.ru/airport/zia/zhukovskiy-city","Из аэропорта","Принять решение о заказе: ZIA → Жуковский (город), 6 км.","Расширение","Предложение по содержанию","","География URL; частотность не измерена","P2","Базовая фраза / предложение; не полная кластеризация выдачи","evidence/pages/4ff942271890de2b.json"
"минивэн аэропорт Жуковский Раменское","https://zakazminivena.ru/airport/zia/ramenskoe","Из аэропорта","Принять решение о заказе: ZIA → Раменское, 12 км.","Расширение","Предложение по содержанию","","География URL; частотность не измерена","P2","Базовая фраза / предложение; не полная кластеризация выдачи","evidence/pages/c5d11d27dacea394.json"
"трансфер аэропорт Жуковский Раменское минивэн","https://zakazminivena.ru/airport/zia/ramenskoe","Из аэропорта","Принять решение о заказе: ZIA → Раменское, 12 км.","Расширение","Предложение по содержанию","","География URL; частотность не измерена","P2","Базовая фраза / предложение; не полная кластеризация выдачи","evidence/pages/c5d11d27dacea394.json"
"минивэн аэропорт Жуковский Электросталь","https://zakazminivena.ru/airport/zia/elektrostal","Из аэропорта","Принять решение о заказе: ZIA → Электросталь, 45 км.","Расширение","Предложение по содержанию","","География URL; частотность не измерена","P2","Базовая фраза / предложение; не полная кластеризация выдачи","evidence/pages/a9da7821809c935e.json"
"трансфер аэропорт Жуковский Электросталь минивэн","https://zakazminivena.ru/airport/zia/elektrostal","Из аэропорта","Принять решение о заказе: ZIA → Электросталь, 45 км.","Расширение","Предложение по содержанию","","География URL; частотность не измерена","P2","Базовая фраза / предложение; не полная кластеризация выдачи","evidence/pages/a9da7821809c935e.json"
"минивэн аэропорт Казань Центр Казани","https://zakazminivena.ru/airport/kzn/kazan-center","Из аэропорта","Принять решение о заказе: KZN → Центр Казани, 25 км.","Расширение","Предложение по содержанию","","География URL; частотность не измерена","P2","Базовая фраза / предложение; не полная кластеризация выдачи","evidence/pages/9d8c6e5ca5488325.json"
"трансфер аэропорт Казань Центр Казани минивэн","https://zakazminivena.ru/airport/kzn/kazan-center","Из аэропорта","Принять решение о заказе: KZN → Центр Казани, 25 км.","Расширение","Предложение по содержанию","","География URL; частотность не измерена","P2","Базовая фраза / предложение; не полная кластеризация выдачи","evidence/pages/9d8c6e5ca5488325.json"
"минивэн аэропорт Казань Иннополис","https://zakazminivena.ru/airport/kzn/innopolis","Из аэропорта","Принять решение о заказе: KZN → Иннополис, 40 км.","Расширение","Предложение по содержанию","","География URL; частотность не измерена","P2","Базовая фраза / предложение; не полная кластеризация выдачи","evidence/pages/a88a7c0cfac0d92b.json"
"трансфер аэропорт Казань Иннополис минивэн","https://zakazminivena.ru/airport/kzn/innopolis","Из аэропорта","Принять решение о заказе: KZN → Иннополис, 40 км.","Расширение","Предложение по содержанию","","География URL; частотность не измерена","P2","Базовая фраза / предложение; не полная кластеризация выдачи","evidence/pages/a88a7c0cfac0d92b.json"
"трансфер казань иннополис","https://zakazminivena.ru/airport/kzn/innopolis","Из аэропорта","Принять решение о заказе: KZN → Иннополис, 40 км.","Расширение","Вебмастер, архив 27.08","","География URL; частотность не измерена","P2","Базовая фраза / предложение; не полная кластеризация выдачи","evidence/pages/a88a7c0cfac0d92b.json"
"минивэн аэропорт Казань Зеленодольск","https://zakazminivena.ru/airport/kzn/zelenodolsk","Из аэропорта","Принять решение о заказе: KZN → Зеленодольск, 55 км.","Расширение","Предложение по содержанию","","География URL; частотность не измерена","P2","Базовая фраза / предложение; не полная кластеризация выдачи","evidence/pages/d2a2425d30e1913a.json"
"трансфер аэропорт Казань Зеленодольск минивэн","https://zakazminivena.ru/airport/kzn/zelenodolsk","Из аэропорта","Принять решение о заказе: KZN → Зеленодольск, 55 км.","Расширение","Предложение по содержанию","","География URL; частотность не измерена","P2","Базовая фраза / предложение; не полная кластеризация выдачи","evidence/pages/d2a2425d30e1913a.json"
"минивэн аэропорт Казань Болгар","https://zakazminivena.ru/airport/kzn/bolgar","Из аэропорта","Принять решение о заказе: KZN → Болгар, 180 км.","Расширение","Предложение по содержанию","","География URL; частотность не измерена","P2","Базовая фраза / предложение; не полная кластеризация выдачи","evidence/pages/f2fabf26d9d6011f.json"
"трансфер аэропорт Казань Болгар минивэн","https://zakazminivena.ru/airport/kzn/bolgar","Из аэропорта","Принять решение о заказе: KZN → Болгар, 180 км.","Расширение","Предложение по содержанию","","География URL; частотность не измерена","P2","Базовая фраза / предложение; не полная кластеризация выдачи","evidence/pages/f2fabf26d9d6011f.json"
"трансфер казань болгар","https://zakazminivena.ru/airport/kzn/bolgar","Из аэропорта","Принять решение о заказе: KZN → Болгар, 180 км.","Расширение","Вебмастер, архив 27.08","","География URL; частотность не измерена","P2","Базовая фраза / предложение; не полная кластеризация выдачи","evidence/pages/f2fabf26d9d6011f.json"
"минивэн аэропорт Екатеринбург (Кольцово) Центр Екатеринбурга","https://zakazminivena.ru/airport/svx/ekaterinburg-center","Из аэропорта","Принять решение о заказе: SVX → Центр Екатеринбурга, 17 км.","Расширение","Предложение по содержанию","","География URL; частотность не измерена","P2","Базовая фраза / предложение; не полная кластеризация выдачи","evidence/pages/fec8d4370eaa65c9.json"
"трансфер аэропорт Екатеринбург (Кольцово) Центр Екатеринбурга минивэн","https://zakazminivena.ru/airport/svx/ekaterinburg-center","Из аэропорта","Принять решение о заказе: SVX → Центр Екатеринбурга, 17 км.","Расширение","Предложение по содержанию","","География URL; частотность не измерена","P2","Базовая фраза / предложение; не полная кластеризация выдачи","evidence/pages/fec8d4370eaa65c9.json"
"минивэн аэропорт Екатеринбург (Кольцово) Верхняя Пышма","https://zakazminivena.ru/airport/svx/verkhnyaya-pyshma","Из аэропорта","Принять решение о заказе: SVX → Верхняя Пышма, 35 км.","Расширение","Предложение по содержанию","","География URL; частотность не измерена","P2","Базовая фраза / предложение; не полная кластеризация выдачи","evidence/pages/e8671c60a1caee0d.json"
"трансфер аэропорт Екатеринбург (Кольцово) Верхняя Пышма минивэн","https://zakazminivena.ru/airport/svx/verkhnyaya-pyshma","Из аэропорта","Принять решение о заказе: SVX → Верхняя Пышма, 35 км.","Расширение","Предложение по содержанию","","География URL; частотность не измерена","P2","Базовая фраза / предложение; не полная кластеризация выдачи","evidence/pages/e8671c60a1caee0d.json"
"заказать минивэн верхняя пышма","https://zakazminivena.ru/airport/svx/verkhnyaya-pyshma","Из аэропорта","Принять решение о заказе: SVX → Верхняя Пышма, 35 км.","Расширение","Вебмастер, архив 27.08","","География URL; частотность не измерена","P2","Базовая фраза / предложение; не полная кластеризация выдачи","evidence/pages/e8671c60a1caee0d.json"
"минивэн аэропорт Екатеринбург (Кольцово) Берёзовский","https://zakazminivena.ru/airport/svx/berezovskiy","Из аэропорта","Принять решение о заказе: SVX → Берёзовский, 30 км.","Расширение","Предложение по содержанию","","География URL; частотность не измерена","P2","Базовая фраза / предложение; не полная кластеризация выдачи","evidence/pages/9884bd39c1bd7f15.json"
"трансфер аэропорт Екатеринбург (Кольцово) Берёзовский минивэн","https://zakazminivena.ru/airport/svx/berezovskiy","Из аэропорта","Принять решение о заказе: SVX → Берёзовский, 30 км.","Расширение","Предложение по содержанию","","География URL; частотность не измерена","P2","Базовая фраза / предложение; не полная кластеризация выдачи","evidence/pages/9884bd39c1bd7f15.json"
"сколько стоит такси из кольцово в березовский","https://zakazminivena.ru/airport/svx/berezovskiy","Из аэропорта","Принять решение о заказе: SVX → Берёзовский, 30 км.","Расширение","Вебмастер, архив 27.08","","География URL; частотность не измерена","P2","Базовая фраза / предложение; не полная кластеризация выдачи","evidence/pages/9884bd39c1bd7f15.json"
"минивэн аэропорт Екатеринбург (Кольцово) Нижний Тагил","https://zakazminivena.ru/airport/svx/nizhniy-tagil","Из аэропорта","Принять решение о заказе: SVX → Нижний Тагил, 150 км.","Расширение","Предложение по содержанию","","География URL; частотность не измерена","P2","Базовая фраза / предложение; не полная кластеризация выдачи","evidence/pages/51d289aeccf7ebcf.json"
"трансфер аэропорт Екатеринбург (Кольцово) Нижний Тагил минивэн","https://zakazminivena.ru/airport/svx/nizhniy-tagil","Из аэропорта","Принять решение о заказе: SVX → Нижний Тагил, 150 км.","Расширение","Предложение по содержанию","","География URL; частотность не измерена","P2","Базовая фраза / предложение; не полная кластеризация выдачи","evidence/pages/51d289aeccf7ebcf.json"
"трансфер кольцово нижний тагил","https://zakazminivena.ru/airport/svx/nizhniy-tagil","Из аэропорта","Принять решение о заказе: SVX → Нижний Тагил, 150 км.","Расширение","Вебмастер, архив 27.08","","География URL; частотность не измерена","P2","Базовая фраза / предложение; не полная кластеризация выдачи","evidence/pages/51d289aeccf7ebcf.json"
"минивэн аэропорт Новосибирск (Толмачёво) Центр Новосибирска","https://zakazminivena.ru/airport/ovb/novosibirsk-center","Из аэропорта","Принять решение о заказе: OVB → Центр Новосибирска, 20 км.","Расширение","Предложение по содержанию","","География URL; частотность не измерена","P2","Базовая фраза / предложение; не полная кластеризация выдачи","evidence/pages/d10b8da9f3528c69.json"
"трансфер аэропорт Новосибирск (Толмачёво) Центр Новосибирска минивэн","https://zakazminivena.ru/airport/ovb/novosibirsk-center","Из аэропорта","Принять решение о заказе: OVB → Центр Новосибирска, 20 км.","Расширение","Предложение по содержанию","","География URL; частотность не измерена","P2","Базовая фраза / предложение; не полная кластеризация выдачи","evidence/pages/d10b8da9f3528c69.json"
"минивэн аэропорт Новосибирск (Толмачёво) Академгородок","https://zakazminivena.ru/airport/ovb/akademgorodok","Из аэропорта","Принять решение о заказе: OVB → Академгородок, 50 км.","Расширение","Предложение по содержанию","","География URL; частотность не измерена","P2","Базовая фраза / предложение; не полная кластеризация выдачи","evidence/pages/11af45e4e37fe979.json"
"трансфер аэропорт Новосибирск (Толмачёво) Академгородок минивэн","https://zakazminivena.ru/airport/ovb/akademgorodok","Из аэропорта","Принять решение о заказе: OVB → Академгородок, 50 км.","Расширение","Предложение по содержанию","","География URL; частотность не измерена","P2","Базовая фраза / предложение; не полная кластеризация выдачи","evidence/pages/11af45e4e37fe979.json"
"стоимость трансфера с толмачево до академгородка","https://zakazminivena.ru/airport/ovb/akademgorodok","Из аэропорта","Принять решение о заказе: OVB → Академгородок, 50 км.","Расширение","Вебмастер, архив 27.08","","География URL; частотность не измерена","P2","Базовая фраза / предложение; не полная кластеризация выдачи","evidence/pages/11af45e4e37fe979.json"
"минивэн аэропорт Новосибирск (Толмачёво) Бердск","https://zakazminivena.ru/airport/ovb/berdsk","Из аэропорта","Принять решение о заказе: OVB → Бердск, 35 км.","Расширение","Предложение по содержанию","","География URL; частотность не измерена","P2","Базовая фраза / предложение; не полная кластеризация выдачи","evidence/pages/ee6edfe45a8893c9.json"
"трансфер аэропорт Новосибирск (Толмачёво) Бердск минивэн","https://zakazminivena.ru/airport/ovb/berdsk","Из аэропорта","Принять решение о заказе: OVB → Бердск, 35 км.","Расширение","Предложение по содержанию","","География URL; частотность не измерена","P2","Базовая фраза / предложение; не полная кластеризация выдачи","evidence/pages/ee6edfe45a8893c9.json"
"минивэн аэропорт Новосибирск (Толмачёво) Кольцово","https://zakazminivena.ru/airport/ovb/koltsovo","Из аэропорта","Принять решение о заказе: OVB → Кольцово, 35 км.","Расширение","Предложение по содержанию","","География URL; частотность не измерена","P2","Базовая фраза / предложение; не полная кластеризация выдачи","evidence/pages/d8c28237a6e85756.json"
"трансфер аэропорт Новосибирск (Толмачёво) Кольцово минивэн","https://zakazminivena.ru/airport/ovb/koltsovo","Из аэропорта","Принять решение о заказе: OVB → Кольцово, 35 км.","Расширение","Предложение по содержанию","","География URL; частотность не измерена","P2","Базовая фраза / предложение; не полная кластеризация выдачи","evidence/pages/d8c28237a6e85756.json"
"минивэн аэропорт Иркутск Центр Иркутска","https://zakazminivena.ru/airport/ikt/irkutsk-center","Из аэропорта","Принять решение о заказе: IKT → Центр Иркутска, 12 км.","Расширение","Предложение по содержанию","","География URL; частотность не измерена","P2","Базовая фраза / предложение; не полная кластеризация выдачи","evidence/pages/a73fc0825436fc24.json"
"трансфер аэропорт Иркутск Центр Иркутска минивэн","https://zakazminivena.ru/airport/ikt/irkutsk-center","Из аэропорта","Принять решение о заказе: IKT → Центр Иркутска, 12 км.","Расширение","Предложение по содержанию","","География URL; частотность не измерена","P2","Базовая фраза / предложение; не полная кластеризация выдачи","evidence/pages/a73fc0825436fc24.json"
"минивэн аэропорт Иркутск Листвянка","https://zakazminivena.ru/airport/ikt/listvyanka","Из аэропорта","Принять решение о заказе: IKT → Листвянка, 70 км.","Расширение","Предложение по содержанию","","География URL; частотность не измерена","P1","Базовая фраза / предложение; не полная кластеризация выдачи","evidence/pages/872d0f60769c0f21.json"
"трансфер аэропорт Иркутск Листвянка минивэн","https://zakazminivena.ru/airport/ikt/listvyanka","Из аэропорта","Принять решение о заказе: IKT → Листвянка, 70 км.","Расширение","Предложение по содержанию","","География URL; частотность не измерена","P1","Базовая фраза / предложение; не полная кластеризация выдачи","evidence/pages/872d0f60769c0f21.json"
"минивэн до листвянки заказать иркутск","https://zakazminivena.ru/airport/ikt/listvyanka","Из аэропорта","Принять решение о заказе: IKT → Листвянка, 70 км.","Расширение","Вебмастер, архив 27.08","","География URL; частотность не измерена","P1","Базовая фраза / предложение; не полная кластеризация выдачи","evidence/pages/872d0f60769c0f21.json"
"минивэн аэропорт Иркутск Шелехов","https://zakazminivena.ru/airport/ikt/shelekhov","Из аэропорта","Принять решение о заказе: IKT → Шелехов, 40 км.","Расширение","Предложение по содержанию","","География URL; частотность не измерена","P2","Базовая фраза / предложение; не полная кластеризация выдачи","evidence/pages/8114fd0e0e7dd72e.json"
"трансфер аэропорт Иркутск Шелехов минивэн","https://zakazminivena.ru/airport/ikt/shelekhov","Из аэропорта","Принять решение о заказе: IKT → Шелехов, 40 км.","Расширение","Предложение по содержанию","","География URL; частотность не измерена","P2","Базовая фраза / предложение; не полная кластеризация выдачи","evidence/pages/8114fd0e0e7dd72e.json"
"минивэн аэропорт Иркутск Ангарск","https://zakazminivena.ru/airport/ikt/angarsk","Из аэропорта","Принять решение о заказе: IKT → Ангарск, 50 км.","Расширение","Предложение по содержанию","","География URL; частотность не измерена","P2","Базовая фраза / предложение; не полная кластеризация выдачи","evidence/pages/199f55dc6004d21c.json"
"трансфер аэропорт Иркутск Ангарск минивэн","https://zakazminivena.ru/airport/ikt/angarsk","Из аэропорта","Принять решение о заказе: IKT → Ангарск, 50 км.","Расширение","Предложение по содержанию","","География URL; частотность не измерена","P2","Базовая фраза / предложение; не полная кластеризация выдачи","evidence/pages/199f55dc6004d21c.json"
"заказать минивэн ангарск для поездок с ожиданием","https://zakazminivena.ru/airport/ikt/angarsk","Из аэропорта","Принять решение о заказе: IKT → Ангарск, 50 км.","Расширение","Вебмастер, архив 27.08","","География URL; частотность не измерена","P2","Базовая фраза / предложение; не полная кластеризация выдачи","evidence/pages/199f55dc6004d21c.json"
"минивэн аэропорт Мурманск Центр Мурманска","https://zakazminivena.ru/airport/mmk/murmansk-center","Из аэропорта","Принять решение о заказе: MMK → Центр Мурманска, 25 км.","Расширение","Предложение по содержанию","","География URL; частотность не измерена","P2","Базовая фраза / предложение; не полная кластеризация выдачи","evidence/pages/44561ae007a4d110.json"
"трансфер аэропорт Мурманск Центр Мурманска минивэн","https://zakazminivena.ru/airport/mmk/murmansk-center","Из аэропорта","Принять решение о заказе: MMK → Центр Мурманска, 25 км.","Расширение","Предложение по содержанию","","География URL; частотность не измерена","P2","Базовая фраза / предложение; не полная кластеризация выдачи","evidence/pages/44561ae007a4d110.json"
"минивэн аэропорт Мурманск Териберка","https://zakazminivena.ru/airport/mmk/teriberka","Из аэропорта","Принять решение о заказе: MMK → Териберка, 150 км.","Расширение","Предложение по содержанию","","География URL; частотность не измерена","P2","Базовая фраза / предложение; не полная кластеризация выдачи","evidence/pages/54da90a633ec3d11.json"
"трансфер аэропорт Мурманск Териберка минивэн","https://zakazminivena.ru/airport/mmk/teriberka","Из аэропорта","Принять решение о заказе: MMK → Териберка, 150 км.","Расширение","Предложение по содержанию","","География URL; частотность не измерена","P2","Базовая фраза / предложение; не полная кластеризация выдачи","evidence/pages/54da90a633ec3d11.json"
"минивэн аэропорт Мурманск Кировск","https://zakazminivena.ru/airport/mmk/kirovsk","Из аэропорта","Принять решение о заказе: MMK → Кировск, 200 км.","Расширение","Предложение по содержанию","","География URL; частотность не измерена","P2","Базовая фраза / предложение; не полная кластеризация выдачи","evidence/pages/3b0a3773e5a55aa7.json"
"трансфер аэропорт Мурманск Кировск минивэн","https://zakazminivena.ru/airport/mmk/kirovsk","Из аэропорта","Принять решение о заказе: MMK → Кировск, 200 км.","Расширение","Предложение по содержанию","","География URL; частотность не измерена","P2","Базовая фраза / предложение; не полная кластеризация выдачи","evidence/pages/3b0a3773e5a55aa7.json"
"минивэн аэропорт Мурманск Апатиты","https://zakazminivena.ru/airport/mmk/apatity","Из аэропорта","Принять решение о заказе: MMK → Апатиты, 180 км.","Расширение","Предложение по содержанию","","География URL; частотность не измерена","P2","Базовая фраза / предложение; не полная кластеризация выдачи","evidence/pages/b811147678f315e4.json"
"трансфер аэропорт Мурманск Апатиты минивэн","https://zakazminivena.ru/airport/mmk/apatity","Из аэропорта","Принять решение о заказе: MMK → Апатиты, 180 км.","Расширение","Предложение по содержанию","","География URL; частотность не измерена","P2","Базовая фраза / предложение; не полная кластеризация выдачи","evidence/pages/b811147678f315e4.json"
"заказ минивэна в апатитах","https://zakazminivena.ru/airport/mmk/apatity","Из аэропорта","Принять решение о заказе: MMK → Апатиты, 180 км.","Расширение","Вебмастер, архив 27.08","","География URL; частотность не измерена","P2","Базовая фраза / предложение; не полная кластеризация выдачи","evidence/pages/b811147678f315e4.json"
"минивэн аэропорт Минеральные Воды Кисловодск","https://zakazminivena.ru/airport/mrv/kislovodsk","Из аэропорта","Принять решение о заказе: MRV → Кисловодск, 55 км.","Расширение","Предложение по содержанию","","География URL; частотность не измерена","P2","Базовая фраза / предложение; не полная кластеризация выдачи","evidence/pages/cba78f9e20c337c5.json"
"трансфер аэропорт Минеральные Воды Кисловодск минивэн","https://zakazminivena.ru/airport/mrv/kislovodsk","Из аэропорта","Принять решение о заказе: MRV → Кисловодск, 55 км.","Расширение","Предложение по содержанию","","География URL; частотность не измерена","P2","Базовая фраза / предложение; не полная кластеризация выдачи","evidence/pages/cba78f9e20c337c5.json"
"минивэн аэропорт Минеральные Воды Пятигорск","https://zakazminivena.ru/airport/mrv/pyatigorsk","Из аэропорта","Принять решение о заказе: MRV → Пятигорск, 25 км.","Расширение","Предложение по содержанию","","География URL; частотность не измерена","P2","Базовая фраза / предложение; не полная кластеризация выдачи","evidence/pages/2ca8da602ea2feaf.json"
"трансфер аэропорт Минеральные Воды Пятигорск минивэн","https://zakazminivena.ru/airport/mrv/pyatigorsk","Из аэропорта","Принять решение о заказе: MRV → Пятигорск, 25 км.","Расширение","Предложение по содержанию","","География URL; частотность не измерена","P2","Базовая фраза / предложение; не полная кластеризация выдачи","evidence/pages/2ca8da602ea2feaf.json"
"минивэн аэропорт Минеральные Воды Ессентуки","https://zakazminivena.ru/airport/mrv/essentuki","Из аэропорта","Принять решение о заказе: MRV → Ессентуки, 15 км.","Расширение","Предложение по содержанию","","География URL; частотность не измерена","P2","Базовая фраза / предложение; не полная кластеризация выдачи","evidence/pages/d83c50af7891074b.json"
"трансфер аэропорт Минеральные Воды Ессентуки минивэн","https://zakazminivena.ru/airport/mrv/essentuki","Из аэропорта","Принять решение о заказе: MRV → Ессентуки, 15 км.","Расширение","Предложение по содержанию","","География URL; частотность не измерена","P2","Базовая фраза / предложение; не полная кластеризация выдачи","evidence/pages/d83c50af7891074b.json"
"минивэн аэропорт Минеральные Воды Железноводск","https://zakazminivena.ru/airport/mrv/zheleznovodsk","Из аэропорта","Принять решение о заказе: MRV → Железноводск, 20 км.","Расширение","Предложение по содержанию","","География URL; частотность не измерена","P2","Базовая фраза / предложение; не полная кластеризация выдачи","evidence/pages/1255a6b8d4aa4581.json"
"трансфер аэропорт Минеральные Воды Железноводск минивэн","https://zakazminivena.ru/airport/mrv/zheleznovodsk","Из аэропорта","Принять решение о заказе: MRV → Железноводск, 20 км.","Расширение","Предложение по содержанию","","География URL; частотность не измерена","P2","Базовая фраза / предложение; не полная кластеризация выдачи","evidence/pages/1255a6b8d4aa4581.json"
"минивэн аэропорт Симферополь Ялта","https://zakazminivena.ru/airport/sip/yalta","Из аэропорта","Принять решение о заказе: SIP → Ялта, 85 км.","Расширение","Предложение по содержанию","","География URL; частотность не измерена","P2","Базовая фраза / предложение; не полная кластеризация выдачи","evidence/pages/67e688012ca0ce80.json"
"трансфер аэропорт Симферополь Ялта минивэн","https://zakazminivena.ru/airport/sip/yalta","Из аэропорта","Принять решение о заказе: SIP → Ялта, 85 км.","Расширение","Предложение по содержанию","","География URL; частотность не измерена","P2","Базовая фраза / предложение; не полная кластеризация выдачи","evidence/pages/67e688012ca0ce80.json"
"минивэн аэропорт Симферополь Севастополь","https://zakazminivena.ru/airport/sip/sevastopol","Из аэропорта","Принять решение о заказе: SIP → Севастополь, 80 км.","Расширение","Предложение по содержанию","","География URL; частотность не измерена","P1","Базовая фраза / предложение; не полная кластеризация выдачи","evidence/pages/4ba6c5547a32cbba.json"
"трансфер аэропорт Симферополь Севастополь минивэн","https://zakazminivena.ru/airport/sip/sevastopol","Из аэропорта","Принять решение о заказе: SIP → Севастополь, 80 км.","Расширение","Предложение по содержанию","","География URL; частотность не измерена","P1","Базовая фраза / предложение; не полная кластеризация выдачи","evidence/pages/4ba6c5547a32cbba.json"
"минивэн симферополь севастополь","https://zakazminivena.ru/airport/sip/sevastopol","Из аэропорта","Принять решение о заказе: SIP → Севастополь, 80 км.","Расширение","Вебмастер, архив 27.08","","География URL; частотность не измерена","P1","Базовая фраза / предложение; не полная кластеризация выдачи","evidence/pages/4ba6c5547a32cbba.json"
"минивэн аэропорт Симферополь Алушта","https://zakazminivena.ru/airport/sip/alushta","Из аэропорта","Принять решение о заказе: SIP → Алушта, 50 км.","Расширение","Предложение по содержанию","","География URL; частотность не измерена","P2","Базовая фраза / предложение; не полная кластеризация выдачи","evidence/pages/93433ab70ea71863.json"
"трансфер аэропорт Симферополь Алушта минивэн","https://zakazminivena.ru/airport/sip/alushta","Из аэропорта","Принять решение о заказе: SIP → Алушта, 50 км.","Расширение","Предложение по содержанию","","География URL; частотность не измерена","P2","Базовая фраза / предложение; не полная кластеризация выдачи","evidence/pages/93433ab70ea71863.json"
"минивэн аэропорт Симферополь Феодосия","https://zakazminivena.ru/airport/sip/feodosia","Из аэропорта","Принять решение о заказе: SIP → Феодосия, 115 км.","Расширение","Предложение по содержанию","","География URL; частотность не измерена","P2","Базовая фраза / предложение; не полная кластеризация выдачи","evidence/pages/dedcbfe362504c0e.json"
"трансфер аэропорт Симферополь Феодосия минивэн","https://zakazminivena.ru/airport/sip/feodosia","Из аэропорта","Принять решение о заказе: SIP → Феодосия, 115 км.","Расширение","Предложение по содержанию","","География URL; частотность не измерена","P2","Базовая фраза / предложение; не полная кластеризация выдачи","evidence/pages/dedcbfe362504c0e.json"
"минивэн аэропорт Симферополь Судак","https://zakazminivena.ru/airport/sip/sudak","Из аэропорта","Принять решение о заказе: SIP → Судак, 105 км.","Расширение","Предложение по содержанию","","География URL; частотность не измерена","P2","Базовая фраза / предложение; не полная кластеризация выдачи","evidence/pages/7d1663b50cebc513.json"
"трансфер аэропорт Симферополь Судак минивэн","https://zakazminivena.ru/airport/sip/sudak","Из аэропорта","Принять решение о заказе: SIP → Судак, 105 км.","Расширение","Предложение по содержанию","","География URL; частотность не измерена","P2","Базовая фраза / предложение; не полная кластеризация выдачи","evidence/pages/7d1663b50cebc513.json"
"минивэн аэропорт Симферополь Евпатория","https://zakazminivena.ru/airport/sip/yevpatoria","Из аэропорта","Принять решение о заказе: SIP → Евпатория, 65 км.","Расширение","Предложение по содержанию","","География URL; частотность не измерена","P2","Базовая фраза / предложение; не полная кластеризация выдачи","evidence/pages/83299f1078ebc8fd.json"
"трансфер аэропорт Симферополь Евпатория минивэн","https://zakazminivena.ru/airport/sip/yevpatoria","Из аэропорта","Принять решение о заказе: SIP → Евпатория, 65 км.","Расширение","Предложение по содержанию","","География URL; частотность не измерена","P2","Базовая фраза / предложение; не полная кластеризация выдачи","evidence/pages/83299f1078ebc8fd.json"
"минивэн аэропорт Калининград Центр Калининграда","https://zakazminivena.ru/airport/kgd/kaliningrad-center","Из аэропорта","Принять решение о заказе: KGD → Центр Калининграда, 25 км.","Расширение","Предложение по содержанию","","География URL; частотность не измерена","P2","Базовая фраза / предложение; не полная кластеризация выдачи","evidence/pages/45f36f5d76af2888.json"
"трансфер аэропорт Калининград Центр Калининграда минивэн","https://zakazminivena.ru/airport/kgd/kaliningrad-center","Из аэропорта","Принять решение о заказе: KGD → Центр Калининграда, 25 км.","Расширение","Предложение по содержанию","","География URL; частотность не измерена","P2","Базовая фраза / предложение; не полная кластеризация выдачи","evidence/pages/45f36f5d76af2888.json"
"минивэн аэропорт Калининград Светлогорск","https://zakazminivena.ru/airport/kgd/svetlogorsk","Из аэропорта","Принять решение о заказе: KGD → Светлогорск, 40 км.","Расширение","Предложение по содержанию","","География URL; частотность не измерена","P2","Базовая фраза / предложение; не полная кластеризация выдачи","evidence/pages/279237e5384b26e4.json"
"трансфер аэропорт Калининград Светлогорск минивэн","https://zakazminivena.ru/airport/kgd/svetlogorsk","Из аэропорта","Принять решение о заказе: KGD → Светлогорск, 40 км.","Расширение","Предложение по содержанию","","География URL; частотность не измерена","P2","Базовая фраза / предложение; не полная кластеризация выдачи","evidence/pages/279237e5384b26e4.json"
"kgd светлогорск","https://zakazminivena.ru/airport/kgd/svetlogorsk","Из аэропорта","Принять решение о заказе: KGD → Светлогорск, 40 км.","Расширение","Вебмастер, архив 27.08","","География URL; частотность не измерена","P2","Базовая фраза / предложение; не полная кластеризация выдачи","evidence/pages/279237e5384b26e4.json"
"минивэн аэропорт Калининград Зеленоградск","https://zakazminivena.ru/airport/kgd/zelenogradsk","Из аэропорта","Принять решение о заказе: KGD → Зеленоградск, 30 км.","Расширение","Предложение по содержанию","","География URL; частотность не измерена","P1","Базовая фраза / предложение; не полная кластеризация выдачи","evidence/pages/ae683b60ebe73737.json"
"трансфер аэропорт Калининград Зеленоградск минивэн","https://zakazminivena.ru/airport/kgd/zelenogradsk","Из аэропорта","Принять решение о заказе: KGD → Зеленоградск, 30 км.","Расширение","Предложение по содержанию","","География URL; частотность не измерена","P1","Базовая фраза / предложение; не полная кластеризация выдачи","evidence/pages/ae683b60ebe73737.json"
"такси минивэн зеленоградск","https://zakazminivena.ru/airport/kgd/zelenogradsk","Из аэропорта","Принять решение о заказе: KGD → Зеленоградск, 30 км.","Расширение","Вебмастер, архив 27.08","","География URL; частотность не измерена","P1","Базовая фраза / предложение; не полная кластеризация выдачи","evidence/pages/ae683b60ebe73737.json"
"минивэн аэропорт Калининград Янтарный","https://zakazminivena.ru/airport/kgd/yantarniy","Из аэропорта","Принять решение о заказе: KGD → Янтарный, 55 км.","Расширение","Предложение по содержанию","","География URL; частотность не измерена","P2","Базовая фраза / предложение; не полная кластеризация выдачи","evidence/pages/3ee4f18032ce8bb5.json"
"трансфер аэропорт Калининград Янтарный минивэн","https://zakazminivena.ru/airport/kgd/yantarniy","Из аэропорта","Принять решение о заказе: KGD → Янтарный, 55 км.","Расширение","Предложение по содержанию","","География URL; частотность не измерена","P2","Базовая фраза / предложение; не полная кластеризация выдачи","evidence/pages/3ee4f18032ce8bb5.json"
"минивэн аэропорт Анапа Центр Анапы","https://zakazminivena.ru/airport/aaq/anapa-center","Из аэропорта","Принять решение о заказе: AAQ → Центр Анапы, 15 км.","Расширение","Предложение по содержанию","","География URL; частотность не измерена","P2","Базовая фраза / предложение; не полная кластеризация выдачи","evidence/pages/d036bfd0cb2b7630.json"
"трансфер аэропорт Анапа Центр Анапы минивэн","https://zakazminivena.ru/airport/aaq/anapa-center","Из аэропорта","Принять решение о заказе: AAQ → Центр Анапы, 15 км.","Расширение","Предложение по содержанию","","География URL; частотность не измерена","P2","Базовая фраза / предложение; не полная кластеризация выдачи","evidence/pages/d036bfd0cb2b7630.json"
"минивэн аэропорт Анапа Геленджик","https://zakazminivena.ru/airport/aaq/gelendzhik","Из аэропорта","Принять решение о заказе: AAQ → Геленджик, 50 км.","Расширение","Предложение по содержанию","","География URL; частотность не измерена","P2","Базовая фраза / предложение; не полная кластеризация выдачи","evidence/pages/8225634f243e8c39.json"
"трансфер аэропорт Анапа Геленджик минивэн","https://zakazminivena.ru/airport/aaq/gelendzhik","Из аэропорта","Принять решение о заказе: AAQ → Геленджик, 50 км.","Расширение","Предложение по содержанию","","География URL; частотность не измерена","P2","Базовая фраза / предложение; не полная кластеризация выдачи","evidence/pages/8225634f243e8c39.json"
"заказ минивэна с водителем из анапы до геленджика","https://zakazminivena.ru/airport/aaq/gelendzhik","Из аэропорта","Принять решение о заказе: AAQ → Геленджик, 50 км.","Расширение","Вебмастер, архив 27.08","","География URL; частотность не измерена","P2","Базовая фраза / предложение; не полная кластеризация выдачи","evidence/pages/8225634f243e8c39.json"
"минивэн аэропорт Анапа Витязево","https://zakazminivena.ru/airport/aaq/vityazevo","Из аэропорта","Принять решение о заказе: AAQ → Витязево, 10 км.","Расширение","Предложение по содержанию","","География URL; частотность не измерена","P2","Базовая фраза / предложение; не полная кластеризация выдачи","evidence/pages/9685cfd78ff236e4.json"
"трансфер аэропорт Анапа Витязево минивэн","https://zakazminivena.ru/airport/aaq/vityazevo","Из аэропорта","Принять решение о заказе: AAQ → Витязево, 10 км.","Расширение","Предложение по содержанию","","География URL; частотность не измерена","P2","Базовая фраза / предложение; не полная кластеризация выдачи","evidence/pages/9685cfd78ff236e4.json"
"минивэн витязево","https://zakazminivena.ru/airport/aaq/vityazevo","Из аэропорта","Принять решение о заказе: AAQ → Витязево, 10 км.","Расширение","Вебмастер, архив 27.08","","География URL; частотность не измерена","P2","Базовая фраза / предложение; не полная кластеризация выдачи","evidence/pages/9685cfd78ff236e4.json"
"минивэн аэропорт Краснодар Центр Краснодара","https://zakazminivena.ru/airport/krr/krasnodar-center","Из аэропорта","Принять решение о заказе: KRR → Центр Краснодара, 15 км.","Расширение","Предложение по содержанию","","География URL; частотность не измерена","P2","Базовая фраза / предложение; не полная кластеризация выдачи","evidence/pages/9cfb1e75c1cffa8f.json"
"трансфер аэропорт Краснодар Центр Краснодара минивэн","https://zakazminivena.ru/airport/krr/krasnodar-center","Из аэропорта","Принять решение о заказе: KRR → Центр Краснодара, 15 км.","Расширение","Предложение по содержанию","","География URL; частотность не измерена","P2","Базовая фраза / предложение; не полная кластеризация выдачи","evidence/pages/9cfb1e75c1cffa8f.json"
"минивэн аэропорт Краснодар Горячий Ключ","https://zakazminivena.ru/airport/krr/goryachiy-klyuch","Из аэропорта","Принять решение о заказе: KRR → Горячий Ключ, 60 км.","Расширение","Предложение по содержанию","","География URL; частотность не измерена","P2","Базовая фраза / предложение; не полная кластеризация выдачи","evidence/pages/de4d42805cdd6d53.json"
"трансфер аэропорт Краснодар Горячий Ключ минивэн","https://zakazminivena.ru/airport/krr/goryachiy-klyuch","Из аэропорта","Принять решение о заказе: KRR → Горячий Ключ, 60 км.","Расширение","Предложение по содержанию","","География URL; частотность не измерена","P2","Базовая фраза / предложение; не полная кластеризация выдачи","evidence/pages/de4d42805cdd6d53.json"
"краснодар горячий ключ минивэн","https://zakazminivena.ru/airport/krr/goryachiy-klyuch","Из аэропорта","Принять решение о заказе: KRR → Горячий Ключ, 60 км.","Расширение","Вебмастер, архив 27.08","","География URL; частотность не измерена","P2","Базовая фраза / предложение; не полная кластеризация выдачи","evidence/pages/de4d42805cdd6d53.json"
"минивэн аэропорт Краснодар Кропоткин","https://zakazminivena.ru/airport/krr/kropotkin","Из аэропорта","Принять решение о заказе: KRR → Кропоткин, 145 км.","Расширение","Предложение по содержанию","","География URL; частотность не измерена","P2","Базовая фраза / предложение; не полная кластеризация выдачи","evidence/pages/7585231ab6402510.json"
"трансфер аэропорт Краснодар Кропоткин минивэн","https://zakazminivena.ru/airport/krr/kropotkin","Из аэропорта","Принять решение о заказе: KRR → Кропоткин, 145 км.","Расширение","Предложение по содержанию","","География URL; частотность не измерена","P2","Базовая фраза / предложение; не полная кластеризация выдачи","evidence/pages/7585231ab6402510.json"
"минивэн карелия","https://zakazminivena.ru/destination/karelia","Туристические регионы","Принять решение о заказе: Минивэн в Карелия из СПб от 9 000 ₽.","Расширение","Предложение по содержанию","","География URL; частотность не измерена","P2","Базовая фраза / предложение; не полная кластеризация выдачи","evidence/pages/99e002b221aa5ced.json"
"тур из санкт-петербурга в карелию минивэн","https://zakazminivena.ru/destination/karelia","Туристические регионы","Принять решение о заказе: Минивэн в Карелия из СПб от 9 000 ₽.","Расширение","Вебмастер, архив 27.08","","География URL; частотность не измерена","P2","Базовая фраза / предложение; не полная кластеризация выдачи","evidence/pages/99e002b221aa5ced.json"
"минивэн кавказские минеральные воды","https://zakazminivena.ru/destination/kmv","Туристические регионы","Принять решение о заказе: Минивэн в Кавказские Минеральные Воды из Минеральные Воды от 4 000 ₽.","Расширение","Предложение по содержанию","","География URL; частотность не измерена","P2","Базовая фраза / предложение; не полная кластеризация выдачи","evidence/pages/928c9d9cc90acf9c.json"
"минивэн алтай","https://zakazminivena.ru/destination/altai","Туристические регионы","Принять решение о заказе: Минивэн в Алтай из Барнаул от 19 500 ₽.","Расширение","Предложение по содержанию","","География URL; частотность не измерена","P2","Базовая фраза / предложение; не полная кластеризация выдачи","evidence/pages/a78b439d9f463f53.json"
"минивэн байкал","https://zakazminivena.ru/destination/baikal","Туристические регионы","Принять решение о заказе: Минивэн в Байкал из Иркутск от 4 500 ₽.","Расширение","Предложение по содержанию","","География URL; частотность не измерена","P2","Базовая фраза / предложение; не полная кластеризация выдачи","evidence/pages/2273f9ca9b4ec9bd.json"
"минивэн крым","https://zakazminivena.ru/destination/crimea","Туристические регионы","Принять решение о заказе: Минивэн в Крым из Симферополь от 4 000 ₽.","Расширение","Предложение по содержанию","","География URL; частотность не измерена","P2","Базовая фраза / предложение; не полная кластеризация выдачи","evidence/pages/afd7d3dea3c23cf6.json"
"минивэн краснодарское побережье","https://zakazminivena.ru/destination/krasnodar-coast","Туристические регионы","Принять решение о заказе: Минивэн в Краснодарское побережье из Краснодар от 8 000 ₽.","Расширение","Предложение по содержанию","","География URL; частотность не измерена","P2","Базовая фраза / предложение; не полная кластеризация выдачи","evidence/pages/aa6a899d4f4a95ba.json"
"минивэн калининградская область","https://zakazminivena.ru/destination/kaliningrad","Туристические регионы","Принять решение о заказе: Минивэн в Калининградская область из Калининград от 4 000 ₽.","Расширение","Предложение по содержанию","","География URL; частотность не измерена","P2","Базовая фраза / предложение; не полная кластеризация выдачи","evidence/pages/14aa667897ffd758.json"
"минивэн север (мурманская область)","https://zakazminivena.ru/destination/north","Туристические регионы","Принять решение о заказе: Минивэн в Север (Мурманская область) из Мурманск от 7 500 ₽.","Расширение","Предложение по содержанию","","География URL; частотность не измерена","P2","Базовая фраза / предложение; не полная кластеризация выдачи","evidence/pages/f9b68674c7be387b.json"
"минивэн СПб Сортавала","https://zakazminivena.ru/destination/karelia/spb-sortavala","Туристические маршруты","Принять решение о заказе: СПб → Сортавала, 300 км.","Расширение","Предложение по содержанию","","География URL; частотность не измерена","P2","Базовая фраза / предложение; не полная кластеризация выдачи","evidence/pages/2b98ec938f4dc31a.json"
"трансфер СПб Сортавала минивэн","https://zakazminivena.ru/destination/karelia/spb-sortavala","Туристические маршруты","Принять решение о заказе: СПб → Сортавала, 300 км.","Расширение","Предложение по содержанию","","География URL; частотность не измерена","P2","Базовая фраза / предложение; не полная кластеризация выдачи","evidence/pages/2b98ec938f4dc31a.json"
"минивэн СПб Рускеала","https://zakazminivena.ru/destination/karelia/spb-ruskeala","Туристические маршруты","Принять решение о заказе: СПб → Рускеала, 380 км.","Расширение","Предложение по содержанию","","География URL; частотность не измерена","P2","Базовая фраза / предложение; не полная кластеризация выдачи","evidence/pages/be0aa205c8a29ca7.json"
"трансфер СПб Рускеала минивэн","https://zakazminivena.ru/destination/karelia/spb-ruskeala","Туристические маршруты","Принять решение о заказе: СПб → Рускеала, 380 км.","Расширение","Предложение по содержанию","","География URL; частотность не измерена","P2","Базовая фраза / предложение; не полная кластеризация выдачи","evidence/pages/be0aa205c8a29ca7.json"
"минивэн СПб Петрозаводск","https://zakazminivena.ru/destination/karelia/spb-petrozavodsk","Туристические маршруты","Принять решение о заказе: СПб → Петрозаводск, 430 км.","Пересечение","Предложение по содержанию","","География URL; частотность не измерена","P3","Базовая фраза / предложение; не полная кластеризация выдачи","evidence/pages/f94e26d00208c6f5.json"
"трансфер СПб Петрозаводск минивэн","https://zakazminivena.ru/destination/karelia/spb-petrozavodsk","Туристические маршруты","Принять решение о заказе: СПб → Петрозаводск, 430 км.","Пересечение","Предложение по содержанию","","География URL; частотность не измерена","P3","Базовая фраза / предложение; не полная кластеризация выдачи","evidence/pages/f94e26d00208c6f5.json"
"минивэн СПб Кижи (через Петрозаводск)","https://zakazminivena.ru/destination/karelia/spb-kizhi","Туристические маршруты","Принять решение о заказе: СПб → Кижи (через Петрозаводск), 450 км.","Расширение","Предложение по содержанию","","География URL; частотность не измерена","P2","Базовая фраза / предложение; не полная кластеризация выдачи","evidence/pages/cfe0412b7c939f81.json"
"трансфер СПб Кижи (через Петрозаводск) минивэн","https://zakazminivena.ru/destination/karelia/spb-kizhi","Туристические маршруты","Принять решение о заказе: СПб → Кижи (через Петрозаводск), 450 км.","Расширение","Предложение по содержанию","","География URL; частотность не измерена","P2","Базовая фраза / предложение; не полная кластеризация выдачи","evidence/pages/cfe0412b7c939f81.json"
"минивэн СПб Валаам (через Сортавалу)","https://zakazminivena.ru/destination/karelia/spb-valaam","Туристические маршруты","Принять решение о заказе: СПб → Валаам (через Сортавалу), 320 км.","Расширение","Предложение по содержанию","","География URL; частотность не измерена","P2","Базовая фраза / предложение; не полная кластеризация выдачи","evidence/pages/e7fb08af91840372.json"
"трансфер СПб Валаам (через Сортавалу) минивэн","https://zakazminivena.ru/destination/karelia/spb-valaam","Туристические маршруты","Принять решение о заказе: СПб → Валаам (через Сортавалу), 320 км.","Расширение","Предложение по содержанию","","География URL; частотность не измерена","P2","Базовая фраза / предложение; не полная кластеризация выдачи","evidence/pages/e7fb08af91840372.json"
"минивэн СПб Приозерск","https://zakazminivena.ru/destination/karelia/spb-priozersk","Туристические маршруты","Принять решение о заказе: СПб → Приозерск, 145 км.","Расширение","Предложение по содержанию","","География URL; частотность не измерена","P2","Базовая фраза / предложение; не полная кластеризация выдачи","evidence/pages/490782c470d9b986.json"
"трансфер СПб Приозерск минивэн","https://zakazminivena.ru/destination/karelia/spb-priozersk","Туристические маршруты","Принять решение о заказе: СПб → Приозерск, 145 км.","Расширение","Предложение по содержанию","","География URL; частотность не измерена","P2","Базовая фраза / предложение; не полная кластеризация выдачи","evidence/pages/490782c470d9b986.json"
"минивэн минеральные воды кисловодск","https://zakazminivena.ru/destination/kmv/mineralnye-vody-kislovodsk","Туристические маршруты","Принять решение о заказе: Минеральные Воды → Кисловодск, 60 км.","Пересечение","Wordstat · 2026-09-16","4","Россия","P3","Базовая фраза / предложение; не полная кластеризация выдачи","evidence/wordstat/21.json"
"минивэн Минеральные Воды Кисловодск","https://zakazminivena.ru/destination/kmv/mineralnye-vody-kislovodsk","Туристические маршруты","Принять решение о заказе: Минеральные Воды → Кисловодск, 60 км.","Пересечение","Wordstat · 2026-09-16","4","Россия","P3","Базовая фраза / предложение; не полная кластеризация выдачи","evidence/wordstat/21.json"
"трансфер Минеральные Воды Кисловодск минивэн","https://zakazminivena.ru/destination/kmv/mineralnye-vody-kislovodsk","Туристические маршруты","Принять решение о заказе: Минеральные Воды → Кисловодск, 60 км.","Пересечение","Предложение по содержанию","","География URL; частотность не измерена","P3","Базовая фраза / предложение; не полная кластеризация выдачи","evidence/pages/96a345e9ac87df29.json"
"минивэн минеральные воды пятигорск","https://zakazminivena.ru/destination/kmv/mineralnye-vody-pyatigorsk","Туристические маршруты","Принять решение о заказе: Минеральные Воды → Пятигорск, 25 км.","Пересечение","Wordstat · 2026-09-16","1","Россия","P3","Базовая фраза / предложение; не полная кластеризация выдачи","evidence/wordstat/22.json"
"минивэн Минеральные Воды Пятигорск","https://zakazminivena.ru/destination/kmv/mineralnye-vody-pyatigorsk","Туристические маршруты","Принять решение о заказе: Минеральные Воды → Пятигорск, 25 км.","Пересечение","Wordstat · 2026-09-16","1","Россия","P3","Базовая фраза / предложение; не полная кластеризация выдачи","evidence/wordstat/22.json"
"трансфер Минеральные Воды Пятигорск минивэн","https://zakazminivena.ru/destination/kmv/mineralnye-vody-pyatigorsk","Туристические маршруты","Принять решение о заказе: Минеральные Воды → Пятигорск, 25 км.","Пересечение","Предложение по содержанию","","География URL; частотность не измерена","P3","Базовая фраза / предложение; не полная кластеризация выдачи","evidence/pages/3e5e0b14916c1ba5.json"
"минивэн Минеральные Воды Ессентуки","https://zakazminivena.ru/destination/kmv/mineralnye-vody-essentuki","Туристические маршруты","Принять решение о заказе: Минеральные Воды → Ессентуки, 45 км.","Расширение","Предложение по содержанию","","География URL; частотность не измерена","P2","Базовая фраза / предложение; не полная кластеризация выдачи","evidence/pages/98ec413a2cab565b.json"
"трансфер Минеральные Воды Ессентуки минивэн","https://zakazminivena.ru/destination/kmv/mineralnye-vody-essentuki","Туристические маршруты","Принять решение о заказе: Минеральные Воды → Ессентуки, 45 км.","Расширение","Предложение по содержанию","","География URL; частотность не измерена","P2","Базовая фраза / предложение; не полная кластеризация выдачи","evidence/pages/98ec413a2cab565b.json"
"минивэн Минеральные Воды Железноводск","https://zakazminivena.ru/destination/kmv/mineralnye-vody-zheleznovodsk","Туристические маршруты","Принять решение о заказе: Минеральные Воды → Железноводск, 30 км.","Расширение","Предложение по содержанию","","География URL; частотность не измерена","P2","Базовая фраза / предложение; не полная кластеризация выдачи","evidence/pages/442a9546ec1cca51.json"
"трансфер Минеральные Воды Железноводск минивэн","https://zakazminivena.ru/destination/kmv/mineralnye-vody-zheleznovodsk","Туристические маршруты","Принять решение о заказе: Минеральные Воды → Железноводск, 30 км.","Расширение","Предложение по содержанию","","География URL; частотность не измерена","P2","Базовая фраза / предложение; не полная кластеризация выдачи","evidence/pages/442a9546ec1cca51.json"
"минивэн минеральные воды домбай","https://zakazminivena.ru/destination/kmv/mineralnye-vody-dombay","Туристические маршруты","Принять решение о заказе: Минеральные Воды → Домбай, 220 км.","Пересечение","Предложение по содержанию","","Россия","P0","Базовая фраза / предложение; не полная кластеризация выдачи","evidence/wordstat/20.json"
"минивэн Минеральные Воды Домбай","https://zakazminivena.ru/destination/kmv/mineralnye-vody-dombay","Туристические маршруты","Принять решение о заказе: Минеральные Воды → Домбай, 220 км.","Пересечение","Предложение по содержанию","","Россия","P0","Базовая фраза / предложение; не полная кластеризация выдачи","evidence/wordstat/20.json"
"трансфер Минеральные Воды Домбай минивэн","https://zakazminivena.ru/destination/kmv/mineralnye-vody-dombay","Туристические маршруты","Принять решение о заказе: Минеральные Воды → Домбай, 220 км.","Пересечение","Предложение по содержанию","","География URL; частотность не измерена","P0","Базовая фраза / предложение; не полная кластеризация выдачи","evidence/pages/26d9a235c1b79fdf.json"
"минивэн Минеральные Воды Архыз","https://zakazminivena.ru/destination/kmv/mineralnye-vody-arkhyz","Туристические маршруты","Принять решение о заказе: Минеральные Воды → Архыз, 200 км.","Расширение","Предложение по содержанию","","География URL; частотность не измерена","P0","Базовая фраза / предложение; не полная кластеризация выдачи","evidence/pages/20b2c730e3536304.json"
"трансфер Минеральные Воды Архыз минивэн","https://zakazminivena.ru/destination/kmv/mineralnye-vody-arkhyz","Туристические маршруты","Принять решение о заказе: Минеральные Воды → Архыз, 200 км.","Расширение","Предложение по содержанию","","География URL; частотность не измерена","P0","Базовая фраза / предложение; не полная кластеризация выдачи","evidence/pages/20b2c730e3536304.json"
"минивэн Минеральные Воды Приэльбрусье","https://zakazminivena.ru/destination/kmv/mineralnye-vody-elbrus","Туристические маршруты","Принять решение о заказе: Минеральные Воды → Приэльбрусье, 200 км.","Расширение","Предложение по содержанию","","География URL; частотность не измерена","P0","Базовая фраза / предложение; не полная кластеризация выдачи","evidence/pages/bc28c4dd5b9344e8.json"
"трансфер Минеральные Воды Приэльбрусье минивэн","https://zakazminivena.ru/destination/kmv/mineralnye-vody-elbrus","Туристические маршруты","Принять решение о заказе: Минеральные Воды → Приэльбрусье, 200 км.","Расширение","Предложение по содержанию","","География URL; частотность не измерена","P0","Базовая фраза / предложение; не полная кластеризация выдачи","evidence/pages/bc28c4dd5b9344e8.json"
"минивэн Барнаул Чемал","https://zakazminivena.ru/destination/altai/barnaul-chemal","Туристические маршруты","Принять решение о заказе: Барнаул → Чемал, 380 км.","Расширение","Предложение по содержанию","","География URL; частотность не измерена","P2","Базовая фраза / предложение; не полная кластеризация выдачи","evidence/pages/c8672a57f7f188b9.json"
"трансфер Барнаул Чемал минивэн","https://zakazminivena.ru/destination/altai/barnaul-chemal","Туристические маршруты","Принять решение о заказе: Барнаул → Чемал, 380 км.","Расширение","Предложение по содержанию","","География URL; частотность не измерена","P2","Базовая фраза / предложение; не полная кластеризация выдачи","evidence/pages/c8672a57f7f188b9.json"
"минивэн Барнаул Манжерок","https://zakazminivena.ru/destination/altai/barnaul-manzherok","Туристические маршруты","Принять решение о заказе: Барнаул → Манжерок, 320 км.","Расширение","Предложение по содержанию","","География URL; частотность не измерена","P2","Базовая фраза / предложение; не полная кластеризация выдачи","evidence/pages/7353f96b30c02379.json"
"трансфер Барнаул Манжерок минивэн","https://zakazminivena.ru/destination/altai/barnaul-manzherok","Туристические маршруты","Принять решение о заказе: Барнаул → Манжерок, 320 км.","Расширение","Предложение по содержанию","","География URL; частотность не измерена","P2","Базовая фраза / предложение; не полная кластеризация выдачи","evidence/pages/7353f96b30c02379.json"
"минивэн Барнаул Тюнгур (подъезд к Белухе)","https://zakazminivena.ru/destination/altai/barnaul-belukha","Туристические маршруты","Принять решение о заказе: Барнаул → Тюнгур (подъезд к Белухе), 750 км.","Расширение","Предложение по содержанию","","География URL; частотность не измерена","P2","Базовая фраза / предложение; не полная кластеризация выдачи","evidence/pages/2ef3cb32a5ceb1a6.json"
"трансфер Барнаул Тюнгур (подъезд к Белухе) минивэн","https://zakazminivena.ru/destination/altai/barnaul-belukha","Туристические маршруты","Принять решение о заказе: Барнаул → Тюнгур (подъезд к Белухе), 750 км.","Расширение","Предложение по содержанию","","География URL; частотность не измерена","P2","Базовая фраза / предложение; не полная кластеризация выдачи","evidence/pages/2ef3cb32a5ceb1a6.json"
"минивэн Барнаул Долина Чулышмана","https://zakazminivena.ru/destination/altai/barnaul-chulyshman","Туристические маршруты","Принять решение о заказе: Барнаул → Долина Чулышмана, 700 км.","Расширение","Предложение по содержанию","","География URL; частотность не измерена","P2","Базовая фраза / предложение; не полная кластеризация выдачи","evidence/pages/a8332d5755e462ee.json"
"трансфер Барнаул Долина Чулышмана минивэн","https://zakazminivena.ru/destination/altai/barnaul-chulyshman","Туристические маршруты","Принять решение о заказе: Барнаул → Долина Чулышмана, 700 км.","Расширение","Предложение по содержанию","","География URL; частотность не измерена","P2","Базовая фраза / предложение; не полная кластеризация выдачи","evidence/pages/a8332d5755e462ee.json"
"минивэн Новосибирск Горно-Алтайск","https://zakazminivena.ru/destination/altai/novosibirsk-gorno-altaysk","Туристические маршруты","Принять решение о заказе: Новосибирск → Горно-Алтайск, 460 км.","Расширение","Предложение по содержанию","","География URL; частотность не измерена","P2","Базовая фраза / предложение; не полная кластеризация выдачи","evidence/pages/f673fcd2523ef707.json"
"трансфер Новосибирск Горно-Алтайск минивэн","https://zakazminivena.ru/destination/altai/novosibirsk-gorno-altaysk","Туристические маршруты","Принять решение о заказе: Новосибирск → Горно-Алтайск, 460 км.","Расширение","Предложение по содержанию","","География URL; частотность не измерена","P2","Базовая фраза / предложение; не полная кластеризация выдачи","evidence/pages/f673fcd2523ef707.json"
"минивэн Иркутск Листвянка","https://zakazminivena.ru/destination/baikal/irkutsk-listvyanka","Туристические маршруты","Принять решение о заказе: Иркутск → Листвянка, 70 км.","Расширение","Предложение по содержанию","","География URL; частотность не измерена","P2","Базовая фраза / предложение; не полная кластеризация выдачи","evidence/pages/a98ff38ebe5e4763.json"
"трансфер Иркутск Листвянка минивэн","https://zakazminivena.ru/destination/baikal/irkutsk-listvyanka","Туристические маршруты","Принять решение о заказе: Иркутск → Листвянка, 70 км.","Расширение","Предложение по содержанию","","География URL; частотность не измерена","P2","Базовая фраза / предложение; не полная кластеризация выдачи","evidence/pages/a98ff38ebe5e4763.json"
"минивэн Иркутск Ольхон","https://zakazminivena.ru/destination/baikal/irkutsk-olkhon","Туристические маршруты","Принять решение о заказе: Иркутск → Ольхон, 300 км.","Расширение","Предложение по содержанию","","География URL; частотность не измерена","P0","Базовая фраза / предложение; не полная кластеризация выдачи","evidence/pages/42f66f7b71deb6f4.json"
"трансфер Иркутск Ольхон минивэн","https://zakazminivena.ru/destination/baikal/irkutsk-olkhon","Туристические маршруты","Принять решение о заказе: Иркутск → Ольхон, 300 км.","Расширение","Предложение по содержанию","","География URL; частотность не измерена","P0","Базовая фраза / предложение; не полная кластеризация выдачи","evidence/pages/42f66f7b71deb6f4.json"
"минивэн Иркутск Малое Море (МРС)","https://zakazminivena.ru/destination/baikal/irkutsk-baikal-mrs","Туристические маршруты","Принять решение о заказе: Иркутск → Малое Море (МРС), 240 км.","Расширение","Предложение по содержанию","","География URL; частотность не измерена","P2","Базовая фраза / предложение; не полная кластеризация выдачи","evidence/pages/63be6d8ffc87b126.json"
"трансфер Иркутск Малое Море (МРС) минивэн","https://zakazminivena.ru/destination/baikal/irkutsk-baikal-mrs","Туристические маршруты","Принять решение о заказе: Иркутск → Малое Море (МРС), 240 км.","Расширение","Предложение по содержанию","","География URL; частотность не измерена","P2","Базовая фраза / предложение; не полная кластеризация выдачи","evidence/pages/63be6d8ffc87b126.json"
"минивэн Иркутск Аршан","https://zakazminivena.ru/destination/baikal/irkutsk-arshan","Туристические маршруты","Принять решение о заказе: Иркутск → Аршан, 200 км.","Расширение","Предложение по содержанию","","География URL; частотность не измерена","P2","Базовая фраза / предложение; не полная кластеризация выдачи","evidence/pages/041f61889a035dbb.json"
"трансфер Иркутск Аршан минивэн","https://zakazminivena.ru/destination/baikal/irkutsk-arshan","Туристические маршруты","Принять решение о заказе: Иркутск → Аршан, 200 км.","Расширение","Предложение по содержанию","","География URL; частотность не измерена","P2","Базовая фраза / предложение; не полная кластеризация выдачи","evidence/pages/041f61889a035dbb.json"
"минивэн симферополь ялта","https://zakazminivena.ru/destination/crimea/simferopol-yalta","Туристические маршруты","Принять решение о заказе: Симферополь → Ялта, 85 км.","Пересечение","Wordstat · 2026-09-16","1","Россия","P3","Базовая фраза / предложение; не полная кластеризация выдачи","evidence/wordstat/2.json"
"минивэн Симферополь Ялта","https://zakazminivena.ru/destination/crimea/simferopol-yalta","Туристические маршруты","Принять решение о заказе: Симферополь → Ялта, 85 км.","Пересечение","Wordstat · 2026-09-16","1","Россия","P3","Базовая фраза / предложение; не полная кластеризация выдачи","evidence/wordstat/2.json"
"трансфер Симферополь Ялта минивэн","https://zakazminivena.ru/destination/crimea/simferopol-yalta","Туристические маршруты","Принять решение о заказе: Симферополь → Ялта, 85 км.","Пересечение","Предложение по содержанию","","География URL; частотность не измерена","P3","Базовая фраза / предложение; не полная кластеризация выдачи","evidence/pages/684911473b9564eb.json"
"минивэн симферополь алушта","https://zakazminivena.ru/destination/crimea/simferopol-alushta","Туристические маршруты","Принять решение о заказе: Симферополь → Алушта, 50 км.","Пересечение","Предложение по содержанию","","Россия","P3","Базовая фраза / предложение; не полная кластеризация выдачи","evidence/wordstat/3.json"
"минивэн Симферополь Алушта","https://zakazminivena.ru/destination/crimea/simferopol-alushta","Туристические маршруты","Принять решение о заказе: Симферополь → Алушта, 50 км.","Пересечение","Предложение по содержанию","","Россия","P3","Базовая фраза / предложение; не полная кластеризация выдачи","evidence/wordstat/3.json"
"трансфер Симферополь Алушта минивэн","https://zakazminivena.ru/destination/crimea/simferopol-alushta","Туристические маршруты","Принять решение о заказе: Симферополь → Алушта, 50 км.","Пересечение","Предложение по содержанию","","География URL; частотность не измерена","P3","Базовая фраза / предложение; не полная кластеризация выдачи","evidence/pages/5cf32bfd4de3a807.json"
"минивэн симферополь севастополь","https://zakazminivena.ru/destination/crimea/simferopol-sevastopol","Туристические маршруты","Принять решение о заказе: Симферополь → Севастополь, 80 км.","Пересечение","Wordstat · 2026-09-16","2","Россия","P3","Базовая фраза / предложение; не полная кластеризация выдачи","evidence/wordstat/7.json"
"минивэн Симферополь Севастополь","https://zakazminivena.ru/destination/crimea/simferopol-sevastopol","Туристические маршруты","Принять решение о заказе: Симферополь → Севастополь, 80 км.","Пересечение","Wordstat · 2026-09-16","2","Россия","P3","Базовая фраза / предложение; не полная кластеризация выдачи","evidence/wordstat/7.json"
"трансфер Симферополь Севастополь минивэн","https://zakazminivena.ru/destination/crimea/simferopol-sevastopol","Туристические маршруты","Принять решение о заказе: Симферополь → Севастополь, 80 км.","Пересечение","Предложение по содержанию","","География URL; частотность не измерена","P3","Базовая фраза / предложение; не полная кластеризация выдачи","evidence/pages/32ad8de3c8fc2224.json"
"сколько выйдет доехать на минивене до севастополя","https://zakazminivena.ru/destination/crimea/simferopol-sevastopol","Туристические маршруты","Принять решение о заказе: Симферополь → Севастополь, 80 км.","Пересечение","Вебмастер, архив 27.08","","География URL; частотность не измерена","P3","Базовая фраза / предложение; не полная кластеризация выдачи","evidence/pages/32ad8de3c8fc2224.json"
"минивэн симферополь феодосия","https://zakazminivena.ru/destination/crimea/simferopol-feodosiya","Туристические маршруты","Принять решение о заказе: Симферополь → Феодосия, 115 км.","Пересечение","Предложение по содержанию","","Россия","P3","Базовая фраза / предложение; не полная кластеризация выдачи","evidence/wordstat/5.json"
"минивэн Симферополь Феодосия","https://zakazminivena.ru/destination/crimea/simferopol-feodosiya","Туристические маршруты","Принять решение о заказе: Симферополь → Феодосия, 115 км.","Пересечение","Предложение по содержанию","","Россия","P3","Базовая фраза / предложение; не полная кластеризация выдачи","evidence/wordstat/5.json"
"трансфер Симферополь Феодосия минивэн","https://zakazminivena.ru/destination/crimea/simferopol-feodosiya","Туристические маршруты","Принять решение о заказе: Симферополь → Феодосия, 115 км.","Пересечение","Предложение по содержанию","","География URL; частотность не измерена","P3","Базовая фраза / предложение; не полная кластеризация выдачи","evidence/pages/5498a5b4b8040275.json"
"минивэн симферополь судак","https://zakazminivena.ru/destination/crimea/simferopol-sudak","Туристические маршруты","Принять решение о заказе: Симферополь → Судак, 100 км.","Пересечение","Предложение по содержанию","","Россия","P3","Базовая фраза / предложение; не полная кластеризация выдачи","evidence/wordstat/6.json"
"минивэн Симферополь Судак","https://zakazminivena.ru/destination/crimea/simferopol-sudak","Туристические маршруты","Принять решение о заказе: Симферополь → Судак, 100 км.","Пересечение","Предложение по содержанию","","Россия","P3","Базовая фраза / предложение; не полная кластеризация выдачи","evidence/wordstat/6.json"
"трансфер Симферополь Судак минивэн","https://zakazminivena.ru/destination/crimea/simferopol-sudak","Туристические маршруты","Принять решение о заказе: Симферополь → Судак, 100 км.","Пересечение","Предложение по содержанию","","География URL; частотность не измерена","P3","Базовая фраза / предложение; не полная кластеризация выдачи","evidence/pages/19e8025d84e12069.json"
"минивэн симферополь евпатория","https://zakazminivena.ru/destination/crimea/simferopol-evpatoriya","Туристические маршруты","Принять решение о заказе: Симферополь → Евпатория, 65 км.","Пересечение","Предложение по содержанию","","Россия","P3","Базовая фраза / предложение; не полная кластеризация выдачи","evidence/wordstat/4.json"
"минивэн Симферополь Евпатория","https://zakazminivena.ru/destination/crimea/simferopol-evpatoriya","Туристические маршруты","Принять решение о заказе: Симферополь → Евпатория, 65 км.","Пересечение","Предложение по содержанию","","Россия","P3","Базовая фраза / предложение; не полная кластеризация выдачи","evidence/wordstat/4.json"
"трансфер Симферополь Евпатория минивэн","https://zakazminivena.ru/destination/crimea/simferopol-evpatoriya","Туристические маршруты","Принять решение о заказе: Симферополь → Евпатория, 65 км.","Пересечение","Предложение по содержанию","","География URL; частотность не измерена","P3","Базовая фраза / предложение; не полная кластеризация выдачи","evidence/pages/35d240f2f3e49a22.json"
"минивэн краснодар анапа","https://zakazminivena.ru/destination/krasnodar-coast/krasnodar-anapa","Туристические маршруты","Принять решение о заказе: Краснодар → Анапа, 165 км.","Пересечение","Wordstat · 2026-09-16","44","Россия","P1","Базовая фраза / предложение; не полная кластеризация выдачи","evidence/wordstat/11.json"
"минивэн Краснодар Анапа","https://zakazminivena.ru/destination/krasnodar-coast/krasnodar-anapa","Туристические маршруты","Принять решение о заказе: Краснодар → Анапа, 165 км.","Пересечение","Wordstat · 2026-09-16","44","Россия","P1","Базовая фраза / предложение; не полная кластеризация выдачи","evidence/wordstat/11.json"
"трансфер Краснодар Анапа минивэн","https://zakazminivena.ru/destination/krasnodar-coast/krasnodar-anapa","Туристические маршруты","Принять решение о заказе: Краснодар → Анапа, 165 км.","Пересечение","Предложение по содержанию","","География URL; частотность не измерена","P1","Базовая фраза / предложение; не полная кластеризация выдачи","evidence/pages/785ca67b403629f5.json"
"минивэн краснодар геленджик","https://zakazminivena.ru/destination/krasnodar-coast/krasnodar-gelendzhik","Туристические маршруты","Принять решение о заказе: Краснодар → Геленджик, 200 км.","Пересечение","Wordstat · 2026-09-16","26","Россия","P1","Базовая фраза / предложение; не полная кластеризация выдачи","evidence/wordstat/12.json"
"минивэн Краснодар Геленджик","https://zakazminivena.ru/destination/krasnodar-coast/krasnodar-gelendzhik","Туристические маршруты","Принять решение о заказе: Краснодар → Геленджик, 200 км.","Пересечение","Wordstat · 2026-09-16","26","Россия","P1","Базовая фраза / предложение; не полная кластеризация выдачи","evidence/wordstat/12.json"
"трансфер Краснодар Геленджик минивэн","https://zakazminivena.ru/destination/krasnodar-coast/krasnodar-gelendzhik","Туристические маршруты","Принять решение о заказе: Краснодар → Геленджик, 200 км.","Пересечение","Предложение по содержанию","","География URL; частотность не измерена","P1","Базовая фраза / предложение; не полная кластеризация выдачи","evidence/pages/05cfe2b35ab0951a.json"
"минивэн до геленджика","https://zakazminivena.ru/destination/krasnodar-coast/krasnodar-gelendzhik","Туристические маршруты","Принять решение о заказе: Краснодар → Геленджик, 200 км.","Пересечение","Вебмастер, архив 27.08","","География URL; частотность не измерена","P1","Базовая фраза / предложение; не полная кластеризация выдачи","evidence/pages/05cfe2b35ab0951a.json"
"минивэн краснодар новороссийск","https://zakazminivena.ru/destination/krasnodar-coast/krasnodar-novorossiysk","Туристические маршруты","Принять решение о заказе: Краснодар → Новороссийск, 150 км.","Пересечение","Wordstat · 2026-09-16","16","Россия","P3","Базовая фраза / предложение; не полная кластеризация выдачи","evidence/wordstat/13.json"
"минивэн Краснодар Новороссийск","https://zakazminivena.ru/destination/krasnodar-coast/krasnodar-novorossiysk","Туристические маршруты","Принять решение о заказе: Краснодар → Новороссийск, 150 км.","Пересечение","Wordstat · 2026-09-16","16","Россия","P3","Базовая фраза / предложение; не полная кластеризация выдачи","evidence/wordstat/13.json"
"трансфер Краснодар Новороссийск минивэн","https://zakazminivena.ru/destination/krasnodar-coast/krasnodar-novorossiysk","Туристические маршруты","Принять решение о заказе: Краснодар → Новороссийск, 150 км.","Пересечение","Предложение по содержанию","","География URL; частотность не измерена","P3","Базовая фраза / предложение; не полная кластеризация выдачи","evidence/pages/686885c237737888.json"
"минивэн Краснодар Темрюк / Тамань","https://zakazminivena.ru/destination/krasnodar-coast/krasnodar-temryuk","Туристические маршруты","Принять решение о заказе: Краснодар → Темрюк / Тамань, 130 км.","Расширение","Предложение по содержанию","","География URL; частотность не измерена","P2","Базовая фраза / предложение; не полная кластеризация выдачи","evidence/pages/4c57e5ab8391423a.json"
"трансфер Краснодар Темрюк / Тамань минивэн","https://zakazminivena.ru/destination/krasnodar-coast/krasnodar-temryuk","Туристические маршруты","Принять решение о заказе: Краснодар → Темрюк / Тамань, 130 км.","Расширение","Предложение по содержанию","","География URL; частотность не измерена","P2","Базовая фраза / предложение; не полная кластеризация выдачи","evidence/pages/4c57e5ab8391423a.json"
"минивэн Калининград Зеленоградск","https://zakazminivena.ru/destination/kaliningrad/kaliningrad-zelenogradsk","Туристические маршруты","Принять решение о заказе: Калининград → Зеленоградск, 35 км.","Расширение","Предложение по содержанию","","География URL; частотность не измерена","P2","Базовая фраза / предложение; не полная кластеризация выдачи","evidence/pages/af0446d0d49fadbb.json"
"трансфер Калининград Зеленоградск минивэн","https://zakazminivena.ru/destination/kaliningrad/kaliningrad-zelenogradsk","Туристические маршруты","Принять решение о заказе: Калининград → Зеленоградск, 35 км.","Расширение","Предложение по содержанию","","География URL; частотность не измерена","P2","Базовая фраза / предложение; не полная кластеризация выдачи","evidence/pages/af0446d0d49fadbb.json"
"минивэн Калининград Светлогорск","https://zakazminivena.ru/destination/kaliningrad/kaliningrad-svetlogorsk","Туристические маршруты","Принять решение о заказе: Калининград → Светлогорск, 45 км.","Расширение","Предложение по содержанию","","География URL; частотность не измерена","P2","Базовая фраза / предложение; не полная кластеризация выдачи","evidence/pages/84042dd003dd9e86.json"
"трансфер Калининград Светлогорск минивэн","https://zakazminivena.ru/destination/kaliningrad/kaliningrad-svetlogorsk","Туристические маршруты","Принять решение о заказе: Калининград → Светлогорск, 45 км.","Расширение","Предложение по содержанию","","География URL; частотность не измерена","P2","Базовая фраза / предложение; не полная кластеризация выдачи","evidence/pages/84042dd003dd9e86.json"
"минивэн Калининград Куршская коса","https://zakazminivena.ru/destination/kaliningrad/kaliningrad-curonian-spit","Туристические маршруты","Принять решение о заказе: Калининград → Куршская коса, 50 км.","Расширение","Предложение по содержанию","","География URL; частотность не измерена","P0","Базовая фраза / предложение; не полная кластеризация выдачи","evidence/pages/0657b5654ee5fbce.json"
"трансфер Калининград Куршская коса минивэн","https://zakazminivena.ru/destination/kaliningrad/kaliningrad-curonian-spit","Туристические маршруты","Принять решение о заказе: Калининград → Куршская коса, 50 км.","Расширение","Предложение по содержанию","","География URL; частотность не измерена","P0","Базовая фраза / предложение; не полная кластеризация выдачи","evidence/pages/0657b5654ee5fbce.json"
"минивэн Калининград Янтарный","https://zakazminivena.ru/destination/kaliningrad/kaliningrad-yantarny","Туристические маршруты","Принять решение о заказе: Калининград → Янтарный, 50 км.","Расширение","Предложение по содержанию","","География URL; частотность не измерена","P2","Базовая фраза / предложение; не полная кластеризация выдачи","evidence/pages/56e9afd93c891e4e.json"
"трансфер Калининград Янтарный минивэн","https://zakazminivena.ru/destination/kaliningrad/kaliningrad-yantarny","Туристические маршруты","Принять решение о заказе: Калининград → Янтарный, 50 км.","Расширение","Предложение по содержанию","","География URL; частотность не измерена","P2","Базовая фраза / предложение; не полная кластеризация выдачи","evidence/pages/56e9afd93c891e4e.json"
"минивэн Мурманск Териберка","https://zakazminivena.ru/destination/north/murmansk-teriberka","Туристические маршруты","Принять решение о заказе: Мурманск → Териберка, 120 км.","Расширение","Предложение по содержанию","","География URL; частотность не измерена","P2","Базовая фраза / предложение; не полная кластеризация выдачи","evidence/pages/045be6401d09d658.json"
"трансфер Мурманск Териберка минивэн","https://zakazminivena.ru/destination/north/murmansk-teriberka","Туристические маршруты","Принять решение о заказе: Мурманск → Териберка, 120 км.","Расширение","Предложение по содержанию","","География URL; частотность не измерена","P2","Базовая фраза / предложение; не полная кластеризация выдачи","evidence/pages/045be6401d09d658.json"
"минивэн Мурманск Хибины (Кировск)","https://zakazminivena.ru/destination/north/murmansk-khibiny","Туристические маршруты","Принять решение о заказе: Мурманск → Хибины (Кировск), 240 км.","Расширение","Предложение по содержанию","","География URL; частотность не измерена","P0","Базовая фраза / предложение; не полная кластеризация выдачи","evidence/pages/ab6773ec7f536710.json"
"трансфер Мурманск Хибины (Кировск) минивэн","https://zakazminivena.ru/destination/north/murmansk-khibiny","Туристические маршруты","Принять решение о заказе: Мурманск → Хибины (Кировск), 240 км.","Расширение","Предложение по содержанию","","География URL; частотность не измерена","P0","Базовая фраза / предложение; не полная кластеризация выдачи","evidence/pages/ab6773ec7f536710.json"
"минивэн Мурманск Кировск","https://zakazminivena.ru/destination/north/murmansk-kirovsk","Туристические маршруты","Принять решение о заказе: Мурманск → Кировск, 220 км.","Расширение","Предложение по содержанию","","География URL; частотность не измерена","P2","Базовая фраза / предложение; не полная кластеризация выдачи","evidence/pages/87d6811bb060cf4f.json"
"трансфер Мурманск Кировск минивэн","https://zakazminivena.ru/destination/north/murmansk-kirovsk","Туристические маршруты","Принять решение о заказе: Мурманск → Кировск, 220 км.","Расширение","Предложение по содержанию","","География URL; частотность не измерена","P2","Базовая фраза / предложение; не полная кластеризация выдачи","evidence/pages/87d6811bb060cf4f.json"
"минивэн Мурманск Охота за северным сиянием","https://zakazminivena.ru/destination/north/aurora-borealis","Туристические маршруты","Принять решение о заказе: Мурманск → Охота за северным сиянием, 120 км.","Расширение","Предложение по содержанию","","География URL; частотность не измерена","P2","Базовая фраза / предложение; не полная кластеризация выдачи","evidence/pages/6aa956857ea84b39.json"
"трансфер Мурманск Охота за северным сиянием минивэн","https://zakazminivena.ru/destination/north/aurora-borealis","Туристические маршруты","Принять решение о заказе: Мурманск → Охота за северным сиянием, 120 км.","Расширение","Предложение по содержанию","","География URL; частотность не измерена","P2","Базовая фраза / предложение; не полная кластеризация выдачи","evidence/pages/6aa956857ea84b39.json"
"аренда Mercedes-Benz V-class с водителем","https://zakazminivena.ru/fleet/mercedes-v-class","Автопарк","Принять решение о заказе: Mercedes-Benz V-class — премиум минивэн на 6 пассажиров.","Расширение","Предложение по содержанию","","География URL; частотность не измерена","P2","Базовая фраза / предложение; не полная кластеризация выдачи","evidence/pages/2f2ad27be8b53066.json"
"трансфер Mercedes-Benz V-class","https://zakazminivena.ru/fleet/mercedes-v-class","Автопарк","Принять решение о заказе: Mercedes-Benz V-class — премиум минивэн на 6 пассажиров.","Расширение","Предложение по содержанию","","География URL; частотность не измерена","P2","Базовая фраза / предложение; не полная кластеризация выдачи","evidence/pages/2f2ad27be8b53066.json"
"аренда Mercedes-Benz Vito Tourer с водителем","https://zakazminivena.ru/fleet/mercedes-vito","Автопарк","Принять решение о заказе: Mercedes-Benz Vito Tourer — комфорт минивэн на 8 пассажиров.","Расширение","Предложение по содержанию","","География URL; частотность не измерена","P0","Базовая фраза / предложение; не полная кластеризация выдачи","evidence/pages/31ad74dd2f846d51.json"
"трансфер Mercedes-Benz Vito Tourer","https://zakazminivena.ru/fleet/mercedes-vito","Автопарк","Принять решение о заказе: Mercedes-Benz Vito Tourer — комфорт минивэн на 8 пассажиров.","Расширение","Предложение по содержанию","","География URL; частотность не измерена","P0","Базовая фраза / предложение; не полная кластеризация выдачи","evidence/pages/31ad74dd2f846d51.json"
"аренда Volkswagen Multivan T6.1 с водителем","https://zakazminivena.ru/fleet/vw-multivan","Автопарк","Принять решение о заказе: Volkswagen Multivan T6.1 — комфорт минивэн на 7 пассажиров.","Расширение","Предложение по содержанию","","География URL; частотность не измерена","P0","Базовая фраза / предложение; не полная кластеризация выдачи","evidence/pages/8f1286d761f14588.json"
"трансфер Volkswagen Multivan T6.1","https://zakazminivena.ru/fleet/vw-multivan","Автопарк","Принять решение о заказе: Volkswagen Multivan T6.1 — комфорт минивэн на 7 пассажиров.","Расширение","Предложение по содержанию","","География URL; частотность не измерена","P0","Базовая фраза / предложение; не полная кластеризация выдачи","evidence/pages/8f1286d761f14588.json"
"аренда Volkswagen Caravelle T6.1 с водителем","https://zakazminivena.ru/fleet/vw-caravelle","Автопарк","Принять решение о заказе: Volkswagen Caravelle T6.1 — универсальный минивэн на 7 пассажиров.","Расширение","Предложение по содержанию","","География URL; частотность не измерена","P2","Базовая фраза / предложение; не полная кластеризация выдачи","evidence/pages/c334dfa09fa40e53.json"
"трансфер Volkswagen Caravelle T6.1","https://zakazminivena.ru/fleet/vw-caravelle","Автопарк","Принять решение о заказе: Volkswagen Caravelle T6.1 — универсальный минивэн на 7 пассажиров.","Расширение","Предложение по содержанию","","География URL; частотность не измерена","P2","Базовая фраза / предложение; не полная кластеризация выдачи","evidence/pages/c334dfa09fa40e53.json"
"аренда Toyota Alphard с водителем","https://zakazminivena.ru/fleet/toyota-alphard","Автопарк","Принять решение о заказе: Toyota Alphard — премиум минивэн на 6 пассажиров.","Расширение","Предложение по содержанию","","География URL; частотность не измерена","P2","Базовая фраза / предложение; не полная кластеризация выдачи","evidence/pages/aab438e5f131ae89.json"
"трансфер Toyota Alphard","https://zakazminivena.ru/fleet/toyota-alphard","Автопарк","Принять решение о заказе: Toyota Alphard — премиум минивэн на 6 пассажиров.","Расширение","Предложение по содержанию","","География URL; частотность не измерена","P2","Базовая фраза / предложение; не полная кластеризация выдачи","evidence/pages/aab438e5f131ae89.json"
"аренда toyota alphard с водителем спб","https://zakazminivena.ru/fleet/toyota-alphard","Автопарк","Принять решение о заказе: Toyota Alphard — премиум минивэн на 6 пассажиров.","Расширение","Вебмастер, архив 27.08","","География URL; частотность не измерена","P2","Базовая фраза / предложение; не полная кластеризация выдачи","evidence/pages/aab438e5f131ae89.json"
"аренда Toyota Hiace с водителем","https://zakazminivena.ru/fleet/toyota-hiace","Автопарк","Принять решение о заказе: Toyota Hiace — универсальный минивэн на 8 пассажиров.","Расширение","Предложение по содержанию","","География URL; частотность не измерена","P1","Базовая фраза / предложение; не полная кластеризация выдачи","evidence/pages/b9e93dfac3188e6d.json"
"трансфер Toyota Hiace","https://zakazminivena.ru/fleet/toyota-hiace","Автопарк","Принять решение о заказе: Toyota Hiace — универсальный минивэн на 8 пассажиров.","Расширение","Предложение по содержанию","","География URL; частотность не измерена","P1","Базовая фраза / предложение; не полная кластеризация выдачи","evidence/pages/b9e93dfac3188e6d.json"
"toyota hiace аренда с водителем питер","https://zakazminivena.ru/fleet/toyota-hiace","Автопарк","Принять решение о заказе: Toyota Hiace — универсальный минивэн на 8 пассажиров.","Расширение","Вебмастер, архив 27.08","","География URL; частотность не измерена","P1","Базовая фраза / предложение; не полная кластеризация выдачи","evidence/pages/b9e93dfac3188e6d.json"
"аренда Hyundai Staria с водителем","https://zakazminivena.ru/fleet/hyundai-staria","Автопарк","Принять решение о заказе: Hyundai Staria — комфорт минивэн на 8 пассажиров.","Расширение","Предложение по содержанию","","География URL; частотность не измерена","P2","Базовая фраза / предложение; не полная кластеризация выдачи","evidence/pages/83e6599f539b18b8.json"
"трансфер Hyundai Staria","https://zakazminivena.ru/fleet/hyundai-staria","Автопарк","Принять решение о заказе: Hyundai Staria — комфорт минивэн на 8 пассажиров.","Расширение","Предложение по содержанию","","География URL; частотность не измерена","P2","Базовая фраза / предложение; не полная кластеризация выдачи","evidence/pages/83e6599f539b18b8.json"
"staria hyundai аренда с водителем в спб","https://zakazminivena.ru/fleet/hyundai-staria","Автопарк","Принять решение о заказе: Hyundai Staria — комфорт минивэн на 8 пассажиров.","Расширение","Вебмастер, архив 27.08","","География URL; частотность не измерена","P2","Базовая фраза / предложение; не полная кластеризация выдачи","evidence/pages/83e6599f539b18b8.json"
"аренда Hyundai H-1 / Grand Starex с водителем","https://zakazminivena.ru/fleet/hyundai-h1","Автопарк","Принять решение о заказе: Hyundai H-1 / Grand Starex — универсальный минивэн на 8 пассажиров.","Расширение","Предложение по содержанию","","География URL; частотность не измерена","P0","Базовая фраза / предложение; не полная кластеризация выдачи","evidence/pages/74157ae469123dfc.json"
"трансфер Hyundai H-1 / Grand Starex","https://zakazminivena.ru/fleet/hyundai-h1","Автопарк","Принять решение о заказе: Hyundai H-1 / Grand Starex — универсальный минивэн на 8 пассажиров.","Расширение","Предложение по содержанию","","География URL; частотность не измерена","P0","Базовая фраза / предложение; не полная кластеризация выдачи","evidence/pages/74157ae469123dfc.json"
"аренда Ford Tourneo Custom с водителем","https://zakazminivena.ru/fleet/ford-tourneo","Автопарк","Принять решение о заказе: Ford Tourneo Custom — универсальный минивэн на 8 пассажиров.","Расширение","Предложение по содержанию","","География URL; частотность не измерена","P2","Базовая фраза / предложение; не полная кластеризация выдачи","evidence/pages/71062b33c78f5fa5.json"
"трансфер Ford Tourneo Custom","https://zakazminivena.ru/fleet/ford-tourneo","Автопарк","Принять решение о заказе: Ford Tourneo Custom — универсальный минивэн на 8 пассажиров.","Расширение","Предложение по содержанию","","География URL; частотность не измерена","P2","Базовая фраза / предложение; не полная кластеризация выдачи","evidence/pages/71062b33c78f5fa5.json"
"услуга аренда авто ford tourneo custom","https://zakazminivena.ru/fleet/ford-tourneo","Автопарк","Принять решение о заказе: Ford Tourneo Custom — универсальный минивэн на 8 пассажиров.","Расширение","Вебмастер, архив 27.08","","География URL; частотность не измерена","P2","Базовая фраза / предложение; не полная кластеризация выдачи","evidence/pages/71062b33c78f5fa5.json"
"аренда Peugeot Traveller с водителем","https://zakazminivena.ru/fleet/peugeot-traveller","Автопарк","Принять решение о заказе: Peugeot Traveller — универсальный минивэн на 8 пассажиров.","Расширение","Предложение по содержанию","","География URL; частотность не измерена","P2","Базовая фраза / предложение; не полная кластеризация выдачи","evidence/pages/d54c0d9c1114ebaa.json"
"трансфер Peugeot Traveller","https://zakazminivena.ru/fleet/peugeot-traveller","Автопарк","Принять решение о заказе: Peugeot Traveller — универсальный минивэн на 8 пассажиров.","Расширение","Предложение по содержанию","","География URL; частотность не измерена","P2","Базовая фраза / предложение; не полная кластеризация выдачи","evidence/pages/d54c0d9c1114ebaa.json"
"минивэн аэропорт","https://zakazminivena.ru/service/airport-transfer","Сценарии","Принять решение о заказе: Минивэн в аэропорт — трансфер с табличкой и фикс ценой.","Расширение","Wordstat · 2026-09-15","2039","Россия","P1","Базовая фраза / предложение; не полная кластеризация выдачи","evidence/wordstat-previous/wordstat-06.json"
"минивэн трансфер аэропорт","https://zakazminivena.ru/service/airport-transfer","Сценарии","Принять решение о заказе: Минивэн в аэропорт — трансфер с табличкой и фикс ценой.","Расширение","Предложение по содержанию","","География URL; частотность не измерена","P1","Базовая фраза / предложение; не полная кластеризация выдачи","evidence/pages/0c30851b7e0e5e6a.json"
"минивэн межгород","https://zakazminivena.ru/service/intercity","Сценарии","Принять решение о заказе: Межгород на минивэне — с водителем по России.","Расширение","Wordstat · 2026-09-15","427","Россия","P1","Базовая фраза / предложение; не полная кластеризация выдачи","evidence/wordstat-previous/wordstat-05.json"
"минивэн на свадьбу","https://zakazminivena.ru/service/wedding","Сценарии","Принять решение о заказе: Минивэн на свадьбу — для гостей или жениха и невесты.","Расширение","Предложение по содержанию","","География URL; частотность не измерена","P2","Базовая фраза / предложение; не полная кластеризация выдачи","evidence/pages/1d1ac10b6ac8141e.json"
"минивэн для сотрудников","https://zakazminivena.ru/service/corporate","Сценарии","Принять решение о заказе: Корпоративный минивэн — для делегаций и сотрудников.","Расширение","Предложение по содержанию","","География URL; частотность не измерена","P2","Базовая фраза / предложение; не полная кластеризация выдачи","evidence/pages/eb261c1654cf57a3.json"
"минивэн для делегации","https://zakazminivena.ru/service/delegation","Сценарии","Принять решение о заказе: Минивэн для делегации — VIP с водителем.","Расширение","Предложение по содержанию","","География URL; частотность не измерена","P2","Базовая фраза / предложение; не полная кластеризация выдачи","evidence/pages/4a5b530f5002cb14.json"
"минивэн для конференции","https://zakazminivena.ru/service/conference","Сценарии","Принять решение о заказе: Минивэн для гостей конференции.","Расширение","Предложение по содержанию","","География URL; частотность не измерена","P2","Базовая фраза / предложение; не полная кластеризация выдачи","evidence/pages/f6e8de98316db5f1.json"
"минивэн экскурсии","https://zakazminivena.ru/service/excursion","Сценарии","Принять решение о заказе: Минивэн на экскурсию — водитель-проводник, гибкий маршрут.","Расширение","Предложение по содержанию","","География URL; частотность не измерена","P2","Базовая фраза / предложение; не полная кластеризация выдачи","evidence/pages/4dacb5fb1b3d047f.json"
"аренда минивэна почасовая","https://zakazminivena.ru/service/hourly","Сценарии","Принять решение о заказе: Почасовая аренда минивэна с водителем.","Расширение","Предложение по содержанию","","География URL; частотность не измерена","P2","Базовая фраза / предложение; не полная кластеризация выдачи","evidence/pages/c3b3d0d8a1953ce5.json"
"минивэн на несколько дней","https://zakazminivena.ru/service/multi-day","Сценарии","Принять решение о заказе: Многодневные поездки на минивэне с ночёвкой водителя.","Расширение","Предложение по содержанию","","География URL; частотность не измерена","P2","Базовая фраза / предложение; не полная кластеризация выдачи","evidence/pages/3ed63ee95d44b6dd.json"
"минивэн для спортивной команды","https://zakazminivena.ru/service/sports-team","Сценарии","Принять решение о заказе: Минивэн для спортивной команды — 8 пассажиров + инвентарь.","Расширение","Предложение по содержанию","","География URL; частотность не измерена","P2","Базовая фраза / предложение; не полная кластеризация выдачи","evidence/pages/a974cef7486abb19.json"
"минивэн для съемочной группы","https://zakazminivena.ru/service/film-crew","Сценарии","Принять решение о заказе: Минивэн для съёмочной группы — оборудование и команда.","Расширение","Предложение по содержанию","","География URL; частотность не измерена","P2","Базовая фраза / предложение; не полная кластеризация выдачи","evidence/pages/004a6aba7c971273.json"
"такси на 5 человек","https://zakazminivena.ru/minivan-5-mest","Вместимость","Принять решение о заказе: Минивэн на 5 человек с водителем.","Расширение","Wordstat · 2026-09-15","1327","Россия","P1","Базовая фраза / предложение; не полная кластеризация выдачи","evidence/wordstat-previous/wordstat-07.json"
"такси на 6 человек","https://zakazminivena.ru/minivan-6-mest","Вместимость","Принять решение о заказе: Минивэн на 6 человек с водителем.","Расширение","Wordstat · 2026-09-15","632","Россия","P1","Базовая фраза / предложение; не полная кластеризация выдачи","evidence/wordstat-previous/wordstat-08.json"
"такси на 7 человек","https://zakazminivena.ru/minivan-7-mest","Вместимость","Принять решение о заказе: Минивэн на 7 человек с водителем.","Расширение","Wordstat · 2026-09-15","327","Россия","P1","Базовая фраза / предложение; не полная кластеризация выдачи","evidence/wordstat-previous/wordstat-09.json"
"такси минивэн","https://zakazminivena.ru/","Главная","Принять решение о заказе: Заказать минивэн с водителем межгород и аэропорт.","Ядро-кандидат","Wordstat · наблюдаемая фраза 15.09","12012","Россия","P1","Общий коммерческий вход; назначение URL — гипотеза, не результат полной кластеризации SERP","evidence/wordstat-previous/wordstat-02.json"
"яндекс минивэн","https://zakazminivena.ru/yandex-taxi-minivan","Доверие и сервис","Ответ на вопрос выбора с переходом к подходящей поездке.","Поддержка","Wordstat · наблюдаемая фраза 15.09","5473","Россия","P1","Информационный / брендовый: проверить содержание, не смешивать с рекламой предзаказа; назначение URL — гипотеза, не результат полной кластеризации SERP","evidence/wordstat-previous/wordstat-00.json"
"яндекс такси минивэн","https://zakazminivena.ru/yandex-taxi-minivan","Доверие и сервис","Ответ на вопрос выбора с переходом к подходящей поездке.","Поддержка","Wordstat · наблюдаемая фраза 15.09","3925","Россия","P1","Информационный / брендовый: проверить содержание, не смешивать с рекламой предзаказа; назначение URL — гипотеза, не результат полной кластеризации SERP","evidence/wordstat-previous/wordstat-02.json"
"минивэн 7 мест","https://zakazminivena.ru/minivan-7-mest","Вместимость","Принять решение о заказе: Минивэн на 7 человек с водителем.","Расширение","Wordstat · наблюдаемая фраза 15.09","3545","Россия","P1","Вместимость; проверить необходимость отдельных 5/6/7 кластеров по выдаче; назначение URL — гипотеза, не результат полной кластеризации SERP","evidence/wordstat-previous/wordstat-00.json"
"минивэн с водителем","https://zakazminivena.ru/","Главная","Принять решение о заказе: Заказать минивэн с водителем межгород и аэропорт.","Ядро-кандидат","Wordstat · наблюдаемая фраза 15.09","2523","Россия","P1","Общий коммерческий вход; назначение URL — гипотеза, не результат полной кластеризации SERP","evidence/wordstat-previous/wordstat-00.json"
"заказать такси минивэн","https://zakazminivena.ru/","Главная","Принять решение о заказе: Заказать минивэн с водителем межгород и аэропорт.","Ядро-кандидат","Wordstat · наблюдаемая фраза 15.09","2417","Россия","P1","Общий коммерческий вход; назначение URL — гипотеза, не результат полной кластеризации SERP","evidence/wordstat-previous/wordstat-03.json"
"минивэн спб","https://zakazminivena.ru/cities/spb","Города","Принять решение о заказе: Минивэн с водителем в Санкт-Петербурге.","Ядро-кандидат","Wordstat · наблюдаемая фраза 15.09","2173","Россия","P1","Явно назван город; маршрут/бренд в хвосте требуют ручной проверки; назначение URL — гипотеза, не результат полной кластеризации SERP","evidence/wordstat-previous/wordstat-00.json"
"минивэн 7 местный","https://zakazminivena.ru/minivan-7-mest","Вместимость","Принять решение о заказе: Минивэн на 7 человек с водителем.","Расширение","Wordstat · наблюдаемая фраза 15.09","2136","Россия","P1","Вместимость; проверить необходимость отдельных 5/6/7 кластеров по выдаче; назначение URL — гипотеза, не результат полной кластеризации SERP","evidence/wordstat-previous/wordstat-00.json"
"минивэн краснодар","https://zakazminivena.ru/cities/krasnodar","Города","Принять решение о заказе: Минивэн с водителем в Краснодаре.","Ядро-кандидат","Wordstat · наблюдаемая фраза 15.09","2070","Россия","P1","Явно назван город; маршрут/бренд в хвосте требуют ручной проверки; назначение URL — гипотеза, не результат полной кластеризации SERP","evidence/wordstat-previous/wordstat-00.json"
"7 местный минивен","https://zakazminivena.ru/minivan-7-mest","Вместимость","Принять решение о заказе: Минивэн на 7 человек с водителем.","Расширение","Wordstat · наблюдаемая фраза 15.09","414","Россия","P1","Вместимость; проверить необходимость отдельных 5/6/7 кластеров по выдаче; назначение URL — гипотеза, не результат полной кластеризации SERP","evidence/wordstat-previous/wordstat-01.json"
"минивены все марки 7 местные","https://zakazminivena.ru/minivan-7-mest","Вместимость","Принять решение о заказе: Минивэн на 7 человек с водителем.","Расширение","Wordstat · наблюдаемая фраза 15.09","394","Россия","P1","Вместимость; проверить необходимость отдельных 5/6/7 кластеров по выдаче; назначение URL — гипотеза, не результат полной кластеризации SERP","evidence/wordstat-previous/wordstat-01.json"
"минивен москва","https://zakazminivena.ru/cities/moskva","Города","Принять решение о заказе: Минивэн с водителем в Москве.","Ядро-кандидат","Wordstat · наблюдаемая фраза 15.09","339","Россия","P1","Явно назван город; маршрут/бренд в хвосте требуют ручной проверки; назначение URL — гипотеза, не результат полной кластеризации SERP","evidence/wordstat-previous/wordstat-01.json"
"минивены все марки цены 7 местные","https://zakazminivena.ru/minivan-7-mest","Вместимость","Принять решение о заказе: Минивэн на 7 человек с водителем.","Расширение","Wordstat · наблюдаемая фраза 15.09","244","Россия","P1","Вместимость; проверить необходимость отдельных 5/6/7 кластеров по выдаче; назначение URL — гипотеза, не результат полной кластеризации SERP","evidence/wordstat-previous/wordstat-01.json"
"минивен спб","https://zakazminivena.ru/cities/spb","Города","Принять решение о заказе: Минивэн с водителем в Санкт-Петербурге.","Ядро-кандидат","Wordstat · наблюдаемая фраза 15.09","210","Россия","P1","Явно назван город; маршрут/бренд в хвосте требуют ручной проверки; назначение URL — гипотеза, не результат полной кластеризации SERP","evidence/wordstat-previous/wordstat-01.json"
"7 местные минивены все марки бу","https://zakazminivena.ru/minivan-7-mest","Вместимость","Принять решение о заказе: Минивэн на 7 человек с водителем.","Расширение","Wordstat · наблюдаемая фраза 15.09","127","Россия","P1","Вместимость; проверить необходимость отдельных 5/6/7 кластеров по выдаче; назначение URL — гипотеза, не результат полной кластеризации SERP","evidence/wordstat-previous/wordstat-01.json"
"минивен краснодар","https://zakazminivena.ru/cities/krasnodar","Города","Принять решение о заказе: Минивэн с водителем в Краснодаре.","Ядро-кандидат","Wordstat · наблюдаемая фраза 15.09","92","Россия","P1","Явно назван город; маршрут/бренд в хвосте требуют ручной проверки; назначение URL — гипотеза, не результат полной кластеризации SERP","evidence/wordstat-previous/wordstat-01.json"
"яндекс такси минивэн сколько","https://zakazminivena.ru/yandex-taxi-minivan","Доверие и сервис","Ответ на вопрос выбора с переходом к подходящей поездке.","Поддержка","Wordstat · наблюдаемая фраза 15.09","775","Россия","P1","Информационный / брендовый: проверить содержание, не смешивать с рекламой предзаказа; назначение URL — гипотеза, не результат полной кластеризации SERP","evidence/wordstat-previous/wordstat-02.json"
"места в минивэне яндекс такси","https://zakazminivena.ru/yandex-taxi-minivan","Доверие и сервис","Ответ на вопрос выбора с переходом к подходящей поездке.","Поддержка","Wordstat · наблюдаемая фраза 15.09","479","Россия","P1","Информационный / брендовый: проверить содержание, не смешивать с рекламой предзаказа; назначение URL — гипотеза, не результат полной кластеризации SERP","evidence/wordstat-previous/wordstat-02.json"
"сколько мест в минивэне яндекс такси","https://zakazminivena.ru/yandex-taxi-minivan","Доверие и сервис","Ответ на вопрос выбора с переходом к подходящей поездке.","Поддержка","Wordstat · наблюдаемая фраза 15.09","414","Россия","P1","Информационный / брендовый: проверить содержание, не смешивать с рекламой предзаказа; назначение URL — гипотеза, не результат полной кластеризации SERP","evidence/wordstat-previous/wordstat-02.json"
"минивэн яндекс такси машины","https://zakazminivena.ru/yandex-taxi-minivan","Доверие и сервис","Ответ на вопрос выбора с переходом к подходящей поездке.","Поддержка","Wordstat · наблюдаемая фраза 15.09","278","Россия","P1","Информационный / брендовый: проверить содержание, не смешивать с рекламой предзаказа; назначение URL — гипотеза, не результат полной кластеризации SERP","evidence/wordstat-previous/wordstat-02.json"
"тариф минивэн в яндекс такси","https://zakazminivena.ru/yandex-taxi-minivan","Доверие и сервис","Ответ на вопрос выбора с переходом к подходящей поездке.","Поддержка","Wordstat · наблюдаемая фраза 15.09","268","Россия","P1","Информационный / брендовый: проверить содержание, не смешивать с рекламой предзаказа; назначение URL — гипотеза, не результат полной кластеризации SERP","evidence/wordstat-previous/wordstat-02.json"
"такси минивэн спб","https://zakazminivena.ru/cities/spb","Города","Принять решение о заказе: Минивэн с водителем в Санкт-Петербурге.","Ядро-кандидат","Wordstat · наблюдаемая фраза 15.09","265","Россия","P1","Явно назван город; маршрут/бренд в хвосте требуют ручной проверки; назначение URL — гипотеза, не результат полной кластеризации SERP","evidence/wordstat-previous/wordstat-02.json"
"такси аэропорт минивэн","https://zakazminivena.ru/service/airport-transfer","Сценарии","Принять решение о заказе: Минивэн в аэропорт — трансфер с табличкой и фикс ценой.","Расширение","Wordstat · наблюдаемая фраза 15.09","253","Россия","P1","Общий аэропортовый сценарий; проверить нераспознанную географию; назначение URL — гипотеза, не результат полной кластеризации SERP","evidence/wordstat-previous/wordstat-06.json"
"какие минивэны в яндекс такси","https://zakazminivena.ru/yandex-taxi-minivan","Доверие и сервис","Ответ на вопрос выбора с переходом к подходящей поездке.","Поддержка","Wordstat · наблюдаемая фраза 15.09","233","Россия","P1","Информационный / брендовый: проверить содержание, не смешивать с рекламой предзаказа; назначение URL — гипотеза, не результат полной кластеризации SERP","evidence/wordstat-previous/wordstat-02.json"
"как в яндекс такси вызвать минивэн","https://zakazminivena.ru/yandex-taxi-minivan","Доверие и сервис","Ответ на вопрос выбора с переходом к подходящей поездке.","Поддержка","Wordstat · наблюдаемая фраза 15.09","223","Россия","P1","Информационный / брендовый: проверить содержание, не смешивать с рекламой предзаказа; назначение URL — гипотеза, не результат полной кластеризации SERP","evidence/wordstat-previous/wordstat-02.json"
"минивэн заказать такси москва","https://zakazminivena.ru/cities/moskva","Города","Принять решение о заказе: Минивэн с водителем в Москве.","Ядро-кандидат","Wordstat · наблюдаемая фраза 15.09","176","Россия","P1","Явно назван город; маршрут/бренд в хвосте требуют ручной проверки; назначение URL — гипотеза, не результат полной кластеризации SERP","evidence/wordstat-previous/wordstat-03.json"
"заказать такси минивэн екатеринбург","https://zakazminivena.ru/cities/ekaterinburg","Города","Принять решение о заказе: Минивэн с водителем в Екатеринбурге.","Ядро-кандидат","Wordstat · наблюдаемая фраза 15.09","168","Россия","P1","Явно назван город; маршрут/бренд в хвосте требуют ручной проверки; назначение URL — гипотеза, не результат полной кластеризации SERP","evidence/wordstat-previous/wordstat-03.json"
"яндекс такси москва минивэн","https://zakazminivena.ru/yandex-taxi-minivan","Доверие и сервис","Ответ на вопрос выбора с переходом к подходящей поездке.","Поддержка","Wordstat · наблюдаемая фраза 15.09","122","Россия","P1","Информационный / брендовый: проверить содержание, не смешивать с рекламой предзаказа; назначение URL — гипотеза, не результат полной кластеризации SERP","evidence/wordstat-previous/wordstat-02.json"
"минивэн яндекс такси сколько пассажиров","https://zakazminivena.ru/yandex-taxi-minivan","Доверие и сервис","Ответ на вопрос выбора с переходом к подходящей поездке.","Поддержка","Wordstat · наблюдаемая фраза 15.09","120","Россия","P1","Информационный / брендовый: проверить содержание, не смешивать с рекламой предзаказа; назначение URL — гипотеза, не результат полной кластеризации SERP","evidence/wordstat-previous/wordstat-02.json"
"такси минивэн межгород","https://zakazminivena.ru/service/intercity","Сценарии","Принять решение о заказе: Межгород на минивэне — с водителем по России.","Расширение","Wordstat · наблюдаемая фраза 15.09","116","Россия","P1","Общий межгород; проверить нераспознанную географию; назначение URL — гипотеза, не результат полной кластеризации SERP","evidence/wordstat-previous/wordstat-05.json"
"минивэн в такси сколько мест машине яндекс","https://zakazminivena.ru/yandex-taxi-minivan","Доверие и сервис","Ответ на вопрос выбора с переходом к подходящей поездке.","Поддержка","Wordstat · наблюдаемая фраза 15.09","113","Россия","P1","Информационный / брендовый: проверить содержание, не смешивать с рекламой предзаказа; назначение URL — гипотеза, не результат полной кластеризации SERP","evidence/wordstat-previous/wordstat-02.json"
"сколько человек в минивэне яндекс такси","https://zakazminivena.ru/yandex-taxi-minivan","Доверие и сервис","Ответ на вопрос выбора с переходом к подходящей поездке.","Поддержка","Wordstat · наблюдаемая фраза 15.09","101","Россия","P1","Информационный / брендовый: проверить содержание, не смешивать с рекламой предзаказа; назначение URL — гипотеза, не результат полной кластеризации SERP","evidence/wordstat-previous/wordstat-02.json"
"минивэн яндекс такси сколько пассажиров мест","https://zakazminivena.ru/yandex-taxi-minivan","Доверие и сервис","Ответ на вопрос выбора с переходом к подходящей поездке.","Поддержка","Wordstat · наблюдаемая фраза 15.09","94","Россия","P1","Информационный / брендовый: проверить содержание, не смешивать с рекламой предзаказа; назначение URL — гипотеза, не результат полной кластеризации SERP","evidence/wordstat-previous/wordstat-02.json"
"как выбрать минивэн в яндекс такси","https://zakazminivena.ru/yandex-taxi-minivan","Доверие и сервис","Ответ на вопрос выбора с переходом к подходящей поездке.","Поддержка","Wordstat · наблюдаемая фраза 15.09","86","Россия","P1","Информационный / брендовый: проверить содержание, не смешивать с рекламой предзаказа; назначение URL — гипотеза, не результат полной кластеризации SERP","evidence/wordstat-previous/wordstat-02.json"
"яндекс такси минивэн екатеринбург","https://zakazminivena.ru/yandex-taxi-minivan","Доверие и сервис","Ответ на вопрос выбора с переходом к подходящей поездке.","Поддержка","Wordstat · наблюдаемая фраза 15.09","80","Россия","P1","Информационный / брендовый: проверить содержание, не смешивать с рекламой предзаказа; назначение URL — гипотеза, не результат полной кластеризации SERP","evidence/wordstat-previous/wordstat-02.json"
"минивэн в яндекс такси какие машины","https://zakazminivena.ru/yandex-taxi-minivan","Доверие и сервис","Ответ на вопрос выбора с переходом к подходящей поездке.","Поддержка","Wordstat · наблюдаемая фраза 15.09","78","Россия","P1","Информационный / брендовый: проверить содержание, не смешивать с рекламой предзаказа; назначение URL — гипотеза, не результат полной кластеризации SERP","evidence/wordstat-previous/wordstat-02.json"
"можно ли в яндекс такси заказать минивэн","https://zakazminivena.ru/yandex-taxi-minivan","Доверие и сервис","Ответ на вопрос выбора с переходом к подходящей поездке.","Поддержка","Wordstat · наблюдаемая фраза 15.09","63","Россия","P1","Информационный / брендовый: проверить содержание, не смешивать с рекламой предзаказа; назначение URL — гипотеза, не результат полной кластеризации SERP","evidence/wordstat-previous/wordstat-03.json"
"заказать такси минивэн краснодар","https://zakazminivena.ru/cities/krasnodar","Города","Принять решение о заказе: Минивэн с водителем в Краснодаре.","Ядро-кандидат","Wordstat · наблюдаемая фраза 15.09","62","Россия","P1","Явно назван город; маршрут/бренд в хвосте требуют ручной проверки; назначение URL — гипотеза, не результат полной кластеризации SERP","evidence/wordstat-previous/wordstat-03.json"
"яндекс такси минивэн сколько посадочных","https://zakazminivena.ru/yandex-taxi-minivan","Доверие и сервис","Ответ на вопрос выбора с переходом к подходящей поездке.","Поддержка","Wordstat · наблюдаемая фраза 15.09","60","Россия","P1","Информационный / брендовый: проверить содержание, не смешивать с рекламой предзаказа; назначение URL — гипотеза, не результат полной кластеризации SERP","evidence/wordstat-previous/wordstat-02.json"
"яндекс такси минивэн сколько посадочных мест","https://zakazminivena.ru/yandex-taxi-minivan","Доверие и сервис","Ответ на вопрос выбора с переходом к подходящей поездке.","Поддержка","Wordstat · наблюдаемая фраза 15.09","60","Россия","P1","Информационный / брендовый: проверить содержание, не смешивать с рекламой предзаказа; назначение URL — гипотеза, не результат полной кластеризации SERP","evidence/wordstat-previous/wordstat-02.json"
"яндекс гоу такси минивэн","https://zakazminivena.ru/yandex-taxi-minivan","Доверие и сервис","Ответ на вопрос выбора с переходом к подходящей поездке.","Поддержка","Wordstat · наблюдаемая фраза 15.09","60","Россия","P1","Информационный / брендовый: проверить содержание, не смешивать с рекламой предзаказа; назначение URL — гипотеза, не результат полной кластеризации SERP","evidence/wordstat-previous/wordstat-02.json"
"такси минивэн 7 мест","https://zakazminivena.ru/minivan-7-mest","Вместимость","Принять решение о заказе: Минивэн на 7 человек с водителем.","Расширение","Wordstat · наблюдаемая фраза 15.09","57","Россия","P1","Вместимость; проверить необходимость отдельных 5/6/7 кластеров по выдаче; назначение URL — гипотеза, не результат полной кластеризации SERP","evidence/wordstat-previous/wordstat-02.json"
"есть ли в яндекс такси минивэн","https://zakazminivena.ru/yandex-taxi-minivan","Доверие и сервис","Ответ на вопрос выбора с переходом к подходящей поездке.","Поддержка","Wordstat · наблюдаемая фраза 15.09","53","Россия","P1","Информационный / брендовый: проверить содержание, не смешивать с рекламой предзаказа; назначение URL — гипотеза, не результат полной кластеризации SERP","evidence/wordstat-previous/wordstat-02.json"
"яндекс такси детский минивэн","https://zakazminivena.ru/yandex-taxi-minivan","Доверие и сервис","Ответ на вопрос выбора с переходом к подходящей поездке.","Поддержка","Wordstat · наблюдаемая фраза 15.09","53","Россия","P1","Информационный / брендовый: проверить содержание, не смешивать с рекламой предзаказа; назначение URL — гипотеза, не результат полной кластеризации SERP","evidence/wordstat-previous/wordstat-02.json"
"такси минивэн шереметьево","https://zakazminivena.ru/airport/svo","Аэропорты","Принять решение о заказе: Минивэн в — встретим с табличкой, ждём при задержке рейса Шереметьево ( SVO ).","Ядро-кандидат","Wordstat · наблюдаемая фраза 15.09","53","Россия","P1","Именованный аэропорт; уточнить точку назначения; назначение URL — гипотеза, не результат полной кластеризации SERP","evidence/wordstat-previous/wordstat-02.json"
"такси минивэн 6 человек","https://zakazminivena.ru/minivan-6-mest","Вместимость","Принять решение о заказе: Минивэн на 6 человек с водителем.","Расширение","Wordstat · наблюдаемая фраза 15.09","49","Россия","P1","Вместимость; проверить необходимость отдельных 5/6/7 кластеров по выдаче; назначение URL — гипотеза, не результат полной кластеризации SERP","evidence/wordstat-previous/wordstat-02.json"
"яндекс такси минивэн краснодар","https://zakazminivena.ru/yandex-taxi-minivan","Доверие и сервис","Ответ на вопрос выбора с переходом к подходящей поездке.","Поддержка","Wordstat · наблюдаемая фраза 15.09","48","Россия","P1","Информационный / брендовый: проверить содержание, не смешивать с рекламой предзаказа; назначение URL — гипотеза, не результат полной кластеризации SERP","evidence/wordstat-previous/wordstat-02.json"
"как заказать минивэн в яндекс","https://zakazminivena.ru/yandex-taxi-minivan","Доверие и сервис","Ответ на вопрос выбора с переходом к подходящей поездке.","Поддержка","Wordstat · наблюдаемая фраза 15.09","1037","Россия","P1","Информационный / брендовый: проверить содержание, не смешивать с рекламой предзаказа; назначение URL — гипотеза, не результат полной кластеризации SERP","evidence/wordstat-previous/wordstat-03.json"
"заказать минивэн в аэропорт","https://zakazminivena.ru/service/airport-transfer","Сценарии","Принять решение о заказе: Минивэн в аэропорт — трансфер с табличкой и фикс ценой.","Расширение","Wordstat · наблюдаемая фраза 15.09","218","Россия","P1","Общий аэропортовый сценарий; проверить нераспознанную географию; назначение URL — гипотеза, не результат полной кластеризации SERP","evidence/wordstat-previous/wordstat-06.json"
"заказать минивэн спб","https://zakazminivena.ru/cities/spb","Города","Принять решение о заказе: Минивэн с водителем в Санкт-Петербурге.","Ядро-кандидат","Wordstat · наблюдаемая фраза 15.09","191","Россия","P1","Явно назван город; маршрут/бренд в хвосте требуют ручной проверки; назначение URL — гипотеза, не результат полной кластеризации SERP","evidence/wordstat-previous/wordstat-03.json"
"заказать минивэн в екатеринбурге","https://zakazminivena.ru/cities/ekaterinburg","Города","Принять решение о заказе: Минивэн с водителем в Екатеринбурге.","Ядро-кандидат","Wordstat · наблюдаемая фраза 15.09","183","Россия","P1","Явно назван город; маршрут/бренд в хвосте требуют ручной проверки; назначение URL — гипотеза, не результат полной кластеризации SERP","evidence/wordstat-previous/wordstat-03.json"
"как заказать минивэн в яндекс го","https://zakazminivena.ru/yandex-taxi-minivan","Доверие и сервис","Ответ на вопрос выбора с переходом к подходящей поездке.","Поддержка","Wordstat · наблюдаемая фраза 15.09","117","Россия","P1","Информационный / брендовый: проверить содержание, не смешивать с рекламой предзаказа; назначение URL — гипотеза, не результат полной кластеризации SERP","evidence/wordstat-previous/wordstat-03.json"
"заказать минивэн москва с водителем","https://zakazminivena.ru/cities/moskva","Города","Принять решение о заказе: Минивэн с водителем в Москве.","Ядро-кандидат","Wordstat · наблюдаемая фраза 15.09","103","Россия","P1","Явно назван город; маршрут/бренд в хвосте требуют ручной проверки; назначение URL — гипотеза, не результат полной кластеризации SERP","evidence/wordstat-previous/wordstat-03.json"
"можно ли в яндексе заказать минивэн","https://zakazminivena.ru/yandex-taxi-minivan","Доверие и сервис","Ответ на вопрос выбора с переходом к подходящей поездке.","Поддержка","Wordstat · наблюдаемая фраза 15.09","96","Россия","P1","Информационный / брендовый: проверить содержание, не смешивать с рекламой предзаказа; назначение URL — гипотеза, не результат полной кластеризации SERP","evidence/wordstat-previous/wordstat-03.json"
"заказать минивэн в казани","https://zakazminivena.ru/cities/kazan","Города","Принять решение о заказе: Минивэн с водителем в Казани.","Ядро-кандидат","Wordstat · наблюдаемая фраза 15.09","95","Россия","P1","Явно назван город; маршрут/бренд в хвосте требуют ручной проверки; назначение URL — гипотеза, не результат полной кластеризации SERP","evidence/wordstat-previous/wordstat-03.json"
"как заказать минивэн в яндекс гоу","https://zakazminivena.ru/yandex-taxi-minivan","Доверие и сервис","Ответ на вопрос выбора с переходом к подходящей поездке.","Поддержка","Wordstat · наблюдаемая фраза 15.09","56","Россия","P1","Информационный / брендовый: проверить содержание, не смешивать с рекламой предзаказа; назначение URL — гипотеза, не результат полной кластеризации SERP","evidence/wordstat-previous/wordstat-03.json"
"заказать минивэн 7 мест","https://zakazminivena.ru/minivan-7-mest","Вместимость","Принять решение о заказе: Минивэн на 7 человек с водителем.","Расширение","Wordstat · наблюдаемая фраза 15.09","49","Россия","P1","Вместимость; проверить необходимость отдельных 5/6/7 кластеров по выдаче; назначение URL — гипотеза, не результат полной кластеризации SERP","evidence/wordstat-previous/wordstat-03.json"
"яндекс минивэн заказать в приложении как","https://zakazminivena.ru/yandex-taxi-minivan","Доверие и сервис","Ответ на вопрос выбора с переходом к подходящей поездке.","Поддержка","Wordstat · наблюдаемая фраза 15.09","48","Россия","P1","Информационный / брендовый: проверить содержание, не смешивать с рекламой предзаказа; назначение URL — гипотеза, не результат полной кластеризации SERP","evidence/wordstat-previous/wordstat-03.json"
"заказать такси минивэн в аэропорт","https://zakazminivena.ru/service/airport-transfer","Сценарии","Принять решение о заказе: Минивэн в аэропорт — трансфер с табличкой и фикс ценой.","Расширение","Wordstat · наблюдаемая фраза 15.09","46","Россия","P1","Общий аэропортовый сценарий; проверить нераспознанную географию; назначение URL — гипотеза, не результат полной кластеризации SERP","evidence/wordstat-previous/wordstat-06.json"
"как заказать минивэн в яндекс такси екатеринбург","https://zakazminivena.ru/yandex-taxi-minivan","Доверие и сервис","Ответ на вопрос выбора с переходом к подходящей поездке.","Поддержка","Wordstat · наблюдаемая фраза 15.09","46","Россия","P1","Информационный / брендовый: проверить содержание, не смешивать с рекламой предзаказа; назначение URL — гипотеза, не результат полной кластеризации SERP","evidence/wordstat-previous/wordstat-03.json"
"заказать минивэн межгород","https://zakazminivena.ru/service/intercity","Сценарии","Принять решение о заказе: Межгород на минивэне — с водителем по России.","Расширение","Wordstat · наблюдаемая фраза 15.09","45","Россия","P1","Общий межгород; проверить нераспознанную географию; назначение URL — гипотеза, не результат полной кластеризации SERP","evidence/wordstat-previous/wordstat-05.json"
"минивэн сочи заказать","https://zakazminivena.ru/cities/sochi","Города","Принять решение о заказе: Минивэн с водителем в Сочи.","Ядро-кандидат","Wordstat · наблюдаемая фраза 15.09","45","Россия","P1","Явно назван город; маршрут/бренд в хвосте требуют ручной проверки; назначение URL — гипотеза, не результат полной кластеризации SERP","evidence/wordstat-previous/wordstat-03.json"
"заказать такси минивэн в спб","https://zakazminivena.ru/cities/spb","Города","Принять решение о заказе: Минивэн с водителем в Санкт-Петербурге.","Ядро-кандидат","Wordstat · наблюдаемая фраза 15.09","45","Россия","P1","Явно назван город; маршрут/бренд в хвосте требуют ручной проверки; назначение URL — гипотеза, не результат полной кластеризации SERP","evidence/wordstat-previous/wordstat-03.json"
"заказать минивэн спб с водителем","https://zakazminivena.ru/cities/spb","Города","Принять решение о заказе: Минивэн с водителем в Санкт-Петербурге.","Ядро-кандидат","Wordstat · наблюдаемая фраза 15.09","42","Россия","P1","Явно назван город; маршрут/бренд в хвосте требуют ручной проверки; назначение URL — гипотеза, не результат полной кластеризации SERP","evidence/wordstat-previous/wordstat-03.json"
"минивэн казань такси заказать","https://zakazminivena.ru/cities/kazan","Города","Принять решение о заказе: Минивэн с водителем в Казани.","Ядро-кандидат","Wordstat · наблюдаемая фраза 15.09","40","Россия","P1","Явно назван город; маршрут/бренд в хвосте требуют ручной проверки; назначение URL — гипотеза, не результат полной кластеризации SERP","evidence/wordstat-previous/wordstat-03.json"
"заказать минивэн в нижнем новгороде","https://zakazminivena.ru/cities/nizhniy-novgorod","Города","Принять решение о заказе: Минивэн с водителем в Нижнем Новгороде.","Ядро-кандидат","Wordstat · наблюдаемая фраза 15.09","40","Россия","P1","Явно назван город; маршрут/бренд в хвосте требуют ручной проверки; назначение URL — гипотеза, не результат полной кластеризации SERP","evidence/wordstat-previous/wordstat-03.json"
"заказать минивэн на 6 человек","https://zakazminivena.ru/minivan-6-mest","Вместимость","Принять решение о заказе: Минивэн на 6 человек с водителем.","Расширение","Wordstat · наблюдаемая фраза 15.09","36","Россия","P1","Вместимость; проверить необходимость отдельных 5/6/7 кластеров по выдаче; назначение URL — гипотеза, не результат полной кластеризации SERP","evidence/wordstat-previous/wordstat-03.json"
"заказать такси минивэн 7 мест","https://zakazminivena.ru/minivan-7-mest","Вместимость","Принять решение о заказе: Минивэн на 7 человек с водителем.","Расширение","Wordstat · наблюдаемая фраза 15.09","34","Россия","P1","Вместимость; проверить необходимость отдельных 5/6/7 кластеров по выдаче; назначение URL — гипотеза, не результат полной кластеризации SERP","evidence/wordstat-previous/wordstat-03.json"
"такси минивэн нижний новгород заказать","https://zakazminivena.ru/cities/nizhniy-novgorod","Города","Принять решение о заказе: Минивэн с водителем в Нижнем Новгороде.","Ядро-кандидат","Wordstat · наблюдаемая фраза 15.09","30","Россия","P1","Явно назван город; маршрут/бренд в хвосте требуют ручной проверки; назначение URL — гипотеза, не результат полной кластеризации SERP","evidence/wordstat-previous/wordstat-03.json"
"заказать минивэн в санкт петербурге","https://zakazminivena.ru/cities/spb","Города","Принять решение о заказе: Минивэн с водителем в Санкт-Петербурге.","Ядро-кандидат","Wordstat · наблюдаемая фраза 15.09","30","Россия","P1","Явно назван город; маршрут/бренд в хвосте требуют ручной проверки; назначение URL — гипотеза, не результат полной кластеризации SERP","evidence/wordstat-previous/wordstat-03.json"
"заказать минивэн новосибирск","https://zakazminivena.ru/cities/novosibirsk","Города","Принять решение о заказе: Минивэн с водителем в Новосибирске.","Ядро-кандидат","Wordstat · наблюдаемая фраза 15.09","29","Россия","P1","Явно назван город; маршрут/бренд в хвосте требуют ручной проверки; назначение URL — гипотеза, не результат полной кластеризации SERP","evidence/wordstat-previous/wordstat-03.json"
"минивэн ярославль заказать","https://zakazminivena.ru/cities/yaroslavl","Города","Принять решение о заказе: Минивэн с водителем в Ярославле.","Ядро-кандидат","Wordstat · наблюдаемая фраза 15.09","29","Россия","P1","Явно назван город; маршрут/бренд в хвосте требуют ручной проверки; назначение URL — гипотеза, не результат полной кластеризации SERP","evidence/wordstat-previous/wordstat-03.json"
"как в яндекс go заказать минивэн","https://zakazminivena.ru/yandex-taxi-minivan","Доверие и сервис","Ответ на вопрос выбора с переходом к подходящей поездке.","Поддержка","Wordstat · наблюдаемая фраза 15.09","28","Россия","P1","Информационный / брендовый: проверить содержание, не смешивать с рекламой предзаказа; назначение URL — гипотеза, не результат полной кластеризации SERP","evidence/wordstat-previous/wordstat-03.json"
"заказать минивэн в аэропорт в москве","https://zakazminivena.ru/cities/moskva","Города","Принять решение о заказе: Минивэн с водителем в Москве.","Ядро-кандидат","Wordstat · наблюдаемая фраза 15.09","25","Россия","P1","Явно назван город; маршрут/бренд в хвосте требуют ручной проверки; назначение URL — гипотеза, не результат полной кластеризации SERP","evidence/wordstat-previous/wordstat-06.json"
"заказать минивэн москва недорого","https://zakazminivena.ru/cities/moskva","Города","Принять решение о заказе: Минивэн с водителем в Москве.","Ядро-кандидат","Wordstat · наблюдаемая фраза 15.09","25","Россия","P1","Явно назван город; маршрут/бренд в хвосте требуют ручной проверки; назначение URL — гипотеза, не результат полной кластеризации SERP","evidence/wordstat-previous/wordstat-03.json"
"заказать минивэн в аэропорт внуково","https://zakazminivena.ru/airport/vko","Аэропорты","Принять решение о заказе: Минивэн в — встретим с табличкой, ждём при задержке рейса Внуково ( VKO ).","Ядро-кандидат","Wordstat · наблюдаемая фраза 15.09","24","Россия","P1","Именованный аэропорт; уточнить точку назначения; назначение URL — гипотеза, не результат полной кластеризации SERP","evidence/wordstat-previous/wordstat-06.json"
"заказать минивэн домодедово","https://zakazminivena.ru/airport/dme","Аэропорты","Принять решение о заказе: Минивэн в — встретим с табличкой, ждём при задержке рейса Домодедово ( DME ).","Ядро-кандидат","Wordstat · наблюдаемая фраза 15.09","23","Россия","P1","Именованный аэропорт; уточнить точку назначения; назначение URL — гипотеза, не результат полной кластеризации SERP","evidence/wordstat-previous/wordstat-03.json"
"минивэн заказать пермь","https://zakazminivena.ru/cities/perm","Города","Принять решение о заказе: Минивэн с водителем в Перми.","Ядро-кандидат","Wordstat · наблюдаемая фраза 15.09","23","Россия","P1","Явно назван город; маршрут/бренд в хвосте требуют ручной проверки; назначение URL — гипотеза, не результат полной кластеризации SERP","evidence/wordstat-previous/wordstat-03.json"
"как заказать минивэн в яндекс такси москва","https://zakazminivena.ru/yandex-taxi-minivan","Доверие и сервис","Ответ на вопрос выбора с переходом к подходящей поездке.","Поддержка","Wordstat · наблюдаемая фраза 15.09","22","Россия","P1","Информационный / брендовый: проверить содержание, не смешивать с рекламой предзаказа; назначение URL — гипотеза, не результат полной кластеризации SERP","evidence/wordstat-previous/wordstat-03.json"
"заказать минивэн из шереметьево","https://zakazminivena.ru/airport/svo","Аэропорты","Принять решение о заказе: Минивэн в — встретим с табличкой, ждём при задержке рейса Шереметьево ( SVO ).","Ядро-кандидат","Wordstat · наблюдаемая фраза 15.09","20","Россия","P1","Именованный аэропорт; уточнить точку назначения; назначение URL — гипотеза, не результат полной кластеризации SERP","evidence/wordstat-previous/wordstat-03.json"
"заказать минивэн в самаре","https://zakazminivena.ru/cities/samara","Города","Принять решение о заказе: Минивэн с водителем в Самаре.","Ядро-кандидат","Wordstat · наблюдаемая фраза 15.09","19","Россия","P1","Явно назван город; маршрут/бренд в хвосте требуют ручной проверки; назначение URL — гипотеза, не результат полной кластеризации SERP","evidence/wordstat-previous/wordstat-03.json"
"заказать такси минивэн санкт петербург","https://zakazminivena.ru/cities/spb","Города","Принять решение о заказе: Минивэн с водителем в Санкт-Петербурге.","Ядро-кандидат","Wordstat · наблюдаемая фраза 15.09","18","Россия","P1","Явно назван город; маршрут/бренд в хвосте требуют ручной проверки; назначение URL — гипотеза, не результат полной кластеризации SERP","evidence/wordstat-previous/wordstat-03.json"
"как заказать тариф минивэн в яндексе","https://zakazminivena.ru/yandex-taxi-minivan","Доверие и сервис","Ответ на вопрос выбора с переходом к подходящей поездке.","Поддержка","Wordstat · наблюдаемая фраза 15.09","17","Россия","P1","Информационный / брендовый: проверить содержание, не смешивать с рекламой предзаказа; назначение URL — гипотеза, не результат полной кластеризации SERP","evidence/wordstat-previous/wordstat-03.json"
"заказать минивэн такси тюмень","https://zakazminivena.ru/cities/tyumen","Города","Принять решение о заказе: Минивэн с водителем в Тюмени.","Ядро-кандидат","Wordstat · наблюдаемая фраза 15.09","17","Россия","P1","Явно назван город; маршрут/бренд в хвосте требуют ручной проверки; назначение URL — гипотеза, не результат полной кластеризации SERP","evidence/wordstat-previous/wordstat-03.json"
"как заказать минивэн в яндекс такси казань","https://zakazminivena.ru/yandex-taxi-minivan","Доверие и сервис","Ответ на вопрос выбора с переходом к подходящей поездке.","Поддержка","Wordstat · наблюдаемая фраза 15.09","17","Россия","P1","Информационный / брендовый: проверить содержание, не смешивать с рекламой предзаказа; назначение URL — гипотеза, не результат полной кластеризации SERP","evidence/wordstat-previous/wordstat-03.json"
"как заказать минивэн в яндекс такси краснодар","https://zakazminivena.ru/yandex-taxi-minivan","Доверие и сервис","Ответ на вопрос выбора с переходом к подходящей поездке.","Поддержка","Wordstat · наблюдаемая фраза 15.09","17","Россия","P1","Информационный / брендовый: проверить содержание, не смешивать с рекламой предзаказа; назначение URL — гипотеза, не результат полной кластеризации SERP","evidence/wordstat-previous/wordstat-03.json"
"яндекс такси как заказать тариф минивэн","https://zakazminivena.ru/yandex-taxi-minivan","Доверие и сервис","Ответ на вопрос выбора с переходом к подходящей поездке.","Поддержка","Wordstat · наблюдаемая фраза 15.09","15","Россия","P1","Информационный / брендовый: проверить содержание, не смешивать с рекламой предзаказа; назначение URL — гипотеза, не результат полной кластеризации SERP","evidence/wordstat-previous/wordstat-03.json"
"заказать минивэн на 7 человек","https://zakazminivena.ru/minivan-7-mest","Вместимость","Принять решение о заказе: Минивэн на 7 человек с водителем.","Расширение","Wordstat · наблюдаемая фраза 15.09","14","Россия","P1","Вместимость; проверить необходимость отдельных 5/6/7 кластеров по выдаче; назначение URL — гипотеза, не результат полной кластеризации SERP","evidence/wordstat-previous/wordstat-03.json"
"аренда минивэна с водителем","https://zakazminivena.ru/","Главная","Принять решение о заказе: Заказать минивэн с водителем межгород и аэропорт.","Ядро-кандидат","Wordstat · наблюдаемая фраза 15.09","1024","Россия","P1","Общий коммерческий вход; назначение URL — гипотеза, не результат полной кластеризации SERP","evidence/wordstat-previous/wordstat-04.json"
"аренда минивэна с водителем москва","https://zakazminivena.ru/cities/moskva","Города","Принять решение о заказе: Минивэн с водителем в Москве.","Ядро-кандидат","Wordstat · наблюдаемая фраза 15.09","216","Россия","P1","Явно назван город; маршрут/бренд в хвосте требуют ручной проверки; назначение URL — гипотеза, не результат полной кластеризации SERP","evidence/wordstat-previous/wordstat-04.json"
"аренда минивэна с водителем в спб","https://zakazminivena.ru/cities/spb","Города","Принять решение о заказе: Минивэн с водителем в Санкт-Петербурге.","Ядро-кандидат","Wordstat · наблюдаемая фраза 15.09","33","Россия","P1","Явно назван город; маршрут/бренд в хвосте требуют ручной проверки; назначение URL — гипотеза, не результат полной кластеризации SERP","evidence/wordstat-previous/wordstat-04.json"
"аренда минивэна нижний новгород с водителем","https://zakazminivena.ru/cities/nizhniy-novgorod","Города","Принять решение о заказе: Минивэн с водителем в Нижнем Новгороде.","Ядро-кандидат","Wordstat · наблюдаемая фраза 15.09","24","Россия","P1","Явно назван город; маршрут/бренд в хвосте требуют ручной проверки; назначение URL — гипотеза, не результат полной кластеризации SERP","evidence/wordstat-previous/wordstat-04.json"
"аренда минивэна с водителем в санкт петербурге","https://zakazminivena.ru/cities/spb","Города","Принять решение о заказе: Минивэн с водителем в Санкт-Петербурге.","Ядро-кандидат","Wordstat · наблюдаемая фраза 15.09","22","Россия","P1","Явно назван город; маршрут/бренд в хвосте требуют ручной проверки; назначение URL — гипотеза, не результат полной кластеризации SERP","evidence/wordstat-previous/wordstat-04.json"
"аренда минивэна с водителем в казани","https://zakazminivena.ru/cities/kazan","Города","Принять решение о заказе: Минивэн с водителем в Казани.","Ядро-кандидат","Wordstat · наблюдаемая фраза 15.09","21","Россия","P1","Явно назван город; маршрут/бренд в хвосте требуют ручной проверки; назначение URL — гипотеза, не результат полной кластеризации SERP","evidence/wordstat-previous/wordstat-04.json"
"аренда минивэна с водителем краснодар","https://zakazminivena.ru/cities/krasnodar","Города","Принять решение о заказе: Минивэн с водителем в Краснодаре.","Ядро-кандидат","Wordstat · наблюдаемая фраза 15.09","21","Россия","P1","Явно назван город; маршрут/бренд в хвосте требуют ручной проверки; назначение URL — гипотеза, не результат полной кластеризации SERP","evidence/wordstat-previous/wordstat-04.json"
"аренда минивэна в москве с водителем почасовая","https://zakazminivena.ru/cities/moskva","Города","Принять решение о заказе: Минивэн с водителем в Москве.","Ядро-кандидат","Wordstat · наблюдаемая фраза 15.09","20","Россия","P1","Явно назван город; маршрут/бренд в хвосте требуют ручной проверки; назначение URL — гипотеза, не результат полной кластеризации SERP","evidence/wordstat-previous/wordstat-04.json"
"аренда минивэна с водителем в екатеринбурге","https://zakazminivena.ru/cities/ekaterinburg","Города","Принять решение о заказе: Минивэн с водителем в Екатеринбурге.","Ядро-кандидат","Wordstat · наблюдаемая фраза 15.09","17","Россия","P1","Явно назван город; маршрут/бренд в хвосте требуют ручной проверки; назначение URL — гипотеза, не результат полной кластеризации SERP","evidence/wordstat-previous/wordstat-04.json"
"аренда минивэна с водителем самара","https://zakazminivena.ru/cities/samara","Города","Принять решение о заказе: Минивэн с водителем в Самаре.","Ядро-кандидат","Wordstat · наблюдаемая фраза 15.09","17","Россия","P1","Явно назван город; маршрут/бренд в хвосте требуют ручной проверки; назначение URL — гипотеза, не результат полной кластеризации SERP","evidence/wordstat-previous/wordstat-04.json"
"аренда минивэна в сочи с водителем","https://zakazminivena.ru/cities/sochi","Города","Принять решение о заказе: Минивэн с водителем в Сочи.","Ядро-кандидат","Wordstat · наблюдаемая фраза 15.09","9","Россия","P1","Явно назван город; маршрут/бренд в хвосте требуют ручной проверки; назначение URL — гипотеза, не результат полной кластеризации SERP","evidence/wordstat-previous/wordstat-04.json"
"аренда минивэна тюмень с водителем","https://zakazminivena.ru/cities/tyumen","Города","Принять решение о заказе: Минивэн с водителем в Тюмени.","Ядро-кандидат","Wordstat · наблюдаемая фраза 15.09","7","Россия","P1","Явно назван город; маршрут/бренд в хвосте требуют ручной проверки; назначение URL — гипотеза, не результат полной кластеризации SERP","evidence/wordstat-previous/wordstat-04.json"
"межгород минивэны","https://zakazminivena.ru/service/intercity","Сценарии","Принять решение о заказе: Межгород на минивэне — с водителем по России.","Расширение","Wordstat · наблюдаемая фраза 15.09","427","Россия","P1","Общий межгород; проверить нераспознанную географию; назначение URL — гипотеза, не результат полной кластеризации SERP","evidence/wordstat-previous/wordstat-05.json"
"водитель на минивэн межгород","https://zakazminivena.ru/service/intercity","Сценарии","Принять решение о заказе: Межгород на минивэне — с водителем по России.","Расширение","Wordstat · наблюдаемая фраза 15.09","49","Россия","P1","Общий межгород; проверить нераспознанную географию; назначение URL — гипотеза, не результат полной кластеризации SERP","evidence/wordstat-previous/wordstat-05.json"
"перевозки межгород минивэны","https://zakazminivena.ru/service/intercity","Сценарии","Принять решение о заказе: Межгород на минивэне — с водителем по России.","Расширение","Wordstat · наблюдаемая фраза 15.09","44","Россия","P1","Общий межгород; проверить нераспознанную географию; назначение URL — гипотеза, не результат полной кластеризации SERP","evidence/wordstat-previous/wordstat-05.json"
"аренда минивэна межгород","https://zakazminivena.ru/service/intercity","Сценарии","Принять решение о заказе: Межгород на минивэне — с водителем по России.","Расширение","Wordstat · наблюдаемая фраза 15.09","34","Россия","P1","Общий межгород; проверить нераспознанную географию; назначение URL — гипотеза, не результат полной кластеризации SERP","evidence/wordstat-previous/wordstat-05.json"
"такси межгород минивэн краснодар","https://zakazminivena.ru/cities/krasnodar","Города","Принять решение о заказе: Минивэн с водителем в Краснодаре.","Ядро-кандидат","Wordstat · наблюдаемая фраза 15.09","20","Россия","P1","Явно назван город; маршрут/бренд в хвосте требуют ручной проверки; назначение URL — гипотеза, не результат полной кластеризации SERP","evidence/wordstat-previous/wordstat-05.json"
"минивэн яндекс межгород","https://zakazminivena.ru/yandex-taxi-minivan","Доверие и сервис","Ответ на вопрос выбора с переходом к подходящей поездке.","Поддержка","Wordstat · наблюдаемая фраза 15.09","17","Россия","P1","Информационный / брендовый: проверить содержание, не смешивать с рекламой предзаказа; назначение URL — гипотеза, не результат полной кластеризации SERP","evidence/wordstat-previous/wordstat-05.json"
"трансфер межгород минивэн","https://zakazminivena.ru/service/intercity","Сценарии","Принять решение о заказе: Межгород на минивэне — с водителем по России.","Расширение","Wordstat · наблюдаемая фраза 15.09","14","Россия","P1","Общий межгород; проверить нераспознанную географию; назначение URL — гипотеза, не результат полной кластеризации SERP","evidence/wordstat-previous/wordstat-14.json"
"заказ минивэна межгород","https://zakazminivena.ru/service/intercity","Сценарии","Принять решение о заказе: Межгород на минивэне — с водителем по России.","Расширение","Wordstat · наблюдаемая фраза 15.09","7","Россия","P1","Общий межгород; проверить нераспознанную географию; назначение URL — гипотеза, не результат полной кластеризации SERP","evidence/wordstat-previous/wordstat-05.json"
"минивэн в аэропорт","https://zakazminivena.ru/service/airport-transfer","Сценарии","Принять решение о заказе: Минивэн в аэропорт — трансфер с табличкой и фикс ценой.","Расширение","Wordstat · наблюдаемая фраза 15.09","647","Россия","P1","Общий аэропортовый сценарий; проверить нераспознанную географию; назначение URL — гипотеза, не результат полной кластеризации SERP","evidence/wordstat-previous/wordstat-06.json"
"трансфер в аэропорт минивэн","https://zakazminivena.ru/service/airport-transfer","Сценарии","Принять решение о заказе: Минивэн в аэропорт — трансфер с табличкой и фикс ценой.","Расширение","Wordstat · наблюдаемая фраза 15.09","133","Россия","P1","Общий аэропортовый сценарий; проверить нераспознанную географию; назначение URL — гипотеза, не результат полной кластеризации SERP","evidence/wordstat-previous/wordstat-14.json"
"минивэн в аэропорт шереметьево","https://zakazminivena.ru/airport/svo","Аэропорты","Принять решение о заказе: Минивэн в — встретим с табличкой, ждём при задержке рейса Шереметьево ( SVO ).","Ядро-кандидат","Wordstat · наблюдаемая фраза 15.09","110","Россия","P1","Именованный аэропорт; уточнить точку назначения; назначение URL — гипотеза, не результат полной кластеризации SERP","evidence/wordstat-previous/wordstat-06.json"
"минивэн в аэропорт внуково","https://zakazminivena.ru/airport/vko","Аэропорты","Принять решение о заказе: Минивэн в — встретим с табличкой, ждём при задержке рейса Внуково ( VKO ).","Ядро-кандидат","Wordstat · наблюдаемая фраза 15.09","73","Россия","P1","Именованный аэропорт; уточнить точку назначения; назначение URL — гипотеза, не результат полной кластеризации SERP","evidence/wordstat-previous/wordstat-06.json"
"минивэн аэропорт москва","https://zakazminivena.ru/cities/moskva","Города","Принять решение о заказе: Минивэн с водителем в Москве.","Ядро-кандидат","Wordstat · наблюдаемая фраза 15.09","72","Россия","P1","Явно назван город; маршрут/бренд в хвосте требуют ручной проверки; назначение URL — гипотеза, не результат полной кластеризации SERP","evidence/wordstat-previous/wordstat-06.json"
"заказ минивэна в аэропорт","https://zakazminivena.ru/service/airport-transfer","Сценарии","Принять решение о заказе: Минивэн в аэропорт — трансфер с табличкой и фикс ценой.","Расширение","Wordstat · наблюдаемая фраза 15.09","43","Россия","P1","Общий аэропортовый сценарий; проверить нераспознанную географию; назначение URL — гипотеза, не результат полной кластеризации SERP","evidence/wordstat-previous/wordstat-06.json"
"минивэн аэропорт сочи","https://zakazminivena.ru/cities/sochi","Города","Принять решение о заказе: Минивэн с водителем в Сочи.","Ядро-кандидат","Wordstat · наблюдаемая фраза 15.09","37","Россия","P1","Явно назван город; маршрут/бренд в хвосте требуют ручной проверки; назначение URL — гипотеза, не результат полной кластеризации SERP","evidence/wordstat-previous/wordstat-06.json"
"такси в аэропорт шереметьево минивэн","https://zakazminivena.ru/airport/svo","Аэропорты","Принять решение о заказе: Минивэн в — встретим с табличкой, ждём при задержке рейса Шереметьево ( SVO ).","Ядро-кандидат","Wordstat · наблюдаемая фраза 15.09","26","Россия","P1","Именованный аэропорт; уточнить точку назначения; назначение URL — гипотеза, не результат полной кластеризации SERP","evidence/wordstat-previous/wordstat-06.json"
"трансфер аэропорт москва минивэн","https://zakazminivena.ru/cities/moskva","Города","Принять решение о заказе: Минивэн с водителем в Москве.","Ядро-кандидат","Wordstat · наблюдаемая фраза 15.09","25","Россия","P1","Явно назван город; маршрут/бренд в хвосте требуют ручной проверки; назначение URL — гипотеза, не результат полной кластеризации SERP","evidence/wordstat-previous/wordstat-14.json"
"такси минивэн в аэропорт внуково","https://zakazminivena.ru/airport/vko","Аэропорты","Принять решение о заказе: Минивэн в — встретим с табличкой, ждём при задержке рейса Внуково ( VKO ).","Ядро-кандидат","Wordstat · наблюдаемая фраза 15.09","24","Россия","P1","Именованный аэропорт; уточнить точку назначения; назначение URL — гипотеза, не результат полной кластеризации SERP","evidence/wordstat-previous/wordstat-06.json"
"трансфер в аэропорт шереметьево минивэн","https://zakazminivena.ru/airport/svo","Аэропорты","Принять решение о заказе: Минивэн в — встретим с табличкой, ждём при задержке рейса Шереметьево ( SVO ).","Ядро-кандидат","Wordstat · наблюдаемая фраза 15.09","22","Россия","P1","Именованный аэропорт; уточнить точку назначения; назначение URL — гипотеза, не результат полной кластеризации SERP","evidence/wordstat-previous/wordstat-14.json"
"заказ минивэна в аэропорт шереметьево","https://zakazminivena.ru/airport/svo","Аэропорты","Принять решение о заказе: Минивэн в — встретим с табличкой, ждём при задержке рейса Шереметьево ( SVO ).","Ядро-кандидат","Wordstat · наблюдаемая фраза 15.09","15","Россия","P1","Именованный аэропорт; уточнить точку назначения; назначение URL — гипотеза, не результат полной кластеризации SERP","evidence/wordstat-previous/wordstat-06.json"
"трансфер в аэропорт шереметьево минивэн москва","https://zakazminivena.ru/airport/svo","Аэропорты","Принять решение о заказе: Минивэн в — встретим с табличкой, ждём при задержке рейса Шереметьево ( SVO ).","Ядро-кандидат","Wordstat · наблюдаемая фраза 15.09","15","Россия","P1","Именованный аэропорт; уточнить точку назначения; назначение URL — гипотеза, не результат полной кластеризации SERP","evidence/wordstat-previous/wordstat-14.json"
"трансфер в аэропорт домодедово минивэн","https://zakazminivena.ru/airport/dme","Аэропорты","Принять решение о заказе: Минивэн в — встретим с табличкой, ждём при задержке рейса Домодедово ( DME ).","Ядро-кандидат","Wordstat · наблюдаемая фраза 15.09","13","Россия","P1","Именованный аэропорт; уточнить точку назначения; назначение URL — гипотеза, не результат полной кластеризации SERP","evidence/wordstat-previous/wordstat-14.json"
"аренда минивэна аэропорт","https://zakazminivena.ru/service/airport-transfer","Сценарии","Принять решение о заказе: Минивэн в аэропорт — трансфер с табличкой и фикс ценой.","Расширение","Wordstat · наблюдаемая фраза 15.09","13","Россия","P1","Общий аэропортовый сценарий; проверить нераспознанную географию; назначение URL — гипотеза, не результат полной кластеризации SERP","evidence/wordstat-previous/wordstat-06.json"
"минивэн такси 8 мест аэропорт домодедово","https://zakazminivena.ru/airport/dme","Аэропорты","Принять решение о заказе: Минивэн в — встретим с табличкой, ждём при задержке рейса Домодедово ( DME ).","Ядро-кандидат","Wordstat · наблюдаемая фраза 15.09","13","Россия","P1","Именованный аэропорт; уточнить точку назначения; назначение URL — гипотеза, не результат полной кластеризации SERP","evidence/wordstat-previous/wordstat-06.json"
"минивэн аэропорт детское кресло","https://zakazminivena.ru/service/airport-transfer","Сценарии","Принять решение о заказе: Минивэн в аэропорт — трансфер с табличкой и фикс ценой.","Расширение","Wordstat · наблюдаемая фраза 15.09","12","Россия","P1","Общий аэропортовый сценарий; проверить нераспознанную географию; назначение URL — гипотеза, не результат полной кластеризации SERP","evidence/wordstat-previous/wordstat-06.json"
"минивэн такси москва аэропорт","https://zakazminivena.ru/cities/moskva","Города","Принять решение о заказе: Минивэн с водителем в Москве.","Ядро-кандидат","Wordstat · наблюдаемая фраза 15.09","12","Россия","P1","Явно назван город; маршрут/бренд в хвосте требуют ручной проверки; назначение URL — гипотеза, не результат полной кластеризации SERP","evidence/wordstat-previous/wordstat-06.json"
"трансфер минивэн в аэропорт внуково","https://zakazminivena.ru/airport/vko","Аэропорты","Принять решение о заказе: Минивэн в — встретим с табличкой, ждём при задержке рейса Внуково ( VKO ).","Ядро-кандидат","Wordstat · наблюдаемая фраза 15.09","12","Россия","P1","Именованный аэропорт; уточнить точку назначения; назначение URL — гипотеза, не результат полной кластеризации SERP","evidence/wordstat-previous/wordstat-14.json"
"минивэн в аэропорт пулково","https://zakazminivena.ru/airport/led","Аэропорты","Принять решение о заказе: Минивэн в — встретим с табличкой, ждём при задержке рейса Пулково ( LED ).","Ядро-кандидат","Wordstat · наблюдаемая фраза 15.09","9","Россия","P1","Именованный аэропорт; уточнить точку назначения; назначение URL — гипотеза, не результат полной кластеризации SERP","evidence/wordstat-previous/wordstat-06.json"
"трансфер минивэн в аэропорт шереметьев","https://zakazminivena.ru/service/airport-transfer","Сценарии","Принять решение о заказе: Минивэн в аэропорт — трансфер с табличкой и фикс ценой.","Расширение","Wordstat · наблюдаемая фраза 15.09","9","Россия","P1","Общий аэропортовый сценарий; проверить нераспознанную географию; назначение URL — гипотеза, не результат полной кластеризации SERP","evidence/wordstat-previous/wordstat-14.json"
"такси калининград аэропорт минивэн","https://zakazminivena.ru/airport/kgd","Аэропорты","Принять решение о заказе: Минивэн в — встретим с табличкой, ждём при задержке рейса Калининград ( KGD ).","Ядро-кандидат","Wordstat · наблюдаемая фраза 15.09","9","Россия","P2","Именованный аэропорт; уточнить точку назначения; назначение URL — гипотеза, не результат полной кластеризации SERP","evidence/wordstat-previous/wordstat-06.json"
"заказать такси минивэн в аэропорт шереметьево","https://zakazminivena.ru/airport/svo","Аэропорты","Принять решение о заказе: Минивэн в — встретим с табличкой, ждём при задержке рейса Шереметьево ( SVO ).","Ядро-кандидат","Wordstat · наблюдаемая фраза 15.09","8","Россия","P1","Именованный аэропорт; уточнить точку назначения; назначение URL — гипотеза, не результат полной кластеризации SERP","evidence/wordstat-previous/wordstat-06.json"
"трансфер из аэропорта храброво в зеленоградск минивэн","https://zakazminivena.ru/service/airport-transfer","Сценарии","Принять решение о заказе: Минивэн в аэропорт — трансфер с табличкой и фикс ценой.","Расширение","Wordstat · наблюдаемая фраза 15.09","7","Россия","P1","Общий аэропортовый сценарий; проверить нераспознанную географию; назначение URL — гипотеза, не результат полной кластеризации SERP","evidence/wordstat-previous/wordstat-14.json"
"сочи аэропорт анапа такси минивэн","https://zakazminivena.ru/airport/aaq","Аэропорты","Принять решение о заказе: Минивэн в — встретим с табличкой, ждём при задержке рейса Анапа ( AAQ ).","Ядро-кандидат","Wordstat · наблюдаемая фраза 15.09","5","Россия","P2","Именованный аэропорт; уточнить точку назначения; назначение URL — гипотеза, не результат полной кластеризации SERP","evidence/wordstat-previous/wordstat-06.json"
"яндекс такси на 5 человек","https://zakazminivena.ru/yandex-taxi-minivan","Доверие и сервис","Ответ на вопрос выбора с переходом к подходящей поездке.","Поддержка","Wordstat · наблюдаемая фраза 15.09","589","Россия","P1","Информационный / брендовый: проверить содержание, не смешивать с рекламой предзаказа; назначение URL — гипотеза, не результат полной кластеризации SERP","evidence/wordstat-previous/wordstat-07.json"
"как заказать такси на 5 человек","https://zakazminivena.ru/minivan-5-mest","Вместимость","Принять решение о заказе: Минивэн на 5 человек с водителем.","Расширение","Wordstat · наблюдаемая фраза 15.09","365","Россия","P1","Вместимость; проверить необходимость отдельных 5/6/7 кластеров по выдаче; назначение URL — гипотеза, не результат полной кластеризации SERP","evidence/wordstat-previous/wordstat-07.json"
"как заказать яндекс такси на 5 человек","https://zakazminivena.ru/yandex-taxi-minivan","Доверие и сервис","Ответ на вопрос выбора с переходом к подходящей поездке.","Поддержка","Wordstat · наблюдаемая фраза 15.09","293","Россия","P1","Информационный / брендовый: проверить содержание, не смешивать с рекламой предзаказа; назначение URL — гипотеза, не результат полной кластеризации SERP","evidence/wordstat-previous/wordstat-07.json"
"как вызвать такси на 5 человек","https://zakazminivena.ru/minivan-5-mest","Вместимость","Принять решение о заказе: Минивэн на 5 человек с водителем.","Расширение","Wordstat · наблюдаемая фраза 15.09","146","Россия","P1","Вместимость; проверить необходимость отдельных 5/6/7 кластеров по выдаче; назначение URL — гипотеза, не результат полной кластеризации SERP","evidence/wordstat-previous/wordstat-07.json"
"машина на 5 человек такси","https://zakazminivena.ru/minivan-5-mest","Вместимость","Принять решение о заказе: Минивэн на 5 человек с водителем.","Расширение","Wordstat · наблюдаемая фраза 15.09","104","Россия","P1","Вместимость; проверить необходимость отдельных 5/6/7 кластеров по выдаче; назначение URL — гипотеза, не результат полной кластеризации SERP","evidence/wordstat-previous/wordstat-07.json"
"как вызвать такси на 5 человек яндекс","https://zakazminivena.ru/yandex-taxi-minivan","Доверие и сервис","Ответ на вопрос выбора с переходом к подходящей поездке.","Поддержка","Wordstat · наблюдаемая фраза 15.09","93","Россия","P1","Информационный / брендовый: проверить содержание, не смешивать с рекламой предзаказа; назначение URL — гипотеза, не результат полной кластеризации SERP","evidence/wordstat-previous/wordstat-07.json"
"яндекс такси машина на 5 человек","https://zakazminivena.ru/yandex-taxi-minivan","Доверие и сервис","Ответ на вопрос выбора с переходом к подходящей поездке.","Поддержка","Wordstat · наблюдаемая фраза 15.09","69","Россия","P1","Информационный / брендовый: проверить содержание, не смешивать с рекламой предзаказа; назначение URL — гипотеза, не результат полной кластеризации SERP","evidence/wordstat-previous/wordstat-07.json"
"можно ли заказать такси на 5 человек","https://zakazminivena.ru/minivan-5-mest","Вместимость","Принять решение о заказе: Минивэн на 5 человек с водителем.","Расширение","Wordstat · наблюдаемая фраза 15.09","66","Россия","P1","Вместимость; проверить необходимость отдельных 5/6/7 кластеров по выдаче; назначение URL — гипотеза, не результат полной кластеризации SERP","evidence/wordstat-previous/wordstat-07.json"
"есть ли такси на 5 человек","https://zakazminivena.ru/minivan-5-mest","Вместимость","Принять решение о заказе: Минивэн на 5 человек с водителем.","Расширение","Wordstat · наблюдаемая фраза 15.09","34","Россия","P1","Вместимость; проверить необходимость отдельных 5/6/7 кластеров по выдаче; назначение URL — гипотеза, не результат полной кластеризации SERP","evidence/wordstat-previous/wordstat-07.json"
"такси на 5 человек екатеринбург","https://zakazminivena.ru/cities/ekaterinburg","Города","Принять решение о заказе: Минивэн с водителем в Екатеринбурге.","Ядро-кандидат","Wordstat · наблюдаемая фраза 15.09","30","Россия","P1","Явно назван город; маршрут/бренд в хвосте требуют ручной проверки; назначение URL — гипотеза, не результат полной кластеризации SERP","evidence/wordstat-previous/wordstat-07.json"
"такси на 5 человек москва","https://zakazminivena.ru/cities/moskva","Города","Принять решение о заказе: Минивэн с водителем в Москве.","Ядро-кандидат","Wordstat · наблюдаемая фраза 15.09","26","Россия","P1","Явно назван город; маршрут/бренд в хвосте требуют ручной проверки; назначение URL — гипотеза, не результат полной кластеризации SERP","evidence/wordstat-previous/wordstat-07.json"
"такси на 5 человек казань","https://zakazminivena.ru/cities/kazan","Города","Принять решение о заказе: Минивэн с водителем в Казани.","Ядро-кандидат","Wordstat · наблюдаемая фраза 15.09","24","Россия","P1","Явно назван город; маршрут/бренд в хвосте требуют ручной проверки; назначение URL — гипотеза, не результат полной кластеризации SERP","evidence/wordstat-previous/wordstat-07.json"
"такси на 5 человек спб","https://zakazminivena.ru/cities/spb","Города","Принять решение о заказе: Минивэн с водителем в Санкт-Петербурге.","Ядро-кандидат","Wordstat · наблюдаемая фраза 15.09","21","Россия","P1","Явно назван город; маршрут/бренд в хвосте требуют ручной проверки; назначение URL — гипотеза, не результат полной кластеризации SERP","evidence/wordstat-previous/wordstat-07.json"
"такси на 5 человек ростов","https://zakazminivena.ru/minivan-5-mest","Вместимость","Принять решение о заказе: Минивэн на 5 человек с водителем.","Расширение","Wordstat · наблюдаемая фраза 15.09","15","Россия","P1","Вместимость; проверить необходимость отдельных 5/6/7 кластеров по выдаче; назначение URL — гипотеза, не результат полной кластеризации SERP","evidence/wordstat-previous/wordstat-07.json"
"какое такси заказать на 5 человек","https://zakazminivena.ru/minivan-5-mest","Вместимость","Принять решение о заказе: Минивэн на 5 человек с водителем.","Расширение","Wordstat · наблюдаемая фраза 15.09","15","Россия","P1","Вместимость; проверить необходимость отдельных 5/6/7 кластеров по выдаче; назначение URL — гипотеза, не результат полной кластеризации SERP","evidence/wordstat-previous/wordstat-07.json"
"такси на 5 человек краснодар","https://zakazminivena.ru/cities/krasnodar","Города","Принять решение о заказе: Минивэн с водителем в Краснодаре.","Ядро-кандидат","Wordstat · наблюдаемая фраза 15.09","14","Россия","P1","Явно назван город; маршрут/бренд в хвосте требуют ручной проверки; назначение URL — гипотеза, не результат полной кластеризации SERP","evidence/wordstat-previous/wordstat-07.json"
"такси геленджик на 5 человек","https://zakazminivena.ru/minivan-5-mest","Вместимость","Принять решение о заказе: Минивэн на 5 человек с водителем.","Расширение","Wordstat · наблюдаемая фраза 15.09","12","Россия","P1","Вместимость; проверить необходимость отдельных 5/6/7 кластеров по выдаче; назначение URL — гипотеза, не результат полной кластеризации SERP","evidence/wordstat-previous/wordstat-07.json"
"где заказать такси на 5 человек","https://zakazminivena.ru/minivan-5-mest","Вместимость","Принять решение о заказе: Минивэн на 5 человек с водителем.","Расширение","Wordstat · наблюдаемая фраза 15.09","8","Россия","P1","Вместимость; проверить необходимость отдельных 5/6/7 кластеров по выдаче; назначение URL — гипотеза, не результат полной кластеризации SERP","evidence/wordstat-previous/wordstat-07.json"
"как найти такси на 5 человек","https://zakazminivena.ru/minivan-5-mest","Вместимость","Принять решение о заказе: Минивэн на 5 человек с водителем.","Расширение","Wordstat · наблюдаемая фраза 15.09","6","Россия","P1","Вместимость; проверить необходимость отдельных 5/6/7 кластеров по выдаче; назначение URL — гипотеза, не результат полной кластеризации SERP","evidence/wordstat-previous/wordstat-07.json"
"такси на 5 человек сочи","https://zakazminivena.ru/cities/sochi","Города","Принять решение о заказе: Минивэн с водителем в Сочи.","Ядро-кандидат","Wordstat · наблюдаемая фраза 15.09","6","Россия","P1","Явно назван город; маршрут/бренд в хвосте требуют ручной проверки; назначение URL — гипотеза, не результат полной кластеризации SERP","evidence/wordstat-previous/wordstat-07.json"
"такси ейск на 5 человек","https://zakazminivena.ru/minivan-5-mest","Вместимость","Принять решение о заказе: Минивэн на 5 человек с водителем.","Расширение","Wordstat · наблюдаемая фраза 15.09","5","Россия","P1","Вместимость; проверить необходимость отдельных 5/6/7 кластеров по выдаче; назначение URL — гипотеза, не результат полной кластеризации SERP","evidence/wordstat-previous/wordstat-07.json"
"такси на 5 человек минск","https://zakazminivena.ru/minivan-5-mest","Вместимость","Принять решение о заказе: Минивэн на 5 человек с водителем.","Расширение","Wordstat · наблюдаемая фраза 15.09","1","Россия","P1","Вместимость; проверить необходимость отдельных 5/6/7 кластеров по выдаче; назначение URL — гипотеза, не результат полной кластеризации SERP","evidence/wordstat-previous/wordstat-07.json"
"заказать такси на 6 человек","https://zakazminivena.ru/minivan-6-mest","Вместимость","Принять решение о заказе: Минивэн на 6 человек с водителем.","Расширение","Wordstat · наблюдаемая фраза 15.09","257","Россия","P1","Вместимость; проверить необходимость отдельных 5/6/7 кластеров по выдаче; назначение URL — гипотеза, не результат полной кластеризации SERP","evidence/wordstat-previous/wordstat-08.json"
"яндекс такси на 6 человек","https://zakazminivena.ru/yandex-taxi-minivan","Доверие и сервис","Ответ на вопрос выбора с переходом к подходящей поездке.","Поддержка","Wordstat · наблюдаемая фраза 15.09","225","Россия","P1","Информационный / брендовый: проверить содержание, не смешивать с рекламой предзаказа; назначение URL — гипотеза, не результат полной кластеризации SERP","evidence/wordstat-previous/wordstat-08.json"
"как заказать яндекс такси на 6 человек","https://zakazminivena.ru/yandex-taxi-minivan","Доверие и сервис","Ответ на вопрос выбора с переходом к подходящей поездке.","Поддержка","Wordstat · наблюдаемая фраза 15.09","118","Россия","P1","Информационный / брендовый: проверить содержание, не смешивать с рекламой предзаказа; назначение URL — гипотеза, не результат полной кластеризации SERP","evidence/wordstat-previous/wordstat-08.json"
"вызвать такси на 6 человек","https://zakazminivena.ru/minivan-6-mest","Вместимость","Принять решение о заказе: Минивэн на 6 человек с водителем.","Расширение","Wordstat · наблюдаемая фраза 15.09","70","Россия","P1","Вместимость; проверить необходимость отдельных 5/6/7 кластеров по выдаче; назначение URL — гипотеза, не результат полной кластеризации SERP","evidence/wordstat-previous/wordstat-08.json"
"машина на 6 человек такси","https://zakazminivena.ru/minivan-6-mest","Вместимость","Принять решение о заказе: Минивэн на 6 человек с водителем.","Расширение","Wordstat · наблюдаемая фраза 15.09","67","Россия","P1","Вместимость; проверить необходимость отдельных 5/6/7 кластеров по выдаче; назначение URL — гипотеза, не результат полной кластеризации SERP","evidence/wordstat-previous/wordstat-08.json"
"такси минивэн на 6 человек","https://zakazminivena.ru/minivan-6-mest","Вместимость","Принять решение о заказе: Минивэн на 6 человек с водителем.","Расширение","Wordstat · наблюдаемая фраза 15.09","29","Россия","P1","Вместимость; проверить необходимость отдельных 5/6/7 кластеров по выдаче; назначение URL — гипотеза, не результат полной кластеризации SERP","evidence/wordstat-previous/wordstat-08.json"
"можно ли заказать такси на 6 человек","https://zakazminivena.ru/minivan-6-mest","Вместимость","Принять решение о заказе: Минивэн на 6 человек с водителем.","Расширение","Wordstat · наблюдаемая фраза 15.09","28","Россия","P1","Вместимость; проверить необходимость отдельных 5/6/7 кластеров по выдаче; назначение URL — гипотеза, не результат полной кластеризации SERP","evidence/wordstat-previous/wordstat-08.json"
"такси на 6 человек москва","https://zakazminivena.ru/cities/moskva","Города","Принять решение о заказе: Минивэн с водителем в Москве.","Ядро-кандидат","Wordstat · наблюдаемая фраза 15.09","20","Россия","P1","Явно назван город; маршрут/бренд в хвосте требуют ручной проверки; назначение URL — гипотеза, не результат полной кластеризации SERP","evidence/wordstat-previous/wordstat-08.json"
"такси на 6 человек казань","https://zakazminivena.ru/cities/kazan","Города","Принять решение о заказе: Минивэн с водителем в Казани.","Ядро-кандидат","Wordstat · наблюдаемая фраза 15.09","14","Россия","P1","Явно назван город; маршрут/бренд в хвосте требуют ручной проверки; назначение URL — гипотеза, не результат полной кластеризации SERP","evidence/wordstat-previous/wordstat-08.json"
"заказ такси на 6 человек","https://zakazminivena.ru/minivan-6-mest","Вместимость","Принять решение о заказе: Минивэн на 6 человек с водителем.","Расширение","Wordstat · наблюдаемая фраза 15.09","14","Россия","P1","Вместимость; проверить необходимость отдельных 5/6/7 кластеров по выдаче; назначение URL — гипотеза, не результат полной кластеризации SERP","evidence/wordstat-previous/wordstat-08.json"
"такси ростове на дону на 6 человек","https://zakazminivena.ru/minivan-6-mest","Вместимость","Принять решение о заказе: Минивэн на 6 человек с водителем.","Расширение","Wordstat · наблюдаемая фраза 15.09","14","Россия","P1","Вместимость; проверить необходимость отдельных 5/6/7 кластеров по выдаче; назначение URL — гипотеза, не результат полной кластеризации SERP","evidence/wordstat-previous/wordstat-08.json"
"такси на 6 человек екатеринбург","https://zakazminivena.ru/cities/ekaterinburg","Города","Принять решение о заказе: Минивэн с водителем в Екатеринбурге.","Ядро-кандидат","Wordstat · наблюдаемая фраза 15.09","13","Россия","P1","Явно назван город; маршрут/бренд в хвосте требуют ручной проверки; назначение URL — гипотеза, не результат полной кластеризации SERP","evidence/wordstat-previous/wordstat-08.json"
"такси на 6 человек спб","https://zakazminivena.ru/cities/spb","Города","Принять решение о заказе: Минивэн с водителем в Санкт-Петербурге.","Ядро-кандидат","Wordstat · наблюдаемая фраза 15.09","8","Россия","P1","Явно назван город; маршрут/бренд в хвосте требуют ручной проверки; назначение URL — гипотеза, не результат полной кластеризации SERP","evidence/wordstat-previous/wordstat-08.json"
"заказать такси на 6 человек екатеринбург онлайн","https://zakazminivena.ru/cities/ekaterinburg","Города","Принять решение о заказе: Минивэн с водителем в Екатеринбурге.","Ядро-кандидат","Wordstat · наблюдаемая фраза 15.09","6","Россия","P1","Явно назван город; маршрут/бренд в хвосте требуют ручной проверки; назначение URL — гипотеза, не результат полной кластеризации SERP","evidence/wordstat-previous/wordstat-08.json"
"есть ли такси на 6 человек","https://zakazminivena.ru/minivan-6-mest","Вместимость","Принять решение о заказе: Минивэн на 6 человек с водителем.","Расширение","Wordstat · наблюдаемая фраза 15.09","5","Россия","P1","Вместимость; проверить необходимость отдельных 5/6/7 кластеров по выдаче; назначение URL — гипотеза, не результат полной кластеризации SERP","evidence/wordstat-previous/wordstat-08.json"
"такси на 6 человек анапа","https://zakazminivena.ru/minivan-6-mest","Вместимость","Принять решение о заказе: Минивэн на 6 человек с водителем.","Расширение","Wordstat · наблюдаемая фраза 15.09","5","Россия","P1","Вместимость; проверить необходимость отдельных 5/6/7 кластеров по выдаче; назначение URL — гипотеза, не результат полной кластеризации SERP","evidence/wordstat-previous/wordstat-08.json"
"заказать такси на 7 человек","https://zakazminivena.ru/minivan-7-mest","Вместимость","Принять решение о заказе: Минивэн на 7 человек с водителем.","Расширение","Wordstat · наблюдаемая фраза 15.09","98","Россия","P1","Вместимость; проверить необходимость отдельных 5/6/7 кластеров по выдаче; назначение URL — гипотеза, не результат полной кластеризации SERP","evidence/wordstat-previous/wordstat-09.json"
"яндекс такси на 7 человек","https://zakazminivena.ru/yandex-taxi-minivan","Доверие и сервис","Ответ на вопрос выбора с переходом к подходящей поездке.","Поддержка","Wordstat · наблюдаемая фраза 15.09","50","Россия","P1","Информационный / брендовый: проверить содержание, не смешивать с рекламой предзаказа; назначение URL — гипотеза, не результат полной кластеризации SERP","evidence/wordstat-previous/wordstat-09.json"
"минивэн на 7 человек такси","https://zakazminivena.ru/minivan-7-mest","Вместимость","Принять решение о заказе: Минивэн на 7 человек с водителем.","Расширение","Wordstat · наблюдаемая фраза 15.09","20","Россия","P1","Вместимость; проверить необходимость отдельных 5/6/7 кластеров по выдаче; назначение URL — гипотеза, не результат полной кластеризации SERP","evidence/wordstat-previous/wordstat-09.json"
"такси на 7 человек москва","https://zakazminivena.ru/cities/moskva","Города","Принять решение о заказе: Минивэн с водителем в Москве.","Ядро-кандидат","Wordstat · наблюдаемая фраза 15.09","18","Россия","P1","Явно назван город; маршрут/бренд в хвосте требуют ручной проверки; назначение URL — гипотеза, не результат полной кластеризации SERP","evidence/wordstat-previous/wordstat-09.json"
"такси на 7 человек санкт петербург","https://zakazminivena.ru/cities/spb","Города","Принять решение о заказе: Минивэн с водителем в Санкт-Петербурге.","Ядро-кандидат","Wordstat · наблюдаемая фраза 15.09","10","Россия","P1","Явно назван город; маршрут/бренд в хвосте требуют ручной проверки; назначение URL — гипотеза, не результат полной кластеризации SERP","evidence/wordstat-previous/wordstat-09.json"
"как вызвать такси на 7 человек","https://zakazminivena.ru/minivan-7-mest","Вместимость","Принять решение о заказе: Минивэн на 7 человек с водителем.","Расширение","Wordstat · наблюдаемая фраза 15.09","10","Россия","P1","Вместимость; проверить необходимость отдельных 5/6/7 кластеров по выдаче; назначение URL — гипотеза, не результат полной кластеризации SERP","evidence/wordstat-previous/wordstat-09.json"
"заказ такси на 7 человек","https://zakazminivena.ru/minivan-7-mest","Вместимость","Принять решение о заказе: Минивэн на 7 человек с водителем.","Расширение","Wordstat · наблюдаемая фраза 15.09","9","Россия","P1","Вместимость; проверить необходимость отдельных 5/6/7 кластеров по выдаче; назначение URL — гипотеза, не результат полной кластеризации SERP","evidence/wordstat-previous/wordstat-09.json"
"такси уфа оренбург на 7 человек цены","https://zakazminivena.ru/minivan-7-mest","Вместимость","Принять решение о заказе: Минивэн на 7 человек с водителем.","Расширение","Wordstat · наблюдаемая фраза 15.09","7","Россия","P1","Вместимость; проверить необходимость отдельных 5/6/7 кластеров по выдаче; назначение URL — гипотеза, не результат полной кластеризации SERP","evidence/wordstat-previous/wordstat-09.json"
"возможно ли заказать такси на 7 человек","https://zakazminivena.ru/minivan-7-mest","Вместимость","Принять решение о заказе: Минивэн на 7 человек с водителем.","Расширение","Wordstat · наблюдаемая фраза 15.09","7","Россия","P1","Вместимость; проверить необходимость отдельных 5/6/7 кластеров по выдаче; назначение URL — гипотеза, не результат полной кластеризации SERP","evidence/wordstat-previous/wordstat-09.json"
"такси на 7 человек анапа","https://zakazminivena.ru/minivan-7-mest","Вместимость","Принять решение о заказе: Минивэн на 7 человек с водителем.","Расширение","Wordstat · наблюдаемая фраза 15.09","6","Россия","P1","Вместимость; проверить необходимость отдельных 5/6/7 кластеров по выдаче; назначение URL — гипотеза, не результат полной кластеризации SERP","evidence/wordstat-previous/wordstat-09.json"
"самара казань минивэн","https://zakazminivena.ru/routes/samara-kazan","Межгород","Принять решение о заказе: Самара → Казань, 365 км.","Ядро-кандидат","Wordstat · наблюдаемая фраза 15.09","67","Россия","P1","Два города совпали; направление по словам предварительное, широкая частотность общая; назначение URL — гипотеза, не результат полной кластеризации SERP","evidence/wordstat-previous/wordstat-10.json"
"трансфер минивэн","https://zakazminivena.ru/","Главная","Принять решение о заказе: Заказать минивэн с водителем межгород и аэропорт.","Ядро-кандидат","Wordstat · наблюдаемая фраза 15.09","1210","Россия","P1","Общий коммерческий вход; назначение URL — гипотеза, не результат полной кластеризации SERP","evidence/wordstat-previous/wordstat-14.json"
"трансфер минивэн москва","https://zakazminivena.ru/cities/moskva","Города","Принять решение о заказе: Минивэн с водителем в Москве.","Ядро-кандидат","Wordstat · наблюдаемая фраза 15.09","179","Россия","P1","Явно назван город; маршрут/бренд в хвосте требуют ручной проверки; назначение URL — гипотеза, не результат полной кластеризации SERP","evidence/wordstat-previous/wordstat-14.json"
"минивэн трансфер краснодар","https://zakazminivena.ru/cities/krasnodar","Города","Принять решение о заказе: Минивэн с водителем в Краснодаре.","Ядро-кандидат","Wordstat · наблюдаемая фраза 15.09","47","Россия","P1","Явно назван город; маршрут/бренд в хвосте требуют ручной проверки; назначение URL — гипотеза, не результат полной кластеризации SERP","evidence/wordstat-previous/wordstat-14.json"
"трансфер минивэн шереметьево","https://zakazminivena.ru/airport/svo","Аэропорты","Принять решение о заказе: Минивэн в — встретим с табличкой, ждём при задержке рейса Шереметьево ( SVO ).","Ядро-кандидат","Wordstat · наблюдаемая фраза 15.09","45","Россия","P1","Именованный аэропорт; уточнить точку назначения; назначение URL — гипотеза, не результат полной кластеризации SERP","evidence/wordstat-previous/wordstat-14.json"
"трансфер казань минивэн","https://zakazminivena.ru/cities/kazan","Города","Принять решение о заказе: Минивэн с водителем в Казани.","Ядро-кандидат","Wordstat · наблюдаемая фраза 15.09","43","Россия","P1","Явно назван город; маршрут/бренд в хвосте требуют ручной проверки; назначение URL — гипотеза, не результат полной кластеризации SERP","evidence/wordstat-previous/wordstat-14.json"
"трансфер минивэны сочи","https://zakazminivena.ru/cities/sochi","Города","Принять решение о заказе: Минивэн с водителем в Сочи.","Ядро-кандидат","Wordstat · наблюдаемая фраза 15.09","30","Россия","P1","Явно назван город; маршрут/бренд в хвосте требуют ручной проверки; назначение URL — гипотеза, не результат полной кластеризации SERP","evidence/wordstat-previous/wordstat-14.json"
"трансфер минивэн екатеринбург","https://zakazminivena.ru/cities/ekaterinburg","Города","Принять решение о заказе: Минивэн с водителем в Екатеринбурге.","Ядро-кандидат","Wordstat · наблюдаемая фраза 15.09","24","Россия","P1","Явно назван город; маршрут/бренд в хвосте требуют ручной проверки; назначение URL — гипотеза, не результат полной кластеризации SERP","evidence/wordstat-previous/wordstat-14.json"
"трансфер минивэн санкт петербург","https://zakazminivena.ru/cities/spb","Города","Принять решение о заказе: Минивэн с водителем в Санкт-Петербурге.","Ядро-кандидат","Wordstat · наблюдаемая фраза 15.09","17","Россия","P1","Явно назван город; маршрут/бренд в хвосте требуют ручной проверки; назначение URL — гипотеза, не результат полной кластеризации SERP","evidence/wordstat-previous/wordstat-14.json"
"трансфер нижний новгород минивэн","https://zakazminivena.ru/cities/nizhniy-novgorod","Города","Принять решение о заказе: Минивэн с водителем в Нижнем Новгороде.","Ядро-кандидат","Wordstat · наблюдаемая фраза 15.09","16","Россия","P1","Явно назван город; маршрут/бренд в хвосте требуют ручной проверки; назначение URL — гипотеза, не результат полной кластеризации SERP","evidence/wordstat-previous/wordstat-14.json"
"трансфер москва сочи минивэн","https://zakazminivena.ru/routes/moskva-sochi","Межгород","Принять решение о заказе: Москва → Сочи, 1650 км.","Расширение","Wordstat · наблюдаемая фраза 15.09","16","Россия","P1","Два города совпали; направление по словам предварительное, широкая частотность общая; назначение URL — гипотеза, не результат полной кластеризации SERP","evidence/wordstat-previous/wordstat-14.json"
"трансфер воронеж минивэн","https://zakazminivena.ru/cities/voronezh","Города","Принять решение о заказе: Минивэн с водителем в Воронеже.","Ядро-кандидат","Wordstat · наблюдаемая фраза 15.09","12","Россия","P2","Явно назван город; маршрут/бренд в хвосте требуют ручной проверки; назначение URL — гипотеза, не результат полной кластеризации SERP","evidence/wordstat-previous/wordstat-14.json"
"трансфер минивэн ростов на дону","https://zakazminivena.ru/cities/rostov","Города","Принять решение о заказе: Минивэн с водителем в Ростове-на-Дону.","Ядро-кандидат","Wordstat · наблюдаемая фраза 15.09","11","Россия","P1","Явно назван город; маршрут/бренд в хвосте требуют ручной проверки; назначение URL — гипотеза, не результат полной кластеризации SERP","evidence/wordstat-previous/wordstat-14.json"
"трансфер воронеж москва минивэн","https://zakazminivena.ru/routes/voronezh-moskva","Межгород","Принять решение о заказе: Воронеж → Москва, 515 км.","Расширение","Wordstat · наблюдаемая фраза 15.09","10","Россия","P1","Два города совпали; направление по словам предварительное, широкая частотность общая; назначение URL — гипотеза, не результат полной кластеризации SERP","evidence/wordstat-previous/wordstat-14.json"
"трансфер минеральные воды минивэн","https://zakazminivena.ru/cities/mineralnye-vody","Города","Принять решение о заказе: Минивэн с водителем в Минеральных Водах.","Ядро-кандидат","Wordstat · наблюдаемая фраза 15.09","7","Россия","P2","Явно назван город; маршрут/бренд в хвосте требуют ручной проверки; назначение URL — гипотеза, не результат полной кластеризации SERP","evidence/wordstat-previous/wordstat-14.json"
"трансфер минивэн по спб","https://zakazminivena.ru/cities/spb","Города","Принять решение о заказе: Минивэн с водителем в Санкт-Петербурге.","Ядро-кандидат","Wordstat · наблюдаемая фраза 15.09","6","Россия","P1","Явно назван город; маршрут/бренд в хвосте требуют ручной проверки; назначение URL — гипотеза, не результат полной кластеризации SERP","evidence/wordstat-previous/wordstat-14.json"
"трансфер с анапы в краснодар минивэн","https://zakazminivena.ru/cities/krasnodar","Города","Принять решение о заказе: Минивэн с водителем в Краснодаре.","Ядро-кандидат","Wordstat · наблюдаемая фраза 15.09","6","Россия","P1","Явно назван город; маршрут/бренд в хвосте требуют ручной проверки; назначение URL — гипотеза, не результат полной кластеризации SERP","evidence/wordstat-previous/wordstat-14.json"
"трансфер пулково луга минивэн","https://zakazminivena.ru/airport/led","Аэропорты","Принять решение о заказе: Минивэн в — встретим с табличкой, ждём при задержке рейса Пулково ( LED ).","Ядро-кандидат","Wordstat · наблюдаемая фраза 15.09","5","Россия","P1","Именованный аэропорт; уточнить точку назначения; назначение URL — гипотеза, не результат полной кластеризации SERP","evidence/wordstat-previous/wordstat-14.json"
"такси минивэн","https://zakazminivena.ru/","Главная","Принять решение о заказе: Заказать минивэн с водителем межгород и аэропорт.","Ядро-кандидат","Wordstat · наблюдаемая фраза 15.09","262","Казань","P1","Общий коммерческий вход; назначение URL — гипотеза, не результат полной кластеризации SERP","evidence/wordstat-previous/wordstat-16.json"
"такси минивэн казань","https://zakazminivena.ru/cities/kazan","Города","Принять решение о заказе: Минивэн с водителем в Казани.","Ядро-кандидат","Wordstat · наблюдаемая фраза 15.09","140","Казань","P1","Явно назван город; маршрут/бренд в хвосте требуют ручной проверки; назначение URL — гипотеза, не результат полной кластеризации SERP","evidence/wordstat-previous/wordstat-16.json"
"яндекс такси минивэн","https://zakazminivena.ru/yandex-taxi-minivan","Доверие и сервис","Ответ на вопрос выбора с переходом к подходящей поездке.","Поддержка","Wordstat · наблюдаемая фраза 15.09","102","Казань","P1","Информационный / брендовый: проверить содержание, не смешивать с рекламой предзаказа; назначение URL — гипотеза, не результат полной кластеризации SERP","evidence/wordstat-previous/wordstat-16.json"
"заказать такси минивэн","https://zakazminivena.ru/","Главная","Принять решение о заказе: Заказать минивэн с водителем межгород и аэропорт.","Ядро-кандидат","Wordstat · наблюдаемая фраза 15.09","58","Казань","P1","Общий коммерческий вход; назначение URL — гипотеза, не результат полной кластеризации SERP","evidence/wordstat-previous/wordstat-16.json"
"как заказать минивэн в яндекс такси","https://zakazminivena.ru/yandex-taxi-minivan","Доверие и сервис","Ответ на вопрос выбора с переходом к подходящей поездке.","Поддержка","Wordstat · наблюдаемая фраза 15.09","32","Казань","P1","Информационный / брендовый: проверить содержание, не смешивать с рекламой предзаказа; назначение URL — гипотеза, не результат полной кластеризации SERP","evidence/wordstat-previous/wordstat-16.json"
"минивэн казань такси заказать","https://zakazminivena.ru/cities/kazan","Города","Принять решение о заказе: Минивэн с водителем в Казани.","Ядро-кандидат","Wordstat · наблюдаемая фраза 15.09","30","Казань","P1","Явно назван город; маршрут/бренд в хвосте требуют ручной проверки; назначение URL — гипотеза, не результат полной кластеризации SERP","evidence/wordstat-previous/wordstat-16.json"
"тариф минивэн в яндекс такси","https://zakazminivena.ru/yandex-taxi-minivan","Доверие и сервис","Ответ на вопрос выбора с переходом к подходящей поездке.","Поддержка","Wordstat · наблюдаемая фраза 15.09","22","Казань","P1","Информационный / брендовый: проверить содержание, не смешивать с рекламой предзаказа; назначение URL — гипотеза, не результат полной кластеризации SERP","evidence/wordstat-previous/wordstat-16.json"
"как заказать минивэн в яндекс такси казань","https://zakazminivena.ru/yandex-taxi-minivan","Доверие и сервис","Ответ на вопрос выбора с переходом к подходящей поездке.","Поддержка","Wordstat · наблюдаемая фраза 15.09","13","Казань","P1","Информационный / брендовый: проверить содержание, не смешивать с рекламой предзаказа; назначение URL — гипотеза, не результат полной кластеризации SERP","evidence/wordstat-previous/wordstat-16.json"
"такси минивэн москва","https://zakazminivena.ru/cities/moskva","Города","Принять решение о заказе: Минивэн с водителем в Москве.","Ядро-кандидат","Wordstat · наблюдаемая фраза 15.09","10","Казань","P1","Явно назван город; маршрут/бренд в хвосте требуют ручной проверки; назначение URL — гипотеза, не результат полной кластеризации SERP","evidence/wordstat-previous/wordstat-16.json"
"такси минивэн казань по городу","https://zakazminivena.ru/cities/kazan","Города","Принять решение о заказе: Минивэн с водителем в Казани.","Ядро-кандидат","Wordstat · наблюдаемая фраза 15.09","6","Казань","P1","Явно назван город; маршрут/бренд в хвосте требуют ручной проверки; назначение URL — гипотеза, не результат полной кластеризации SERP","evidence/wordstat-previous/wordstat-16.json"
"такси минивэн межгород","https://zakazminivena.ru/service/intercity","Сценарии","Принять решение о заказе: Межгород на минивэне — с водителем по России.","Расширение","Wordstat · наблюдаемая фраза 15.09","6","Казань","P1","Общий межгород; проверить нераспознанную географию; назначение URL — гипотеза, не результат полной кластеризации SERP","evidence/wordstat-previous/wordstat-16.json"
"яндекс такси москва минивэн","https://zakazminivena.ru/yandex-taxi-minivan","Доверие и сервис","Ответ на вопрос выбора с переходом к подходящей поездке.","Поддержка","Wordstat · наблюдаемая фраза 15.09","5","Казань","P1","Информационный / брендовый: проверить содержание, не смешивать с рекламой предзаказа; назначение URL — гипотеза, не результат полной кластеризации SERP","evidence/wordstat-previous/wordstat-16.json"
"такси аэропорт минивэн","https://zakazminivena.ru/service/airport-transfer","Сценарии","Принять решение о заказе: Минивэн в аэропорт — трансфер с табличкой и фикс ценой.","Расширение","Wordstat · наблюдаемая фраза 15.09","5","Казань","P1","Общий аэропортовый сценарий; проверить нераспознанную географию; назначение URL — гипотеза, не результат полной кластеризации SERP","evidence/wordstat-previous/wordstat-16.json"
"яндекс такси как заказать тариф минивэн","https://zakazminivena.ru/yandex-taxi-minivan","Доверие и сервис","Ответ на вопрос выбора с переходом к подходящей поездке.","Поддержка","Wordstat · наблюдаемая фраза 15.09","5","Казань","P1","Информационный / брендовый: проверить содержание, не смешивать с рекламой предзаказа; назначение URL — гипотеза, не результат полной кластеризации SERP","evidence/wordstat-previous/wordstat-16.json"
"места в минивэне яндекс такси","https://zakazminivena.ru/yandex-taxi-minivan","Доверие и сервис","Ответ на вопрос выбора с переходом к подходящей поездке.","Поддержка","Wordstat · наблюдаемая фраза 15.09","4","Казань","P1","Информационный / брендовый: проверить содержание, не смешивать с рекламой предзаказа; назначение URL — гипотеза, не результат полной кластеризации SERP","evidence/wordstat-previous/wordstat-16.json"
"яндекс такси минивэн сколько","https://zakazminivena.ru/yandex-taxi-minivan","Доверие и сервис","Ответ на вопрос выбора с переходом к подходящей поездке.","Поддержка","Wordstat · наблюдаемая фраза 15.09","4","Казань","P1","Информационный / брендовый: проверить содержание, не смешивать с рекламой предзаказа; назначение URL — гипотеза, не результат полной кластеризации SERP","evidence/wordstat-previous/wordstat-16.json"
"как выбрать минивэн в яндекс такси","https://zakazminivena.ru/yandex-taxi-minivan","Доверие и сервис","Ответ на вопрос выбора с переходом к подходящей поездке.","Поддержка","Wordstat · наблюдаемая фраза 15.09","4","Казань","P1","Информационный / брендовый: проверить содержание, не смешивать с рекламой предзаказа; назначение URL — гипотеза, не результат полной кластеризации SERP","evidence/wordstat-previous/wordstat-16.json"
"как в яндекс такси вызвать минивэн","https://zakazminivena.ru/yandex-taxi-minivan","Доверие и сервис","Ответ на вопрос выбора с переходом к подходящей поездке.","Поддержка","Wordstat · наблюдаемая фраза 15.09","3","Казань","P1","Информационный / брендовый: проверить содержание, не смешивать с рекламой предзаказа; назначение URL — гипотеза, не результат полной кластеризации SERP","evidence/wordstat-previous/wordstat-16.json"
"такси минивэн екатеринбург","https://zakazminivena.ru/cities/ekaterinburg","Города","Принять решение о заказе: Минивэн с водителем в Екатеринбурге.","Ядро-кандидат","Wordstat · наблюдаемая фраза 15.09","3","Казань","P1","Явно назван город; маршрут/бренд в хвосте требуют ручной проверки; назначение URL — гипотеза, не результат полной кластеризации SERP","evidence/wordstat-previous/wordstat-16.json"
"такси минивэн 6 человек","https://zakazminivena.ru/minivan-6-mest","Вместимость","Принять решение о заказе: Минивэн на 6 человек с водителем.","Расширение","Wordstat · наблюдаемая фраза 15.09","2","Казань","P1","Вместимость; проверить необходимость отдельных 5/6/7 кластеров по выдаче; назначение URL — гипотеза, не результат полной кластеризации SERP","evidence/wordstat-previous/wordstat-16.json"
"такси минивэн казань по городу телефон","https://zakazminivena.ru/cities/kazan","Города","Принять решение о заказе: Минивэн с водителем в Казани.","Ядро-кандидат","Wordstat · наблюдаемая фраза 15.09","1","Казань","P1","Явно назван город; маршрут/бренд в хвосте требуют ручной проверки; назначение URL — гипотеза, не результат полной кластеризации SERP","evidence/wordstat-previous/wordstat-16.json"
"такси минивэн санкт петербург","https://zakazminivena.ru/cities/spb","Города","Принять решение о заказе: Минивэн с водителем в Санкт-Петербурге.","Ядро-кандидат","Wordstat · наблюдаемая фраза 15.09","1","Казань","P1","Явно назван город; маршрут/бренд в хвосте требуют ручной проверки; назначение URL — гипотеза, не результат полной кластеризации SERP","evidence/wordstat-previous/wordstat-16.json"
"сколько мест в минивэне яндекс такси","https://zakazminivena.ru/yandex-taxi-minivan","Доверие и сервис","Ответ на вопрос выбора с переходом к подходящей поездке.","Поддержка","Wordstat · наблюдаемая фраза 15.09","1","Казань","P1","Информационный / брендовый: проверить содержание, не смешивать с рекламой предзаказа; назначение URL — гипотеза, не результат полной кластеризации SERP","evidence/wordstat-previous/wordstat-16.json"
"такси минивэн домодедово","https://zakazminivena.ru/airport/dme","Аэропорты","Принять решение о заказе: Минивэн в — встретим с табличкой, ждём при задержке рейса Домодедово ( DME ).","Ядро-кандидат","Wordstat · наблюдаемая фраза 15.09","1","Казань","P1","Именованный аэропорт; уточнить точку назначения; назначение URL — гипотеза, не результат полной кластеризации SERP","evidence/wordstat-previous/wordstat-16.json"
"такси минивэн самара","https://zakazminivena.ru/cities/samara","Города","Принять решение о заказе: Минивэн с водителем в Самаре.","Ядро-кандидат","Wordstat · наблюдаемая фраза 15.09","1","Казань","P1","Явно назван город; маршрут/бренд в хвосте требуют ручной проверки; назначение URL — гипотеза, не результат полной кластеризации SERP","evidence/wordstat-previous/wordstat-16.json"
"яндекс гоу такси минивэн","https://zakazminivena.ru/yandex-taxi-minivan","Доверие и сервис","Ответ на вопрос выбора с переходом к подходящей поездке.","Поддержка","Wordstat · наблюдаемая фраза 15.09","1","Казань","P1","Информационный / брендовый: проверить содержание, не смешивать с рекламой предзаказа; назначение URL — гипотеза, не результат полной кластеризации SERP","evidence/wordstat-previous/wordstat-16.json"
"заказать такси минивэн в спб","https://zakazminivena.ru/cities/spb","Города","Принять решение о заказе: Минивэн с водителем в Санкт-Петербурге.","Ядро-кандидат","Wordstat · наблюдаемая фраза 15.09","1","Казань","P1","Явно назван город; маршрут/бренд в хвосте требуют ручной проверки; назначение URL — гипотеза, не результат полной кластеризации SERP","evidence/wordstat-previous/wordstat-16.json"
"такси минивэн спб","https://zakazminivena.ru/cities/spb","Города","Принять решение о заказе: Минивэн с водителем в Санкт-Петербурге.","Ядро-кандидат","Wordstat · наблюдаемая фраза 15.09","1","Казань","P1","Явно назван город; маршрут/бренд в хвосте требуют ручной проверки; назначение URL — гипотеза, не результат полной кластеризации SERP","evidence/wordstat-previous/wordstat-16.json"
"такси минивэн","https://zakazminivena.ru/","Главная","Принять решение о заказе: Заказать минивэн с водителем межгород и аэропорт.","Ядро-кандидат","Wordstat · наблюдаемая фраза 15.09","493","Екатеринбург","P1","Общий коммерческий вход; назначение URL — гипотеза, не результат полной кластеризации SERP","evidence/wordstat-previous/wordstat-17.json"
"такси минивэн екатеринбург","https://zakazminivena.ru/cities/ekaterinburg","Города","Принять решение о заказе: Минивэн с водителем в Екатеринбурге.","Ядро-кандидат","Wordstat · наблюдаемая фраза 15.09","294","Екатеринбург","P1","Явно назван город; маршрут/бренд в хвосте требуют ручной проверки; назначение URL — гипотеза, не результат полной кластеризации SERP","evidence/wordstat-previous/wordstat-17.json"
"заказать такси минивэн","https://zakazminivena.ru/","Главная","Принять решение о заказе: Заказать минивэн с водителем межгород и аэропорт.","Ядро-кандидат","Wordstat · наблюдаемая фраза 15.09","218","Екатеринбург","P1","Общий коммерческий вход; назначение URL — гипотеза, не результат полной кластеризации SERP","evidence/wordstat-previous/wordstat-17.json"
"яндекс такси минивэн","https://zakazminivena.ru/yandex-taxi-minivan","Доверие и сервис","Ответ на вопрос выбора с переходом к подходящей поездке.","Поддержка","Wordstat · наблюдаемая фраза 15.09","160","Екатеринбург","P1","Информационный / брендовый: проверить содержание, не смешивать с рекламой предзаказа; назначение URL — гипотеза, не результат полной кластеризации SERP","evidence/wordstat-previous/wordstat-17.json"
"заказать такси минивэн екатеринбург","https://zakazminivena.ru/cities/ekaterinburg","Города","Принять решение о заказе: Минивэн с водителем в Екатеринбурге.","Ядро-кандидат","Wordstat · наблюдаемая фраза 15.09","134","Екатеринбург","P1","Явно назван город; маршрут/бренд в хвосте требуют ручной проверки; назначение URL — гипотеза, не результат полной кластеризации SERP","evidence/wordstat-previous/wordstat-17.json"
"как заказать минивэн в яндекс такси","https://zakazminivena.ru/yandex-taxi-minivan","Доверие и сервис","Ответ на вопрос выбора с переходом к подходящей поездке.","Поддержка","Wordstat · наблюдаемая фраза 15.09","74","Екатеринбург","P1","Информационный / брендовый: проверить содержание, не смешивать с рекламой предзаказа; назначение URL — гипотеза, не результат полной кластеризации SERP","evidence/wordstat-previous/wordstat-17.json"
"яндекс такси минивэн екатеринбург","https://zakazminivena.ru/yandex-taxi-minivan","Доверие и сервис","Ответ на вопрос выбора с переходом к подходящей поездке.","Поддержка","Wordstat · наблюдаемая фраза 15.09","67","Екатеринбург","P1","Информационный / брендовый: проверить содержание, не смешивать с рекламой предзаказа; назначение URL — гипотеза, не результат полной кластеризации SERP","evidence/wordstat-previous/wordstat-17.json"
"как заказать минивэн в яндекс такси екатеринбург","https://zakazminivena.ru/yandex-taxi-minivan","Доверие и сервис","Ответ на вопрос выбора с переходом к подходящей поездке.","Поддержка","Wordstat · наблюдаемая фраза 15.09","37","Екатеринбург","P1","Информационный / брендовый: проверить содержание, не смешивать с рекламой предзаказа; назначение URL — гипотеза, не результат полной кластеризации SERP","evidence/wordstat-previous/wordstat-17.json"
"заказ такси минивэн в екатеринбурге","https://zakazminivena.ru/cities/ekaterinburg","Города","Принять решение о заказе: Минивэн с водителем в Екатеринбурге.","Ядро-кандидат","Wordstat · наблюдаемая фраза 15.09","15","Екатеринбург","P1","Явно назван город; маршрут/бренд в хвосте требуют ручной проверки; назначение URL — гипотеза, не результат полной кластеризации SERP","evidence/wordstat-previous/wordstat-17.json"
"минивэн такси екатеринбург заказать недорого в екатеринбурге","https://zakazminivena.ru/cities/ekaterinburg","Города","Принять решение о заказе: Минивэн с водителем в Екатеринбурге.","Ядро-кандидат","Wordstat · наблюдаемая фраза 15.09","9","Екатеринбург","P1","Явно назван город; маршрут/бренд в хвосте требуют ручной проверки; назначение URL — гипотеза, не результат полной кластеризации SERP","evidence/wordstat-previous/wordstat-17.json"
"такси минивэн тюмень","https://zakazminivena.ru/cities/tyumen","Города","Принять решение о заказе: Минивэн с водителем в Тюмени.","Ядро-кандидат","Wordstat · наблюдаемая фраза 15.09","8","Екатеринбург","P1","Явно назван город; маршрут/бренд в хвосте требуют ручной проверки; назначение URL — гипотеза, не результат полной кластеризации SERP","evidence/wordstat-previous/wordstat-17.json"
"такси аэропорт минивэн","https://zakazminivena.ru/service/airport-transfer","Сценарии","Принять решение о заказе: Минивэн в аэропорт — трансфер с табличкой и фикс ценой.","Расширение","Wordstat · наблюдаемая фраза 15.09","8","Екатеринбург","P1","Общий аэропортовый сценарий; проверить нераспознанную географию; назначение URL — гипотеза, не результат полной кластеризации SERP","evidence/wordstat-previous/wordstat-17.json"
"тариф минивэн в яндекс такси","https://zakazminivena.ru/yandex-taxi-minivan","Доверие и сервис","Ответ на вопрос выбора с переходом к подходящей поездке.","Поддержка","Wordstat · наблюдаемая фраза 15.09","8","Екатеринбург","P1","Информационный / брендовый: проверить содержание, не смешивать с рекламой предзаказа; назначение URL — гипотеза, не результат полной кластеризации SERP","evidence/wordstat-previous/wordstat-17.json"
"места в минивэне яндекс такси","https://zakazminivena.ru/yandex-taxi-minivan","Доверие и сервис","Ответ на вопрос выбора с переходом к подходящей поездке.","Поддержка","Wordstat · наблюдаемая фраза 15.09","7","Екатеринбург","P1","Информационный / брендовый: проверить содержание, не смешивать с рекламой предзаказа; назначение URL — гипотеза, не результат полной кластеризации SERP","evidence/wordstat-previous/wordstat-17.json"
"можно ли в яндекс такси заказать минивэн","https://zakazminivena.ru/yandex-taxi-minivan","Доверие и сервис","Ответ на вопрос выбора с переходом к подходящей поездке.","Поддержка","Wordstat · наблюдаемая фраза 15.09","7","Екатеринбург","P1","Информационный / брендовый: проверить содержание, не смешивать с рекламой предзаказа; назначение URL — гипотеза, не результат полной кластеризации SERP","evidence/wordstat-previous/wordstat-17.json"
"как выбрать минивэн в яндекс такси","https://zakazminivena.ru/yandex-taxi-minivan","Доверие и сервис","Ответ на вопрос выбора с переходом к подходящей поездке.","Поддержка","Wordstat · наблюдаемая фраза 15.09","6","Екатеринбург","P1","Информационный / брендовый: проверить содержание, не смешивать с рекламой предзаказа; назначение URL — гипотеза, не результат полной кластеризации SERP","evidence/wordstat-previous/wordstat-17.json"
"минивэн яндекс такси машины","https://zakazminivena.ru/yandex-taxi-minivan","Доверие и сервис","Ответ на вопрос выбора с переходом к подходящей поездке.","Поддержка","Wordstat · наблюдаемая фраза 15.09","5","Екатеринбург","P1","Информационный / брендовый: проверить содержание, не смешивать с рекламой предзаказа; назначение URL — гипотеза, не результат полной кластеризации SERP","evidence/wordstat-previous/wordstat-17.json"
"такси минивэн 5 человек","https://zakazminivena.ru/minivan-5-mest","Вместимость","Принять решение о заказе: Минивэн на 5 человек с водителем.","Расширение","Wordstat · наблюдаемая фраза 15.09","5","Екатеринбург","P1","Вместимость; проверить необходимость отдельных 5/6/7 кластеров по выдаче; назначение URL — гипотеза, не результат полной кластеризации SERP","evidence/wordstat-previous/wordstat-17.json"
"заказать такси минивэн 7 мест","https://zakazminivena.ru/minivan-7-mest","Вместимость","Принять решение о заказе: Минивэн на 7 человек с водителем.","Расширение","Wordstat · наблюдаемая фраза 15.09","5","Екатеринбург","P1","Вместимость; проверить необходимость отдельных 5/6/7 кластеров по выдаче; назначение URL — гипотеза, не результат полной кластеризации SERP","evidence/wordstat-previous/wordstat-17.json"
"такси минивэн 7 мест","https://zakazminivena.ru/minivan-7-mest","Вместимость","Принять решение о заказе: Минивэн на 7 человек с водителем.","Расширение","Wordstat · наблюдаемая фраза 15.09","5","Екатеринбург","P1","Вместимость; проверить необходимость отдельных 5/6/7 кластеров по выдаче; назначение URL — гипотеза, не результат полной кластеризации SERP","evidence/wordstat-previous/wordstat-17.json"
"как в яндекс такси вызвать минивэн","https://zakazminivena.ru/yandex-taxi-minivan","Доверие и сервис","Ответ на вопрос выбора с переходом к подходящей поездке.","Поддержка","Wordstat · наблюдаемая фраза 15.09","5","Екатеринбург","P1","Информационный / брендовый: проверить содержание, не смешивать с рекламой предзаказа; назначение URL — гипотеза, не результат полной кластеризации SERP","evidence/wordstat-previous/wordstat-17.json"
"заказать такси минивэн в аэропорт","https://zakazminivena.ru/service/airport-transfer","Сценарии","Принять решение о заказе: Минивэн в аэропорт — трансфер с табличкой и фикс ценой.","Расширение","Wordstat · наблюдаемая фраза 15.09","4","Екатеринбург","P1","Общий аэропортовый сценарий; проверить нераспознанную географию; назначение URL — гипотеза, не результат полной кластеризации SERP","evidence/wordstat-previous/wordstat-17.json"
"такси минивэн 6 человек","https://zakazminivena.ru/minivan-6-mest","Вместимость","Принять решение о заказе: Минивэн на 6 человек с водителем.","Расширение","Wordstat · наблюдаемая фраза 15.09","3","Екатеринбург","P1","Вместимость; проверить необходимость отдельных 5/6/7 кластеров по выдаче; назначение URL — гипотеза, не результат полной кластеризации SERP","evidence/wordstat-previous/wordstat-17.json"
"есть ли в яндекс такси минивэн","https://zakazminivena.ru/yandex-taxi-minivan","Доверие и сервис","Ответ на вопрос выбора с переходом к подходящей поездке.","Поддержка","Wordstat · наблюдаемая фраза 15.09","3","Екатеринбург","P1","Информационный / брендовый: проверить содержание, не смешивать с рекламой предзаказа; назначение URL — гипотеза, не результат полной кластеризации SERP","evidence/wordstat-previous/wordstat-17.json"
"яндекс такси минивэн сколько","https://zakazminivena.ru/yandex-taxi-minivan","Доверие и сервис","Ответ на вопрос выбора с переходом к подходящей поездке.","Поддержка","Wordstat · наблюдаемая фраза 15.09","3","Екатеринбург","P1","Информационный / брендовый: проверить содержание, не смешивать с рекламой предзаказа; назначение URL — гипотеза, не результат полной кластеризации SERP","evidence/wordstat-previous/wordstat-17.json"
"как заказать минивэн через яндекс такси","https://zakazminivena.ru/yandex-taxi-minivan","Доверие и сервис","Ответ на вопрос выбора с переходом к подходящей поездке.","Поддержка","Wordstat · наблюдаемая фраза 15.09","3","Екатеринбург","P1","Информационный / брендовый: проверить содержание, не смешивать с рекламой предзаказа; назначение URL — гипотеза, не результат полной кластеризации SERP","evidence/wordstat-previous/wordstat-17.json"
"как выбрать тариф минивэн в яндекс такси","https://zakazminivena.ru/yandex-taxi-minivan","Доверие и сервис","Ответ на вопрос выбора с переходом к подходящей поездке.","Поддержка","Wordstat · наблюдаемая фраза 15.09","2","Екатеринбург","P1","Информационный / брендовый: проверить содержание, не смешивать с рекламой предзаказа; назначение URL — гипотеза, не результат полной кластеризации SERP","evidence/wordstat-previous/wordstat-17.json"
"можно ли в яндекс такси вызвать минивэн","https://zakazminivena.ru/yandex-taxi-minivan","Доверие и сервис","Ответ на вопрос выбора с переходом к подходящей поездке.","Поддержка","Wordstat · наблюдаемая фраза 15.09","2","Екатеринбург","P1","Информационный / брендовый: проверить содержание, не смешивать с рекламой предзаказа; назначение URL — гипотеза, не результат полной кластеризации SERP","evidence/wordstat-previous/wordstat-17.json"
"почему в яндекс такси нет минивэнов","https://zakazminivena.ru/yandex-taxi-minivan","Доверие и сервис","Ответ на вопрос выбора с переходом к подходящей поездке.","Поддержка","Wordstat · наблюдаемая фраза 15.09","2","Екатеринбург","P1","Информационный / брендовый: проверить содержание, не смешивать с рекламой предзаказа; назначение URL — гипотеза, не результат полной кластеризации SERP","evidence/wordstat-previous/wordstat-17.json"
"сколько мест в минивэне яндекс такси","https://zakazminivena.ru/yandex-taxi-minivan","Доверие и сервис","Ответ на вопрос выбора с переходом к подходящей поездке.","Поддержка","Wordstat · наблюдаемая фраза 15.09","2","Екатеринбург","P1","Информационный / брендовый: проверить содержание, не смешивать с рекламой предзаказа; назначение URL — гипотеза, не результат полной кластеризации SERP","evidence/wordstat-previous/wordstat-17.json"
"сколько пассажирских мест в минивэне яндекс такси","https://zakazminivena.ru/yandex-taxi-minivan","Доверие и сервис","Ответ на вопрос выбора с переходом к подходящей поездке.","Поддержка","Wordstat · наблюдаемая фраза 15.09","2","Екатеринбург","P1","Информационный / брендовый: проверить содержание, не смешивать с рекламой предзаказа; назначение URL — гипотеза, не результат полной кластеризации SERP","evidence/wordstat-previous/wordstat-17.json"
"такси минивэн казань","https://zakazminivena.ru/cities/kazan","Города","Принять решение о заказе: Минивэн с водителем в Казани.","Ядро-кандидат","Wordstat · наблюдаемая фраза 15.09","2","Екатеринбург","P1","Явно назван город; маршрут/бренд в хвосте требуют ручной проверки; назначение URL — гипотеза, не результат полной кластеризации SERP","evidence/wordstat-previous/wordstat-17.json"
"такси калининград аэропорт минивэн","https://zakazminivena.ru/airport/kgd","Аэропорты","Принять решение о заказе: Минивэн в — встретим с табличкой, ждём при задержке рейса Калининград ( KGD ).","Ядро-кандидат","Wordstat · наблюдаемая фраза 15.09","2","Екатеринбург","P2","Именованный аэропорт; уточнить точку назначения; назначение URL — гипотеза, не результат полной кластеризации SERP","evidence/wordstat-previous/wordstat-17.json"
"такси минивэн адлер","https://zakazminivena.ru/cities/sochi","Города","Принять решение о заказе: Минивэн с водителем в Сочи.","Ядро-кандидат","Wordstat · наблюдаемая фраза 15.09","2","Екатеринбург","P1","Явно назван город; маршрут/бренд в хвосте требуют ручной проверки; назначение URL — гипотеза, не результат полной кластеризации SERP","evidence/wordstat-previous/wordstat-17.json"
"такси минивэн межгород","https://zakazminivena.ru/service/intercity","Сценарии","Принять решение о заказе: Межгород на минивэне — с водителем по России.","Расширение","Wordstat · наблюдаемая фраза 15.09","2","Екатеринбург","P1","Общий межгород; проверить нераспознанную географию; назначение URL — гипотеза, не результат полной кластеризации SERP","evidence/wordstat-previous/wordstat-17.json"
"такси минивэн челябинск","https://zakazminivena.ru/cities/chelyabinsk","Города","Принять решение о заказе: Минивэн с водителем в Челябинске.","Ядро-кандидат","Wordstat · наблюдаемая фраза 15.09","1","Екатеринбург","P1","Явно назван город; маршрут/бренд в хвосте требуют ручной проверки; назначение URL — гипотеза, не результат полной кластеризации SERP","evidence/wordstat-previous/wordstat-17.json"
"какие минивэны в яндекс такси","https://zakazminivena.ru/yandex-taxi-minivan","Доверие и сервис","Ответ на вопрос выбора с переходом к подходящей поездке.","Поддержка","Wordstat · наблюдаемая фраза 15.09","1","Екатеринбург","P1","Информационный / брендовый: проверить содержание, не смешивать с рекламой предзаказа; назначение URL — гипотеза, не результат полной кластеризации SERP","evidence/wordstat-previous/wordstat-17.json"
"минивэн в яндекс такси какие машины","https://zakazminivena.ru/yandex-taxi-minivan","Доверие и сервис","Ответ на вопрос выбора с переходом к подходящей поездке.","Поддержка","Wordstat · наблюдаемая фраза 15.09","1","Екатеринбург","P1","Информационный / брендовый: проверить содержание, не смешивать с рекламой предзаказа; назначение URL — гипотеза, не результат полной кластеризации SERP","evidence/wordstat-previous/wordstat-17.json"
"такси минивэн москва","https://zakazminivena.ru/cities/moskva","Города","Принять решение о заказе: Минивэн с водителем в Москве.","Ядро-кандидат","Wordstat · наблюдаемая фраза 15.09","1","Екатеринбург","P1","Явно назван город; маршрут/бренд в хвосте требуют ручной проверки; назначение URL — гипотеза, не результат полной кластеризации SERP","evidence/wordstat-previous/wordstat-17.json"
"такси минивэн с детскими креслами в москве","https://zakazminivena.ru/cities/moskva","Города","Принять решение о заказе: Минивэн с водителем в Москве.","Ядро-кандидат","Wordstat · наблюдаемая фраза 15.09","1","Екатеринбург","P1","Явно назван город; маршрут/бренд в хвосте требуют ручной проверки; назначение URL — гипотеза, не результат полной кластеризации SERP","evidence/wordstat-previous/wordstat-17.json"
"яндекс такси как заказать тариф минивэн","https://zakazminivena.ru/yandex-taxi-minivan","Доверие и сервис","Ответ на вопрос выбора с переходом к подходящей поездке.","Поддержка","Wordstat · наблюдаемая фраза 15.09","1","Екатеринбург","P1","Информационный / брендовый: проверить содержание, не смешивать с рекламой предзаказа; назначение URL — гипотеза, не результат полной кластеризации SERP","evidence/wordstat-previous/wordstat-17.json"
"такси минивэн","https://zakazminivena.ru/","Главная","Принять решение о заказе: Заказать минивэн с водителем межгород и аэропорт.","Ядро-кандидат","Wordstat · наблюдаемая фраза 15.09","166","Новосибирск","P1","Общий коммерческий вход; назначение URL — гипотеза, не результат полной кластеризации SERP","evidence/wordstat-previous/wordstat-18.json"
"яндекс такси минивэн","https://zakazminivena.ru/yandex-taxi-minivan","Доверие и сервис","Ответ на вопрос выбора с переходом к подходящей поездке.","Поддержка","Wordstat · наблюдаемая фраза 15.09","72","Новосибирск","P1","Информационный / брендовый: проверить содержание, не смешивать с рекламой предзаказа; назначение URL — гипотеза, не результат полной кластеризации SERP","evidence/wordstat-previous/wordstat-18.json"
"такси минивэн новосибирск","https://zakazminivena.ru/cities/novosibirsk","Города","Принять решение о заказе: Минивэн с водителем в Новосибирске.","Ядро-кандидат","Wordstat · наблюдаемая фраза 15.09","36","Новосибирск","P1","Явно назван город; маршрут/бренд в хвосте требуют ручной проверки; назначение URL — гипотеза, не результат полной кластеризации SERP","evidence/wordstat-previous/wordstat-18.json"
"заказать такси минивэн","https://zakazminivena.ru/","Главная","Принять решение о заказе: Заказать минивэн с водителем межгород и аэропорт.","Ядро-кандидат","Wordstat · наблюдаемая фраза 15.09","33","Новосибирск","P1","Общий коммерческий вход; назначение URL — гипотеза, не результат полной кластеризации SERP","evidence/wordstat-previous/wordstat-18.json"
"яндекс такси минивэн сколько","https://zakazminivena.ru/yandex-taxi-minivan","Доверие и сервис","Ответ на вопрос выбора с переходом к подходящей поездке.","Поддержка","Wordstat · наблюдаемая фраза 15.09","16","Новосибирск","P1","Информационный / брендовый: проверить содержание, не смешивать с рекламой предзаказа; назначение URL — гипотеза, не результат полной кластеризации SERP","evidence/wordstat-previous/wordstat-18.json"
"минивэн яндекс такси машины","https://zakazminivena.ru/yandex-taxi-minivan","Доверие и сервис","Ответ на вопрос выбора с переходом к подходящей поездке.","Поддержка","Wordstat · наблюдаемая фраза 15.09","12","Новосибирск","P1","Информационный / брендовый: проверить содержание, не смешивать с рекламой предзаказа; назначение URL — гипотеза, не результат полной кластеризации SERP","evidence/wordstat-previous/wordstat-18.json"
"места в минивэне яндекс такси","https://zakazminivena.ru/yandex-taxi-minivan","Доверие и сервис","Ответ на вопрос выбора с переходом к подходящей поездке.","Поддержка","Wordstat · наблюдаемая фраза 15.09","12","Новосибирск","P1","Информационный / брендовый: проверить содержание, не смешивать с рекламой предзаказа; назначение URL — гипотеза, не результат полной кластеризации SERP","evidence/wordstat-previous/wordstat-18.json"
"сколько мест в минивэне яндекс такси","https://zakazminivena.ru/yandex-taxi-minivan","Доверие и сервис","Ответ на вопрос выбора с переходом к подходящей поездке.","Поддержка","Wordstat · наблюдаемая фраза 15.09","10","Новосибирск","P1","Информационный / брендовый: проверить содержание, не смешивать с рекламой предзаказа; назначение URL — гипотеза, не результат полной кластеризации SERP","evidence/wordstat-previous/wordstat-18.json"
"как заказать минивэн в яндекс такси","https://zakazminivena.ru/yandex-taxi-minivan","Доверие и сервис","Ответ на вопрос выбора с переходом к подходящей поездке.","Поддержка","Wordstat · наблюдаемая фраза 15.09","9","Новосибирск","P1","Информационный / брендовый: проверить содержание, не смешивать с рекламой предзаказа; назначение URL — гипотеза, не результат полной кластеризации SERP","evidence/wordstat-previous/wordstat-18.json"
"тариф минивэн в яндекс такси","https://zakazminivena.ru/yandex-taxi-minivan","Доверие и сервис","Ответ на вопрос выбора с переходом к подходящей поездке.","Поддержка","Wordstat · наблюдаемая фраза 15.09","7","Новосибирск","P1","Информационный / брендовый: проверить содержание, не смешивать с рекламой предзаказа; назначение URL — гипотеза, не результат полной кластеризации SERP","evidence/wordstat-previous/wordstat-18.json"
"минивэн в такси сколько мест машине яндекс","https://zakazminivena.ru/yandex-taxi-minivan","Доверие и сервис","Ответ на вопрос выбора с переходом к подходящей поездке.","Поддержка","Wordstat · наблюдаемая фраза 15.09","5","Новосибирск","P1","Информационный / брендовый: проверить содержание, не смешивать с рекламой предзаказа; назначение URL — гипотеза, не результат полной кластеризации SERP","evidence/wordstat-previous/wordstat-18.json"
"минивэн яндекс такси сколько пассажиров","https://zakazminivena.ru/yandex-taxi-minivan","Доверие и сервис","Ответ на вопрос выбора с переходом к подходящей поездке.","Поддержка","Wordstat · наблюдаемая фраза 15.09","5","Новосибирск","P1","Информационный / брендовый: проверить содержание, не смешивать с рекламой предзаказа; назначение URL — гипотеза, не результат полной кластеризации SERP","evidence/wordstat-previous/wordstat-18.json"
"минивэн яндекс такси сколько пассажиров мест","https://zakazminivena.ru/yandex-taxi-minivan","Доверие и сервис","Ответ на вопрос выбора с переходом к подходящей поездке.","Поддержка","Wordstat · наблюдаемая фраза 15.09","5","Новосибирск","P1","Информационный / брендовый: проверить содержание, не смешивать с рекламой предзаказа; назначение URL — гипотеза, не результат полной кластеризации SERP","evidence/wordstat-previous/wordstat-18.json"
"какие минивэны в яндекс такси","https://zakazminivena.ru/yandex-taxi-minivan","Доверие и сервис","Ответ на вопрос выбора с переходом к подходящей поездке.","Поддержка","Wordstat · наблюдаемая фраза 15.09","4","Новосибирск","P1","Информационный / брендовый: проверить содержание, не смешивать с рекламой предзаказа; назначение URL — гипотеза, не результат полной кластеризации SERP","evidence/wordstat-previous/wordstat-18.json"
"минивэны для яндекс такси какие подходят","https://zakazminivena.ru/yandex-taxi-minivan","Доверие и сервис","Ответ на вопрос выбора с переходом к подходящей поездке.","Поддержка","Wordstat · наблюдаемая фраза 15.09","3","Новосибирск","P1","Информационный / брендовый: проверить содержание, не смешивать с рекламой предзаказа; назначение URL — гипотеза, не результат полной кластеризации SERP","evidence/wordstat-previous/wordstat-18.json"
"сколько человек в минивэне яндекс такси","https://zakazminivena.ru/yandex-taxi-minivan","Доверие и сервис","Ответ на вопрос выбора с переходом к подходящей поездке.","Поддержка","Wordstat · наблюдаемая фраза 15.09","3","Новосибирск","P1","Информационный / брендовый: проверить содержание, не смешивать с рекламой предзаказа; назначение URL — гипотеза, не результат полной кластеризации SERP","evidence/wordstat-previous/wordstat-18.json"
"яндекс такси минивэн какие машины подходят","https://zakazminivena.ru/yandex-taxi-minivan","Доверие и сервис","Ответ на вопрос выбора с переходом к подходящей поездке.","Поддержка","Wordstat · наблюдаемая фраза 15.09","3","Новосибирск","P1","Информационный / брендовый: проверить содержание, не смешивать с рекламой предзаказа; назначение URL — гипотеза, не результат полной кластеризации SERP","evidence/wordstat-previous/wordstat-18.json"
"минивэн в яндекс такси какие машины","https://zakazminivena.ru/yandex-taxi-minivan","Доверие и сервис","Ответ на вопрос выбора с переходом к подходящей поездке.","Поддержка","Wordstat · наблюдаемая фраза 15.09","2","Новосибирск","P1","Информационный / брендовый: проверить содержание, не смешивать с рекламой предзаказа; назначение URL — гипотеза, не результат полной кластеризации SERP","evidence/wordstat-previous/wordstat-18.json"
"такси минивэн 7 мест","https://zakazminivena.ru/minivan-7-mest","Вместимость","Принять решение о заказе: Минивэн на 7 человек с водителем.","Расширение","Wordstat · наблюдаемая фраза 15.09","2","Новосибирск","P1","Вместимость; проверить необходимость отдельных 5/6/7 кластеров по выдаче; назначение URL — гипотеза, не результат полной кластеризации SERP","evidence/wordstat-previous/wordstat-18.json"
"как в яндекс такси вызвать минивэн","https://zakazminivena.ru/yandex-taxi-minivan","Доверие и сервис","Ответ на вопрос выбора с переходом к подходящей поездке.","Поддержка","Wordstat · наблюдаемая фраза 15.09","2","Новосибирск","P1","Информационный / брендовый: проверить содержание, не смешивать с рекламой предзаказа; назначение URL — гипотеза, не результат полной кластеризации SERP","evidence/wordstat-previous/wordstat-18.json"
"вместимость минивэна в яндекс такси","https://zakazminivena.ru/yandex-taxi-minivan","Доверие и сервис","Ответ на вопрос выбора с переходом к подходящей поездке.","Поддержка","Wordstat · наблюдаемая фраза 15.09","1","Новосибирск","P1","Информационный / брендовый: проверить содержание, не смешивать с рекламой предзаказа; назначение URL — гипотеза, не результат полной кластеризации SERP","evidence/wordstat-previous/wordstat-18.json"
"такси минивэн 6 мест","https://zakazminivena.ru/minivan-6-mest","Вместимость","Принять решение о заказе: Минивэн на 6 человек с водителем.","Расширение","Wordstat · наблюдаемая фраза 15.09","1","Новосибирск","P1","Вместимость; проверить необходимость отдельных 5/6/7 кластеров по выдаче; назначение URL — гипотеза, не результат полной кластеризации SERP","evidence/wordstat-previous/wordstat-18.json"
"такси минивэн межгород","https://zakazminivena.ru/service/intercity","Сценарии","Принять решение о заказе: Межгород на минивэне — с водителем по России.","Расширение","Wordstat · наблюдаемая фраза 15.09","1","Новосибирск","P1","Общий межгород; проверить нераспознанную географию; назначение URL — гипотеза, не результат полной кластеризации SERP","evidence/wordstat-previous/wordstat-18.json"
"яндекс гоу такси минивэн","https://zakazminivena.ru/yandex-taxi-minivan","Доверие и сервис","Ответ на вопрос выбора с переходом к подходящей поездке.","Поддержка","Wordstat · наблюдаемая фраза 15.09","1","Новосибирск","P1","Информационный / брендовый: проверить содержание, не смешивать с рекламой предзаказа; назначение URL — гипотеза, не результат полной кластеризации SERP","evidence/wordstat-previous/wordstat-18.json"
"заказать такси минивэн 7 мест","https://zakazminivena.ru/minivan-7-mest","Вместимость","Принять решение о заказе: Минивэн на 7 человек с водителем.","Расширение","Wordstat · наблюдаемая фраза 15.09","1","Новосибирск","P1","Вместимость; проверить необходимость отдельных 5/6/7 кластеров по выдаче; назначение URL — гипотеза, не результат полной кластеризации SERP","evidence/wordstat-previous/wordstat-18.json"
"классификатор яндекс такси тариф минивэн","https://zakazminivena.ru/yandex-taxi-minivan","Доверие и сервис","Ответ на вопрос выбора с переходом к подходящей поездке.","Поддержка","Wordstat · наблюдаемая фраза 15.09","1","Новосибирск","P1","Информационный / брендовый: проверить содержание, не смешивать с рекламой предзаказа; назначение URL — гипотеза, не результат полной кластеризации SERP","evidence/wordstat-previous/wordstat-18.json"
"яндекс такси тариф минивэн какие машины","https://zakazminivena.ru/yandex-taxi-minivan","Доверие и сервис","Ответ на вопрос выбора с переходом к подходящей поездке.","Поддержка","Wordstat · наблюдаемая фраза 15.09","1","Новосибирск","P1","Информационный / брендовый: проверить содержание, не смешивать с рекламой предзаказа; назначение URL — гипотеза, не результат полной кластеризации SERP","evidence/wordstat-previous/wordstat-18.json"
"такси минивэн","https://zakazminivena.ru/","Главная","Принять решение о заказе: Заказать минивэн с водителем межгород и аэропорт.","Ядро-кандидат","Wordstat · наблюдаемая фраза 15.09","922","Санкт-Петербург","P1","Общий коммерческий вход; назначение URL — гипотеза, не результат полной кластеризации SERP","evidence/wordstat-previous/wordstat-19.json"
"яндекс такси минивэн","https://zakazminivena.ru/yandex-taxi-minivan","Доверие и сервис","Ответ на вопрос выбора с переходом к подходящей поездке.","Поддержка","Wordstat · наблюдаемая фраза 15.09","342","Санкт-Петербург","P1","Информационный / брендовый: проверить содержание, не смешивать с рекламой предзаказа; назначение URL — гипотеза, не результат полной кластеризации SERP","evidence/wordstat-previous/wordstat-19.json"
"такси минивэн спб","https://zakazminivena.ru/cities/spb","Города","Принять решение о заказе: Минивэн с водителем в Санкт-Петербурге.","Ядро-кандидат","Wordstat · наблюдаемая фраза 15.09","169","Санкт-Петербург","P1","Явно назван город; маршрут/бренд в хвосте требуют ручной проверки; назначение URL — гипотеза, не результат полной кластеризации SERP","evidence/wordstat-previous/wordstat-19.json"
"яндекс такси минивэн сколько","https://zakazminivena.ru/yandex-taxi-minivan","Доверие и сервис","Ответ на вопрос выбора с переходом к подходящей поездке.","Поддержка","Wordstat · наблюдаемая фраза 15.09","133","Санкт-Петербург","P1","Информационный / брендовый: проверить содержание, не смешивать с рекламой предзаказа; назначение URL — гипотеза, не результат полной кластеризации SERP","evidence/wordstat-previous/wordstat-19.json"
"заказать такси минивэн","https://zakazminivena.ru/","Главная","Принять решение о заказе: Заказать минивэн с водителем межгород и аэропорт.","Ядро-кандидат","Wordstat · наблюдаемая фраза 15.09","126","Санкт-Петербург","P1","Общий коммерческий вход; назначение URL — гипотеза, не результат полной кластеризации SERP","evidence/wordstat-previous/wordstat-19.json"
"места в минивэне яндекс такси","https://zakazminivena.ru/yandex-taxi-minivan","Доверие и сервис","Ответ на вопрос выбора с переходом к подходящей поездке.","Поддержка","Wordstat · наблюдаемая фраза 15.09","84","Санкт-Петербург","P1","Информационный / брендовый: проверить содержание, не смешивать с рекламой предзаказа; назначение URL — гипотеза, не результат полной кластеризации SERP","evidence/wordstat-previous/wordstat-19.json"
"сколько мест в минивэне яндекс такси","https://zakazminivena.ru/yandex-taxi-minivan","Доверие и сервис","Ответ на вопрос выбора с переходом к подходящей поездке.","Поддержка","Wordstat · наблюдаемая фраза 15.09","82","Санкт-Петербург","P1","Информационный / брендовый: проверить содержание, не смешивать с рекламой предзаказа; назначение URL — гипотеза, не результат полной кластеризации SERP","evidence/wordstat-previous/wordstat-19.json"
"такси минивэн санкт петербург","https://zakazminivena.ru/cities/spb","Города","Принять решение о заказе: Минивэн с водителем в Санкт-Петербурге.","Ядро-кандидат","Wordstat · наблюдаемая фраза 15.09","60","Санкт-Петербург","P1","Явно назван город; маршрут/бренд в хвосте требуют ручной проверки; назначение URL — гипотеза, не результат полной кластеризации SERP","evidence/wordstat-previous/wordstat-19.json"
"минивэн яндекс такси машины","https://zakazminivena.ru/yandex-taxi-minivan","Доверие и сервис","Ответ на вопрос выбора с переходом к подходящей поездке.","Поддержка","Wordstat · наблюдаемая фраза 15.09","34","Санкт-Петербург","P1","Информационный / брендовый: проверить содержание, не смешивать с рекламой предзаказа; назначение URL — гипотеза, не результат полной кластеризации SERP","evidence/wordstat-previous/wordstat-19.json"
"заказать такси минивэн в спб","https://zakazminivena.ru/cities/spb","Города","Принять решение о заказе: Минивэн с водителем в Санкт-Петербурге.","Ядро-кандидат","Wordstat · наблюдаемая фраза 15.09","27","Санкт-Петербург","P1","Явно назван город; маршрут/бренд в хвосте требуют ручной проверки; назначение URL — гипотеза, не результат полной кластеризации SERP","evidence/wordstat-previous/wordstat-19.json"
"какие минивэны в яндекс такси","https://zakazminivena.ru/yandex-taxi-minivan","Доверие и сервис","Ответ на вопрос выбора с переходом к подходящей поездке.","Поддержка","Wordstat · наблюдаемая фраза 15.09","26","Санкт-Петербург","P1","Информационный / брендовый: проверить содержание, не смешивать с рекламой предзаказа; назначение URL — гипотеза, не результат полной кластеризации SERP","evidence/wordstat-previous/wordstat-19.json"
"минивэн яндекс такси сколько пассажиров","https://zakazminivena.ru/yandex-taxi-minivan","Доверие и сервис","Ответ на вопрос выбора с переходом к подходящей поездке.","Поддержка","Wordstat · наблюдаемая фраза 15.09","24","Санкт-Петербург","P1","Информационный / брендовый: проверить содержание, не смешивать с рекламой предзаказа; назначение URL — гипотеза, не результат полной кластеризации SERP","evidence/wordstat-previous/wordstat-19.json"
"минивэн в такси сколько мест машине яндекс","https://zakazminivena.ru/yandex-taxi-minivan","Доверие и сервис","Ответ на вопрос выбора с переходом к подходящей поездке.","Поддержка","Wordstat · наблюдаемая фраза 15.09","22","Санкт-Петербург","P1","Информационный / брендовый: проверить содержание, не смешивать с рекламой предзаказа; назначение URL — гипотеза, не результат полной кластеризации SERP","evidence/wordstat-previous/wordstat-19.json"
"как заказать минивэн в яндекс такси","https://zakazminivena.ru/yandex-taxi-minivan","Доверие и сервис","Ответ на вопрос выбора с переходом к подходящей поездке.","Поддержка","Wordstat · наблюдаемая фраза 15.09","18","Санкт-Петербург","P1","Информационный / брендовый: проверить содержание, не смешивать с рекламой предзаказа; назначение URL — гипотеза, не результат полной кластеризации SERP","evidence/wordstat-previous/wordstat-19.json"
"минивэн яндекс такси сколько пассажиров мест","https://zakazminivena.ru/yandex-taxi-minivan","Доверие и сервис","Ответ на вопрос выбора с переходом к подходящей поездке.","Поддержка","Wordstat · наблюдаемая фраза 15.09","17","Санкт-Петербург","P1","Информационный / брендовый: проверить содержание, не смешивать с рекламой предзаказа; назначение URL — гипотеза, не результат полной кластеризации SERP","evidence/wordstat-previous/wordstat-19.json"
"яндекс такси детский минивэн","https://zakazminivena.ru/yandex-taxi-minivan","Доверие и сервис","Ответ на вопрос выбора с переходом к подходящей поездке.","Поддержка","Wordstat · наблюдаемая фраза 15.09","17","Санкт-Петербург","P1","Информационный / брендовый: проверить содержание, не смешивать с рекламой предзаказа; назначение URL — гипотеза, не результат полной кластеризации SERP","evidence/wordstat-previous/wordstat-19.json"
"тариф минивэн в яндекс такси","https://zakazminivena.ru/yandex-taxi-minivan","Доверие и сервис","Ответ на вопрос выбора с переходом к подходящей поездке.","Поддержка","Wordstat · наблюдаемая фраза 15.09","16","Санкт-Петербург","P1","Информационный / брендовый: проверить содержание, не смешивать с рекламой предзаказа; назначение URL — гипотеза, не результат полной кластеризации SERP","evidence/wordstat-previous/wordstat-19.json"
"яндекс такси минивэн детское кресло","https://zakazminivena.ru/yandex-taxi-minivan","Доверие и сервис","Ответ на вопрос выбора с переходом к подходящей поездке.","Поддержка","Wordstat · наблюдаемая фраза 15.09","15","Санкт-Петербург","P1","Информационный / брендовый: проверить содержание, не смешивать с рекламой предзаказа; назначение URL — гипотеза, не результат полной кластеризации SERP","evidence/wordstat-previous/wordstat-19.json"
"яндекс такси минивэн спб","https://zakazminivena.ru/yandex-taxi-minivan","Доверие и сервис","Ответ на вопрос выбора с переходом к подходящей поездке.","Поддержка","Wordstat · наблюдаемая фраза 15.09","14","Санкт-Петербург","P1","Информационный / брендовый: проверить содержание, не смешивать с рекламой предзаказа; назначение URL — гипотеза, не результат полной кластеризации SERP","evidence/wordstat-previous/wordstat-19.json"
"как в яндекс такси вызвать минивэн","https://zakazminivena.ru/yandex-taxi-minivan","Доверие и сервис","Ответ на вопрос выбора с переходом к подходящей поездке.","Поддержка","Wordstat · наблюдаемая фраза 15.09","12","Санкт-Петербург","P1","Информационный / брендовый: проверить содержание, не смешивать с рекламой предзаказа; назначение URL — гипотеза, не результат полной кластеризации SERP","evidence/wordstat-previous/wordstat-19.json"
"такси минивэн 6 человек","https://zakazminivena.ru/minivan-6-mest","Вместимость","Принять решение о заказе: Минивэн на 6 человек с водителем.","Расширение","Wordstat · наблюдаемая фраза 15.09","11","Санкт-Петербург","P1","Вместимость; проверить необходимость отдельных 5/6/7 кластеров по выдаче; назначение URL — гипотеза, не результат полной кластеризации SERP","evidence/wordstat-previous/wordstat-19.json"
"сколько человек в минивэне яндекс такси","https://zakazminivena.ru/yandex-taxi-minivan","Доверие и сервис","Ответ на вопрос выбора с переходом к подходящей поездке.","Поддержка","Wordstat · наблюдаемая фраза 15.09","11","Санкт-Петербург","P1","Информационный / брендовый: проверить содержание, не смешивать с рекламой предзаказа; назначение URL — гипотеза, не результат полной кластеризации SERP","evidence/wordstat-previous/wordstat-19.json"
"такси минивэн москва","https://zakazminivena.ru/cities/moskva","Города","Принять решение о заказе: Минивэн с водителем в Москве.","Ядро-кандидат","Wordstat · наблюдаемая фраза 15.09","11","Санкт-Петербург","P1","Явно назван город; маршрут/бренд в хвосте требуют ручной проверки; назначение URL — гипотеза, не результат полной кластеризации SERP","evidence/wordstat-previous/wordstat-19.json"
"яндекс такси минивэн с детьми","https://zakazminivena.ru/yandex-taxi-minivan","Доверие и сервис","Ответ на вопрос выбора с переходом к подходящей поездке.","Поддержка","Wordstat · наблюдаемая фраза 15.09","11","Санкт-Петербург","P1","Информационный / брендовый: проверить содержание, не смешивать с рекламой предзаказа; назначение URL — гипотеза, не результат полной кластеризации SERP","evidence/wordstat-previous/wordstat-19.json"
"вызвать минивэн такси спб","https://zakazminivena.ru/cities/spb","Города","Принять решение о заказе: Минивэн с водителем в Санкт-Петербурге.","Ядро-кандидат","Wordstat · наблюдаемая фраза 15.09","10","Санкт-Петербург","P1","Явно назван город; маршрут/бренд в хвосте требуют ручной проверки; назначение URL — гипотеза, не результат полной кластеризации SERP","evidence/wordstat-previous/wordstat-19.json"
"яндекс такси минивэн сколько посадочных","https://zakazminivena.ru/yandex-taxi-minivan","Доверие и сервис","Ответ на вопрос выбора с переходом к подходящей поездке.","Поддержка","Wordstat · наблюдаемая фраза 15.09","9","Санкт-Петербург","P1","Информационный / брендовый: проверить содержание, не смешивать с рекламой предзаказа; назначение URL — гипотеза, не результат полной кластеризации SERP","evidence/wordstat-previous/wordstat-19.json"
"яндекс такси минивэн сколько посадочных мест","https://zakazminivena.ru/yandex-taxi-minivan","Доверие и сервис","Ответ на вопрос выбора с переходом к подходящей поездке.","Поддержка","Wordstat · наблюдаемая фраза 15.09","9","Санкт-Петербург","P1","Информационный / брендовый: проверить содержание, не смешивать с рекламой предзаказа; назначение URL — гипотеза, не результат полной кластеризации SERP","evidence/wordstat-previous/wordstat-19.json"
"сколько помещается в минивэн яндекс такси","https://zakazminivena.ru/yandex-taxi-minivan","Доверие и сервис","Ответ на вопрос выбора с переходом к подходящей поездке.","Поддержка","Wordstat · наблюдаемая фраза 15.09","9","Санкт-Петербург","P1","Информационный / брендовый: проверить содержание, не смешивать с рекламой предзаказа; назначение URL — гипотеза, не результат полной кластеризации SERP","evidence/wordstat-previous/wordstat-19.json"
"сколько человек помещается в минивэн яндекс такси","https://zakazminivena.ru/yandex-taxi-minivan","Доверие и сервис","Ответ на вопрос выбора с переходом к подходящей поездке.","Поддержка","Wordstat · наблюдаемая фраза 15.09","9","Санкт-Петербург","P1","Информационный / брендовый: проверить содержание, не смешивать с рекламой предзаказа; назначение URL — гипотеза, не результат полной кластеризации SERP","evidence/wordstat-previous/wordstat-19.json"
"яндекс такси минивэн бизнес","https://zakazminivena.ru/yandex-taxi-minivan","Доверие и сервис","Ответ на вопрос выбора с переходом к подходящей поездке.","Поддержка","Wordstat · наблюдаемая фраза 15.09","8","Санкт-Петербург","P1","Информационный / брендовый: проверить содержание, не смешивать с рекламой предзаказа; назначение URL — гипотеза, не результат полной кластеризации SERP","evidence/wordstat-previous/wordstat-19.json"
"минивэны для яндекс такси какие подходят","https://zakazminivena.ru/yandex-taxi-minivan","Доверие и сервис","Ответ на вопрос выбора с переходом к подходящей поездке.","Поддержка","Wordstat · наблюдаемая фраза 15.09","7","Санкт-Петербург","P1","Информационный / брендовый: проверить содержание, не смешивать с рекламой предзаказа; назначение URL — гипотеза, не результат полной кластеризации SERP","evidence/wordstat-previous/wordstat-19.json"
"минивэн в яндекс такси какие машины","https://zakazminivena.ru/yandex-taxi-minivan","Доверие и сервис","Ответ на вопрос выбора с переходом к подходящей поездке.","Поддержка","Wordstat · наблюдаемая фраза 15.09","7","Санкт-Петербург","P1","Информационный / брендовый: проверить содержание, не смешивать с рекламой предзаказа; назначение URL — гипотеза, не результат полной кластеризации SERP","evidence/wordstat-previous/wordstat-19.json"
"сколько вмещает минивэн яндекс такси","https://zakazminivena.ru/yandex-taxi-minivan","Доверие и сервис","Ответ на вопрос выбора с переходом к подходящей поездке.","Поддержка","Wordstat · наблюдаемая фраза 15.09","6","Санкт-Петербург","P1","Информационный / брендовый: проверить содержание, не смешивать с рекламой предзаказа; назначение URL — гипотеза, не результат полной кластеризации SERP","evidence/wordstat-previous/wordstat-19.json"
"заказ такси минивэн в спб","https://zakazminivena.ru/cities/spb","Города","Принять решение о заказе: Минивэн с водителем в Санкт-Петербурге.","Ядро-кандидат","Wordstat · наблюдаемая фраза 15.09","6","Санкт-Петербург","P1","Явно назван город; маршрут/бренд в хвосте требуют ручной проверки; назначение URL — гипотеза, не результат полной кластеризации SERP","evidence/wordstat-previous/wordstat-19.json"
"заказать такси минивэн санкт петербург","https://zakazminivena.ru/cities/spb","Города","Принять решение о заказе: Минивэн с водителем в Санкт-Петербурге.","Ядро-кандидат","Wordstat · наблюдаемая фраза 15.09","6","Санкт-Петербург","P1","Явно назван город; маршрут/бренд в хвосте требуют ручной проверки; назначение URL — гипотеза, не результат полной кластеризации SERP","evidence/wordstat-previous/wordstat-19.json"
"тариф минивэн в яндекс такси какие машины","https://zakazminivena.ru/yandex-taxi-minivan","Доверие и сервис","Ответ на вопрос выбора с переходом к подходящей поездке.","Поддержка","Wordstat · наблюдаемая фраза 15.09","5","Санкт-Петербург","P1","Информационный / брендовый: проверить содержание, не смешивать с рекламой предзаказа; назначение URL — гипотеза, не результат полной кластеризации SERP","evidence/wordstat-previous/wordstat-19.json"
"такси минивэн спб 7 человек","https://zakazminivena.ru/cities/spb","Города","Принять решение о заказе: Минивэн с водителем в Санкт-Петербурге.","Ядро-кандидат","Wordstat · наблюдаемая фраза 15.09","5","Санкт-Петербург","P1","Явно назван город; маршрут/бренд в хвосте требуют ручной проверки; назначение URL — гипотеза, не результат полной кластеризации SERP","evidence/wordstat-previous/wordstat-19.json"
"такси минивэн спб недорого","https://zakazminivena.ru/cities/spb","Города","Принять решение о заказе: Минивэн с водителем в Санкт-Петербурге.","Ядро-кандидат","Wordstat · наблюдаемая фраза 15.09","4","Санкт-Петербург","P1","Явно назван город; маршрут/бренд в хвосте требуют ручной проверки; назначение URL — гипотеза, не результат полной кластеризации SERP","evidence/wordstat-previous/wordstat-19.json"
"вместимость минивэна яндекс такси","https://zakazminivena.ru/yandex-taxi-minivan","Доверие и сервис","Ответ на вопрос выбора с переходом к подходящей поездке.","Поддержка","Wordstat · наблюдаемая фраза 15.09","4","Санкт-Петербург","P1","Информационный / брендовый: проверить содержание, не смешивать с рекламой предзаказа; назначение URL — гипотеза, не результат полной кластеризации SERP","evidence/wordstat-previous/wordstat-19.json"
"такси аэропорт минивэн","https://zakazminivena.ru/service/airport-transfer","Сценарии","Принять решение о заказе: Минивэн в аэропорт — трансфер с табличкой и фикс ценой.","Расширение","Wordstat · наблюдаемая фраза 15.09","4","Санкт-Петербург","P1","Общий аэропортовый сценарий; проверить нераспознанную географию; назначение URL — гипотеза, не результат полной кластеризации SERP","evidence/wordstat-previous/wordstat-19.json"
"такси минивэн 5 человек","https://zakazminivena.ru/minivan-5-mest","Вместимость","Принять решение о заказе: Минивэн на 5 человек с водителем.","Расширение","Wordstat · наблюдаемая фраза 15.09","4","Санкт-Петербург","P1","Вместимость; проверить необходимость отдельных 5/6/7 кластеров по выдаче; назначение URL — гипотеза, не результат полной кластеризации SERP","evidence/wordstat-previous/wordstat-19.json"
"яндекс такси минивэн какие машины подходят","https://zakazminivena.ru/yandex-taxi-minivan","Доверие и сервис","Ответ на вопрос выбора с переходом к подходящей поездке.","Поддержка","Wordstat · наблюдаемая фраза 15.09","3","Санкт-Петербург","P1","Информационный / брендовый: проверить содержание, не смешивать с рекламой предзаказа; назначение URL — гипотеза, не результат полной кластеризации SERP","evidence/wordstat-previous/wordstat-19.json"
"можно ли в яндекс такси заказать минивэн","https://zakazminivena.ru/yandex-taxi-minivan","Доверие и сервис","Ответ на вопрос выбора с переходом к подходящей поездке.","Поддержка","Wordstat · наблюдаемая фраза 15.09","3","Санкт-Петербург","P1","Информационный / брендовый: проверить содержание, не смешивать с рекламой предзаказа; назначение URL — гипотеза, не результат полной кластеризации SERP","evidence/wordstat-previous/wordstat-19.json"
"яндекс такси москва минивэн","https://zakazminivena.ru/yandex-taxi-minivan","Доверие и сервис","Ответ на вопрос выбора с переходом к подходящей поездке.","Поддержка","Wordstat · наблюдаемая фраза 15.09","3","Санкт-Петербург","P1","Информационный / брендовый: проверить содержание, не смешивать с рекламой предзаказа; назначение URL — гипотеза, не результат полной кластеризации SERP","evidence/wordstat-previous/wordstat-19.json"
"минивэн яндекс такси сколько мест внутри","https://zakazminivena.ru/yandex-taxi-minivan","Доверие и сервис","Ответ на вопрос выбора с переходом к подходящей поездке.","Поддержка","Wordstat · наблюдаемая фраза 15.09","2","Санкт-Петербург","P1","Информационный / брендовый: проверить содержание, не смешивать с рекламой предзаказа; назначение URL — гипотеза, не результат полной кластеризации SERP","evidence/wordstat-previous/wordstat-19.json"
