path,status,indexable,group,title,h1,description,canonical,sitemap,words,inbound,contentInbound,clickDepth,constructor,hero,priceInMeta,yearInMeta,km,price,distanceStatus,issues
"/minivan-5-mest","200","true","service","Минивэн на 5 человек с водителем — цены 2026","Минивэн на 5 человек с водителем","5 пассажиров в одном минивэне «Комфорт». Два кресла третьего ряда можно сложить. Расчёт от 3 000 ₽ за автомобиль; проверьте детей и багаж в конструкторе.","https://zakazminivena.ru/minivan-5-mest","true","338","300","0","1","true","true","true","true","","","","Нет контекстных входящих ссылок"
"/minivan-6-mest","200","true","service","Минивэн на 6 человек с водителем — цены 2026","Минивэн на 6 человек с водителем","6 пассажиров в одном минивэне «Комфорт». Одно кресло третьего ряда можно сложить. Расчёт от 3 000 ₽ за автомобиль; проверьте детей и багаж в конструкторе.","https://zakazminivena.ru/minivan-6-mest","true","337","300","0","1","true","true","true","true","","","","Нет контекстных входящих ссылок"
"/minivan-7-mest","200","true","service","Минивэн на 7 человек с водителем — цены 2026","Минивэн на 7 человек с водителем","7 пассажиров в одном минивэне «Комфорт». Все пассажирские кресла остаются поднятыми. Расчёт от 3 000 ₽ за автомобиль; проверьте детей и багаж в конструкторе.","https://zakazminivena.ru/minivan-7-mest","true","346","300","0","1","true","true","true","true","","","","Нет контекстных входящих ссылок"
"/service/luggage","200","true","service","Минивэн с большим багажом — пассажиры, чемоданы и коляска","Минивэн с большим багажом — пассажиры, чемоданы и коляска","Четверо едут просторно, вещи занимают увеличенный багажник. Соберите свой набор: чемоданы, сумки, коляска или коробки — и посмотрите, как меняется салон.","https://zakazminivena.ru/service/luggage","true","435","301","1","1","true","true","false","false","","","",""
"/service/ski-transfer","200","true","service","Минивэн с лыжами и сноубордами — трансфер на горнолыжный курорт","Минивэн с лыжами и сноубордами — трансфер на горнолыжный курорт","Компания, чехлы и зимний багаж едут вместе. Укажите длину лыж и досок, проверьте компоновку салона и выберите маршрут до курорта.","https://zakazminivena.ru/service/ski-transfer","true","428","301","1","1","true","true","false","false","","","",""
"/constructor","200","true","technical","Конструктор поездки на минивэне — Комфорт | ЗаказМинивэна.ru","Конструктор поездки на минивэне","Выберите маршрут, пассажиров и багаж. Посмотрите варианты салона и рассчитайте стоимость от 3 000 ₽ за минивэн «Комфорт». Итоговую цену подтвердим до заказа.","https://zakazminivena.ru/constructor","true","27","28","28","1","true","false","true","false","","","",""
"/","200","true","home","Минивэн с водителем — межгород и аэропорт от 3 000 ₽","Заказать минивэн с водителем межгород и аэропорт","Минивэн «Комфорт» до 7 пассажиров: межгород и аэропорт от 3 000 ₽ за автомобиль. Цены 2026. Выберите детей и багаж в конструкторе, условия подтвердим до заказа.","https://zakazminivena.ru","true","615","512","212","0","true","false","true","true","","","",""
"/routes","200","true","routes","Все маршруты минивэна по России — цены и расстояния | ЗаказМинивэна.ru","Все маршруты минивэна по России","Маршруты минивэна с водителем по России: цены, расстояния, время в пути. Более 80 направлений из Москвы, Краснодара, Сочи, Казани, Екатеринбурга и других городов. Фиксированная цена.","https://zakazminivena.ru/routes","true","397","141","71","1","false","true","false","false","","","",""
"/cities","200","true","cities","Минивэн с водителем — города России | ЗаказМинивэна.ru","Минивэн с водителем — города России","Заказать минивэн с водителем в городах России. Межгородние поездки и трансферы в аэропорт на комфортном минивэне 7 мест. Фиксированная цена.","https://zakazminivena.ru/cities","true","205","36","18","2","false","true","false","false","","","",""
"/airports","200","true","airport","Трансфер минивэн в аэропорт — ЗаказМинивэна.ru","Трансфер минивэн в аэропорт","Трансфер на минивэне 7 мест в аэропорты России: Шереметьево, Домодедово, Внуково, Пулково, Кольцово и другие. Фиксированная цена, встреча с табличкой, детское кресло бесплатно.","https://zakazminivena.ru/airports","true","100","2","0","4","false","true","false","false","","","","Нет контекстных входящих ссылок"
"/tariffs","200","true","trust","Цены на минивэн в 2026 году — «Комфорт» от 3 000 ₽","Цены на минивэн в 2026 году: тариф «Комфорт»","Цены 2026: минивэн «Комфорт» до 7 пассажиров от 3 000 ₽ за автомобиль. Базовая ставка 60 ₽/км, коэффициенты и округление. Итоговую цену подтвердим до заказа.","https://zakazminivena.ru/tariffs","true","264","2","2","1","true","true","true","true","","","",""
"/b2b","200","true","b2b","Минивэн для бизнеса — корпоративные трансферы | ЗаказМинивэна.ru","Минивэн для бизнеса","Корпоративные трансферы на минивэнах 7 мест: закрывающие документы, фиксированная цена, персональный менеджер. Работаем по договору с юридическими лицами.","https://zakazminivena.ru/b2b","true","714","253","238","2","false","false","false","false","","","",""
"/b2b/cases","200","true","b2b","Кейсы B2B-клиентов | ЗаказМинивэна.ru","Кейсы наших B2B-клиентов","Реальные кейсы корпоративных клиентов: IT-компании, строительство, фармацевтика, event-индустрия. Узнайте, как минивэн решает бизнес-задачи.","https://zakazminivena.ru/b2b/cases","true","331","9","1","3","false","false","false","false","","","",""
"/about","200","true","trust","О сервисе ЗаказМинивэна.ru — минивэн с водителем по России","О сервисе ЗаказМинивэна.ru","ЗаказМинивэна.ru — сервис заказа минивэнов с водителем на 7 мест для межгородних поездок и трансфера в аэропорт. Фиксированные цены, 21+ регион России.","https://zakazminivena.ru/about","true","340","0","0","","false","true","false","false","","","","Нет входящих HTML-ссылок в снимке | Нет контекстных входящих ссылок"
"/offer","200","true","technical","Публичная оферта | ЗаказМинивэна.ru","Публичная оферта","Публичная оферта на оказание услуг по перевозке пассажиров минивэном с водителем. ИП Макаренко В.П.","https://zakazminivena.ru/offer","true","554","301","1","1","false","false","false","false","","","",""
"/privacy","200","true","technical","Политика конфиденциальности | ЗаказМинивэна.ru","Политика конфиденциальности","Политика конфиденциальности и обработки персональных данных сервиса ЗаказМинивэна.ru. Защита данных в соответствии с ФЗ-152.","https://zakazminivena.ru/privacy","true","463","302","2","1","false","false","false","false","","","",""
"/terms","200","true","technical","Пользовательское соглашение | ЗаказМинивэна.ru","Пользовательское соглашение","Пользовательское соглашение сайта ЗаказМинивэна.ru. Условия использования сервиса заказа минивэнов с водителем.","https://zakazminivena.ru/terms","true","409","300","0","1","false","false","false","false","","","","Нет контекстных входящих ссылок"
"/fleet","200","true","fleet","Автопарк минивэнов — ЗаказМинивэна.ru","Автопарк минивэнов","Наш автопарк: Toyota Alphard, Hyundai Staria, Volkswagen Caravelle. Комфортные минивэны на 7 мест с кондиционером, USB-зарядками и вместительным багажником.","https://zakazminivena.ru/fleet","true","286","10","0","4","false","false","false","false","","","","Нет контекстных входящих ссылок"
"/drivers","200","true","trust","Наши водители | ЗаказМинивэна.ru","Наши водители","Профессиональные водители минивэнов с опытом от 6 лет. Средний рейтинг 4.9, более 20 000 выполненных поездок.","https://zakazminivena.ru/drivers","true","508","1","1","5","false","false","false","false","","","",""
"/services/airport","200","true","service","Трансфер в аэропорт на минивэне 7 мест — ЗаказМинивэна.ru","Трансфер в аэропорт на минивэне 7 мест","Трансфер в аэропорт на минивэне с водителем для семьи или группы до 7 человек. Встреча с табличкой, отслеживание рейса, детское кресло бесплатно. Фиксированная цена. Звоните +7 (918) 587-54-54","https://zakazminivena.ru/services/airport","true","335","300","0","1","false","true","false","false","","","","Нет контекстных входящих ссылок"
"/services/children","200","true","service","Детские перевозки на минивэне — с детским креслом бесплатно | ЗаказМинивэна.ru","Семейная поездка на минивэне — с детским креслом","Безопасные детские перевозки на минивэне с детским автокреслом бесплатно. 7 мест, кондиционер, плавная езда. Межгородние поездки с детьми по фиксированной цене. Звоните +7 (918) 587-54-54","https://zakazminivena.ru/services/children","true","441","300","0","1","true","true","false","false","","","","Нет контекстных входящих ссылок"
"/services/group-transfer","200","true","service","Групповой трансфер на минивэне 7 мест — ЗаказМинивэна.ru","Групповой трансфер на минивэне","Групповой трансфер на минивэне с водителем для 7 пассажиров. Межгородние поездки, корпоративные перевозки, экскурсии. Фиксированная цена. Звоните +7 (918) 587-54-54","https://zakazminivena.ru/services/group-transfer","true","312","300","0","1","false","true","false","false","","","","Нет контекстных входящих ссылок"
"/services/wedding","200","true","service","Минивэн на свадьбу — трансфер гостей на минивэне | ЗаказМинивэна.ru","Минивэн на свадьбу — трансфер гостей","Минивэн на свадьбу для трансфера гостей: 7 мест, кондиционер, большой багажник. Развозка гостей из аэропорта, в ЗАГС, ресторан и обратно. Фиксированная цена. Звоните +7 (918) 587-54-54","https://zakazminivena.ru/services/wedding","true","324","300","0","1","false","true","false","false","","","","Нет контекстных входящих ссылок"
"/yandex-taxi-minivan","200","true","trust","Минивэн в Яндекс Такси — почему не всегда доступен и как заказать напрямую","Минивэн в Яндекс Такси — ограничения и альтернатива","Почему минивэн в Яндекс Такси часто недоступен, особенно на межгород. Ограничения по местам, динамическое ценообразование. Альтернатива: минивэн 7 мест напрямую с фиксированной ценой.","https://zakazminivena.ru/yandex-taxi-minivan","true","260","300","0","1","false","false","false","false","","","","Нет контекстных входящих ссылок"
"/compare","200","true","compare","Сравнение: минивэн vs другие виды транспорта | ЗаказМинивэна.ru","Минивэн vs другие виды транспорта","Честное сравнение минивэна с поездом, автобусом и BlaBlaCar. Что выбрать для семьи, группы или поездки с детьми? Комфорт, безопасность, стоимость — все параметры.","https://zakazminivena.ru/compare","true","99","3","0","","false","true","false","false","","","","Нет контекстных входящих ссылок"
"/seasonal","200","true","seasonal","Сезонные предложения — минивэн на праздники, свадьбы и отпуск | ЗаказМинивэна.ru","Сезонные предложения","Сезонные предложения на заказ минивэна: новогодние трансферы, свадебный сезон, летний отпуск к морю. Специальные маршруты и комфортные условия для каждого сезона.","https://zakazminivena.ru/seasonal","true","108","3","0","","false","true","false","false","","","","Нет контекстных входящих ссылок"
"/airport","200","true","airport","Минивэн в аэропорт — 16 аэропортов в каталоге","Минивэн в аэропорт — 16 аэропортов в каталоге","Минивэн в аэропорты России: SVO, VKO, DME, LED, AER, MRV и другие. Аэропорты с подробным расчётом и маршрутами. Фикс цена, встреча с табличкой.","https://zakazminivena.ru/airport","true","150","90","0","3","false","true","false","false","","","","Нет контекстных входящих ссылок"
"/destination","200","true","destination","Туристические направления — минивэн по регионам России | ЗаказМинивэна.ru","Туристические направления России на минивэне","Минивэн в туристические регионы: Карелия, КМВ, Алтай, Байкал, Крым, Краснодарское побережье, Калининград, Север. Однодневные и многодневные туры.","https://zakazminivena.ru/destination","true","91","48","0","3","false","true","false","false","","","","Нет контекстных входящих ссылок"
"/service","200","true","service","Сценарии заказа минивэна — все варианты с водителем | ЗаказМинивэна.ru","Сценарии заказа минивэна","Минивэн под любой сценарий: аэропорт, межгород, свадьба, корпоратив, делегации, конференции, экскурсии, почасовая, многодневная, спорткоманды, съёмочные группы.","https://zakazminivena.ru/service","true","170","13","0","2","false","true","false","false","","","","Нет контекстных входящих ссылок"
"/partnership","200","true","trust","Партнёрская программа для турагентств — 10% комиссия | ЗаказМинивэна.ru","Партнёрская программа для турагентств","Партнёрская программа для турагентств, гидов, отелей. Комиссия 10% за каждого клиента. Договор, отчёты, прозрачные выплаты.","https://zakazminivena.ru/partnership","true","125","0","0","","false","false","false","false","","","","Нет входящих HTML-ссылок в снимке | Нет контекстных входящих ссылок"
"/payment","200","true","trust","Способы оплаты минивэна — наличные, карта, безнал | ЗаказМинивэна.ru","Способы оплаты","Способы оплаты заказа минивэна: онлайн картой, СБП, наличные, безналичный перевод для юрлиц. Постоплата для B2B клиентов после 3 поездок.","https://zakazminivena.ru/payment","true","154","0","0","","false","false","false","false","","","","Нет входящих HTML-ссылок в снимке | Нет контекстных входящих ссылок"
"/documents","200","true","trust","Документы для отчётности — договор, счёт, акт, ККТ-чек | ЗаказМинивэна.ru","Документы для отчётности","Документы при заказе минивэна для юрлиц: договор оферты или индивидуальный, счёт на оплату, акт, ККТ-чек электронный, УПД, путевой лист.","https://zakazminivena.ru/documents","true","187","1","1","","false","false","false","false","","","",""
"/contacts","200","true","trust","Контакты — ЗаказМинивэна.ru","Контакты","Контакты: телефон +7 (918) 587-54-54, WhatsApp, Telegram. Диспетчер 24/7. B2B-менеджер 9:00–19:00. Реквизиты ИП Макаренко В.П.","https://zakazminivena.ru/contacts","true","64","1","1","","false","false","false","false","","","",""
"/faq","200","true","trust","Частые вопросы — минивэн с водителем | ЗаказМинивэна.ru","Частые вопросы","Ответы на 30+ вопросов: как заказать, сколько стоит, какие документы, дет.кресла, оплата, отмена, безнал, гарантии.","https://zakazminivena.ru/faq","true","427","0","0","","false","false","false","false","","","","Нет входящих HTML-ссылок в снимке | Нет контекстных входящих ссылок"
"/reviews","200","true","trust","Отзывы клиентов — минивэн с водителем | ЗаказМинивэна.ru","Отзывы клиентов","Реальные отзывы клиентов: аэропортовые трансферы, туристические туры, свадьбы, корпоративные поездки. Маршрут, сценарий, оценка.","https://zakazminivena.ru/reviews","true","120","0","0","","false","false","false","false","","","","Нет входящих HTML-ссылок в снимке | Нет контекстных входящих ссылок"
"/seasonal/noviy-god","200","true","seasonal","Минивэн на Новый год и зимние каникулы — трансфер на горнолыжные курорты | ЗаказМинивэна.ru","Минивэн на Новый год и зимние каникулы","Заказ минивэна на новогодние праздники и зимние каникулы. Трансфер на горнолыжные курорты, перевозка лыж и сноубордов, ночные поездки. Тёплый салон, детские кресла. Без праздничных наценок!","https://zakazminivena.ru/seasonal/noviy-god","true","599","1","1","","false","false","false","false","","","",""
"/seasonal/svadebnyy-sezon","200","true","seasonal","Минивэн на свадебный сезон — трансфер гостей и молодожёнов | ЗаказМинивэна.ru","Свадебный сезон — минивэн для гостей и молодожёнов","Минивэн на свадьбу: трансфер гостей между площадками, развозка из аэропорта, ЗАГС, ресторан. До 7 мест, кондиционер, багажник для подарков. Почасовая аренда или фиксированная цена.","https://zakazminivena.ru/seasonal/svadebnyy-sezon","true","592","1","1","","false","false","false","false","","","",""
"/seasonal/letniy-otpusk","200","true","seasonal","Минивэн на летний отпуск к морю — трансфер на курорты Черноморского побережья | ЗаказМинивэна.ru","Летний отпуск и море — минивэн на курорт","Минивэн к морю на летний отпуск: Сочи, Анапа, Геленджик, Крым. Кондиционер, багажник для вещей, детские кресла. Довезём всю семью от двери до курорта. Фиксированная цена.","https://zakazminivena.ru/seasonal/letniy-otpusk","true","643","1","1","","false","false","false","false","","","",""
"/routes/adler-roza-khutor","200","true","routes","Минивэн Адлер — Роза Хутор от 4 500 ₽, ≈ 50 км — цены 2026","Минивэн Адлер — Роза Хутор","Минивэн Адлер — Роза Хутор: от 4 500 ₽ за автомобиль, около 50 км. До 7 пассажиров. Цены 2026 года; багаж и итоговую стоимость подтвердим до заказа.","https://zakazminivena.ru/routes/adler-roza-khutor","true","711","303","3","1","true","true","true","true","50","4500","legacy-estimate-needs-road-check",""
"/routes/sochi-krasnaya-polyana","200","true","routes","Минивэн Сочи — Красная Поляна от 6 500 ₽, ≈ 70 км — цены 2026","Минивэн Сочи — Красная Поляна","Минивэн Сочи — Красная Поляна: от 6 500 ₽ за автомобиль, около 70 км. До 7 пассажиров. Цены 2026 года; багаж и итоговую стоимость подтвердим до заказа.","https://zakazminivena.ru/routes/sochi-krasnaya-polyana","true","698","4","4","1","true","true","true","true","70","6500","legacy-estimate-needs-road-check",""
"/routes/simferopol-yalta","200","true","routes","Минивэн Симферополь — Ялта от 8 500 ₽, ≈ 90 км — цены 2026","Минивэн Симферополь — Ялта","Минивэн Симферополь — Ялта: от 8 500 ₽ за автомобиль, около 90 км. До 7 пассажиров. Цены 2026 года; багаж и итоговую стоимость подтвердим до заказа.","https://zakazminivena.ru/routes/simferopol-yalta","true","697","4","4","1","true","true","true","true","90","8500","legacy-estimate-needs-road-check",""
"/routes/simferopol-alushta","200","true","routes","Минивэн Симферополь — Алушта от 5 500 ₽, ≈ 60 км — цены 2026","Минивэн Симферополь — Алушта","Минивэн Симферополь — Алушта: от 5 500 ₽ за автомобиль, около 60 км. До 7 пассажиров. Цены 2026 года; багаж и итоговую стоимость подтвердим до заказа.","https://zakazminivena.ru/routes/simferopol-alushta","true","686","2","2","2","true","true","true","true","60","5500","legacy-estimate-needs-road-check",""
"/routes/simferopol-evpatoriya","200","true","routes","Минивэн Симферополь — Евпатория от 6 500 ₽, ≈ 70 км — цены 2026","Минивэн Симферополь — Евпатория","Минивэн Симферополь — Евпатория: от 6 500 ₽ за автомобиль, около 70 км. До 7 пассажиров. Цены 2026 года; багаж и итоговую стоимость подтвердим до заказа.","https://zakazminivena.ru/routes/simferopol-evpatoriya","true","673","2","2","2","true","true","true","true","70","6500","legacy-estimate-needs-road-check",""
"/routes/simferopol-feodosiya","200","true","routes","Минивэн Симферополь — Феодосия от 9 000 ₽, ≈ 120 км — цены 2026","Минивэн Симферополь — Феодосия","Минивэн Симферополь — Феодосия: от 9 000 ₽ за автомобиль, около 120 км. До 7 пассажиров. Цены 2026 года; багаж и итоговую стоимость подтвердим до заказа.","https://zakazminivena.ru/routes/simferopol-feodosiya","true","682","2","2","2","true","true","true","true","120","9000","legacy-estimate-needs-road-check",""
"/routes/simferopol-sudak","200","true","routes","Минивэн Симферополь — Судак от 7 500 ₽, ≈ 100 км — цены 2026","Минивэн Симферополь — Судак","Минивэн Симферополь — Судак: от 7 500 ₽ за автомобиль, около 100 км. До 7 пассажиров. Цены 2026 года; багаж и итоговую стоимость подтвердим до заказа.","https://zakazminivena.ru/routes/simferopol-sudak","true","687","2","2","2","true","true","true","true","100","7500","legacy-estimate-needs-road-check",""
"/routes/simferopol-sevastopol","200","true","routes","Минивэн Симферополь — Севастополь от 7 500 ₽, ≈ 80 км — цены 2026","Минивэн Симферополь — Севастополь","Минивэн Симферополь — Севастополь: от 7 500 ₽ за автомобиль, около 80 км. До 7 пассажиров. Цены 2026 года; багаж и итоговую стоимость подтвердим до заказа.","https://zakazminivena.ru/routes/simferopol-sevastopol","true","685","2","2","2","true","true","true","true","80","7500","legacy-estimate-needs-road-check",""
"/routes/krasnodar-sochi","200","true","routes","Минивэн Краснодар — Сочи от 18 000 ₽, ≈ 300 км — цены 2026","Минивэн Краснодар — Сочи","Минивэн Краснодар — Сочи: от 18 000 ₽ за автомобиль, около 300 км. До 7 пассажиров. Цены 2026 года; багаж и итоговую стоимость подтвердим до заказа.","https://zakazminivena.ru/routes/krasnodar-sochi","true","697","10","10","2","true","true","true","true","300","18000","c2c-cache-endpoints-reviewed",""
"/routes/krasnodar-adler","200","true","routes","Минивэн Краснодар — Адлер от 18 500 ₽, ≈ 320 км — цены 2026","Минивэн Краснодар — Адлер","Минивэн Краснодар — Адлер: от 18 500 ₽ за автомобиль, около 320 км. До 7 пассажиров. Цены 2026 года; багаж и итоговую стоимость подтвердим до заказа.","https://zakazminivena.ru/routes/krasnodar-adler","true","690","3","3","2","true","true","true","true","320","18500","c2c-cache-endpoints-reviewed",""
"/routes/krasnodar-simferopol","200","true","routes","Минивэн Краснодар — Симферополь от 25 500 ₽, ≈ 440 км — цены 2026","Минивэн Краснодар — Симферополь","Минивэн Краснодар — Симферополь: от 25 500 ₽ за автомобиль, около 440 км. До 7 пассажиров. Цены 2026 года; багаж и итоговую стоимость подтвердим до заказа.","https://zakazminivena.ru/routes/krasnodar-simferopol","true","696","303","3","1","true","true","true","true","440","25500","c2c-cache-endpoints-reviewed",""
"/routes/krasnodar-anapa","200","true","routes","Минивэн Краснодар — Анапа от 11 500 ₽, ≈ 170 км — цены 2026","Минивэн Краснодар — Анапа","Минивэн Краснодар — Анапа: от 11 500 ₽ за автомобиль, около 170 км. До 7 пассажиров. Цены 2026 года; багаж и итоговую стоимость подтвердим до заказа.","https://zakazminivena.ru/routes/krasnodar-anapa","true","693","3","3","2","true","true","true","true","170","11500","legacy-estimate-needs-road-check",""
"/routes/krasnodar-gelendzhik","200","true","routes","Минивэн Краснодар — Геленджик от 12 000 ₽, ≈ 200 км — цены 2026","Минивэн Краснодар — Геленджик","Минивэн Краснодар — Геленджик: от 12 000 ₽ за автомобиль, около 200 км. До 7 пассажиров. Цены 2026 года; багаж и итоговую стоимость подтвердим до заказа.","https://zakazminivena.ru/routes/krasnodar-gelendzhik","true","685","3","3","2","true","true","true","true","200","12000","legacy-estimate-needs-road-check",""
"/routes/krasnodar-novorossiysk","200","true","routes","Минивэн Краснодар — Новороссийск от 11 000 ₽, ≈ 150 км — цены 2026","Минивэн Краснодар — Новороссийск","Минивэн Краснодар — Новороссийск: от 11 000 ₽ за автомобиль, около 150 км. До 7 пассажиров. Цены 2026 года; багаж и итоговую стоимость подтвердим до заказа.","https://zakazminivena.ru/routes/krasnodar-novorossiysk","true","671","2","2","2","true","true","true","true","150","11000","c2c-cache-endpoints-reviewed",""
"/routes/krasnodar-yalta","200","true","routes","Минивэн Краснодар — Ялта от 30 000 ₽, ≈ 510 км — цены 2026","Минивэн Краснодар — Ялта","Минивэн Краснодар — Ялта: от 30 000 ₽ за автомобиль, около 510 км. До 7 пассажиров. Цены 2026 года; багаж и итоговую стоимость подтвердим до заказа.","https://zakazminivena.ru/routes/krasnodar-yalta","true","685","3","3","2","true","true","true","true","510","30000","recalculated-2026-09-17",""
"/routes/rostov-krasnodar","200","true","routes","Минивэн Ростов — Краснодар от 17 000 ₽, ≈ 280 км — цены 2026","Минивэн Ростов — Краснодар","Минивэн Ростов — Краснодар: от 17 000 ₽ за автомобиль, около 280 км. До 7 пассажиров. Цены 2026 года; багаж и итоговую стоимость подтвердим до заказа.","https://zakazminivena.ru/routes/rostov-krasnodar","true","680","11","11","2","true","true","true","true","280","17000","c2c-cache-endpoints-reviewed",""
"/routes/rostov-sochi","200","true","routes","Минивэн Ростов — Сочи от 33 000 ₽, ≈ 560 км — цены 2026","Минивэн Ростов — Сочи","Минивэн Ростов — Сочи: от 33 000 ₽ за автомобиль, около 560 км. До 7 пассажиров. Цены 2026 года; багаж и итоговую стоимость подтвердим до заказа.","https://zakazminivena.ru/routes/rostov-sochi","true","694","4","4","2","true","true","true","true","560","33000","c2c-cache-endpoints-reviewed",""
"/routes/rostov-adler","200","true","routes","Минивэн Ростов — Адлер от 34 000 ₽, ≈ 580 км — цены 2026","Минивэн Ростов — Адлер","Минивэн Ростов — Адлер: от 34 000 ₽ за автомобиль, около 580 км. До 7 пассажиров. Цены 2026 года; багаж и итоговую стоимость подтвердим до заказа.","https://zakazminivena.ru/routes/rostov-adler","true","677","3","3","2","true","true","true","true","580","34000","c2c-cache-endpoints-reviewed",""
"/routes/rostov-anapa","200","true","routes","Минивэн Ростов — Анапа от 25 000 ₽, ≈ 430 км — цены 2026","Минивэн Ростов — Анапа","Минивэн Ростов — Анапа: от 25 000 ₽ за автомобиль, около 430 км. До 7 пассажиров. Цены 2026 года; багаж и итоговую стоимость подтвердим до заказа.","https://zakazminivena.ru/routes/rostov-anapa","true","690","3","3","2","true","true","true","true","430","25000","c2c-cache-endpoints-reviewed",""
"/routes/moskva-sochi","200","true","routes","Минивэн Москва — Сочи от 97 000 ₽, ≈ 1630 км — цены 2026","Минивэн Москва — Сочи","Минивэн Москва — Сочи: от 97 000 ₽ за автомобиль, около 1630 км. До 7 пассажиров. Цены 2026 года; багаж и итоговую стоимость подтвердим до заказа.","https://zakazminivena.ru/routes/moskva-sochi","true","699","304","4","1","true","true","true","true","1630","97000","c2c-cache-endpoints-reviewed",""
"/routes/mineralnye-vody-dombay","200","true","routes","Минивэн Минеральные Воды — Домбай от 12 000 ₽, ≈ 200 км — цены 2026","Минивэн Минеральные Воды — Домбай","Минивэн Минеральные Воды — Домбай: от 12 000 ₽ за автомобиль, около 200 км. До 7 пассажиров. Цены 2026 года; багаж и итоговую стоимость подтвердим до заказа.","https://zakazminivena.ru/routes/mineralnye-vody-dombay","true","717","3","3","2","true","true","true","true","200","12000","legacy-estimate-needs-road-check",""
"/routes/mineralnye-vody-kislovodsk","200","true","routes","Минивэн Минеральные Воды — Кисловодск от 5 500 ₽, ≈ 60 км — цены 2026","Минивэн Минеральные Воды — Кисловодск","Минивэн Минеральные Воды — Кисловодск: от 5 500 ₽ за автомобиль, около 60 км. До 7 пассажиров. Цены 2026 года; багаж и итоговую стоимость подтвердим до заказа.","https://zakazminivena.ru/routes/mineralnye-vody-kislovodsk","true","729","3","3","2","true","true","true","true","60","5500","legacy-estimate-needs-road-check",""
"/routes/mineralnye-vody-pyatigorsk","200","true","routes","Минивэн Минеральные Воды — Пятигорск от 3 000 ₽, ≈ 30 км — цены 2026","Минивэн Минеральные Воды — Пятигорск","Минивэн Минеральные Воды — Пятигорск: от 3 000 ₽ за автомобиль, около 30 км. До 7 пассажиров. Цены 2026 года; багаж и итоговую стоимость подтвердим до заказа.","https://zakazminivena.ru/routes/mineralnye-vody-pyatigorsk","true","713","3","3","2","true","true","true","true","30","3000","legacy-estimate-needs-road-check",""
"/routes/mineralnye-vody-nalchik","200","true","routes","Минивэн Минеральные Воды — Нальчик от 7 500 ₽, ≈ 80 км — цены 2026","Минивэн Минеральные Воды — Нальчик","Минивэн Минеральные Воды — Нальчик: от 7 500 ₽ за автомобиль, около 80 км. До 7 пассажиров. Цены 2026 года; багаж и итоговую стоимость подтвердим до заказа.","https://zakazminivena.ru/routes/mineralnye-vody-nalchik","true","705","2","2","2","true","true","true","true","80","7500","legacy-estimate-needs-road-check",""
"/routes/kazan-samara","200","true","routes","Минивэн Казань — Самара от 21 000 ₽, ≈ 360 км — цены 2026","Минивэн Казань — Самара","Минивэн Казань — Самара: от 21 000 ₽ за автомобиль, около 360 км. До 7 пассажиров. Цены 2026 года; багаж и итоговую стоимость подтвердим до заказа.","https://zakazminivena.ru/routes/kazan-samara","true","681","311","11","1","true","true","true","true","360","21000","c2c-cache-endpoints-reviewed",""
"/routes/samara-kazan","200","true","routes","Минивэн Самара — Казань от 21 500 ₽, ≈ 370 км — цены 2026","Минивэн Самара — Казань","Минивэн Самара — Казань: от 21 500 ₽ за автомобиль, около 370 км. До 7 пассажиров. Цены 2026 года; багаж и итоговую стоимость подтвердим до заказа.","https://zakazminivena.ru/routes/samara-kazan","true","673","3","3","2","true","true","true","true","370","21500","c2c-cache-endpoints-reviewed",""
"/routes/ekaterinburg-chelyabinsk","200","true","routes","Минивэн Екатеринбург — Челябинск от 13 500 ₽, ≈ 220 км — цены 2026","Минивэн Екатеринбург — Челябинск","Минивэн Екатеринбург — Челябинск: от 13 500 ₽ за автомобиль, около 220 км. До 7 пассажиров. Цены 2026 года; багаж и итоговую стоимость подтвердим до заказа.","https://zakazminivena.ru/routes/ekaterinburg-chelyabinsk","true","680","310","10","1","true","true","true","true","220","13500","c2c-cache-endpoints-reviewed",""
"/routes/chelyabinsk-ekaterinburg","200","true","routes","Минивэн Челябинск — Екатеринбург от 13 500 ₽, ≈ 220 км — цены 2026","Минивэн Челябинск — Екатеринбург","Минивэн Челябинск — Екатеринбург: от 13 500 ₽ за автомобиль, около 220 км. До 7 пассажиров. Цены 2026 года; багаж и итоговую стоимость подтвердим до заказа.","https://zakazminivena.ru/routes/chelyabinsk-ekaterinburg","true","674","4","4","2","true","true","true","true","220","13500","c2c-cache-endpoints-reviewed",""
"/routes/ekaterinburg-tyumen","200","true","routes","Минивэн Екатеринбург — Тюмень от 19 000 ₽, ≈ 330 км — цены 2026","Минивэн Екатеринбург — Тюмень","Минивэн Екатеринбург — Тюмень: от 19 000 ₽ за автомобиль, около 330 км. До 7 пассажиров. Цены 2026 года; багаж и итоговую стоимость подтвердим до заказа.","https://zakazminivena.ru/routes/ekaterinburg-tyumen","true","685","4","4","2","true","true","true","true","330","19000","recalculated-2026-09-17",""
"/routes/tyumen-ekaterinburg","200","true","routes","Минивэн Тюмень — Екатеринбург от 19 000 ₽, ≈ 330 км — цены 2026","Минивэн Тюмень — Екатеринбург","Минивэн Тюмень — Екатеринбург: от 19 000 ₽ за автомобиль, около 330 км. До 7 пассажиров. Цены 2026 года; багаж и итоговую стоимость подтвердим до заказа.","https://zakazminivena.ru/routes/tyumen-ekaterinburg","true","674","5","5","1","true","true","true","true","330","19000","recalculated-2026-09-17",""
"/routes/ekaterinburg-perm","200","true","routes","Минивэн Екатеринбург — Пермь от 21 500 ₽, ≈ 370 км — цены 2026","Минивэн Екатеринбург — Пермь","Минивэн Екатеринбург — Пермь: от 21 500 ₽ за автомобиль, около 370 км. До 7 пассажиров. Цены 2026 года; багаж и итоговую стоимость подтвердим до заказа.","https://zakazminivena.ru/routes/ekaterinburg-perm","true","692","4","4","2","true","true","true","true","370","21500","c2c-cache-endpoints-reviewed",""
"/routes/ekaterinburg-kurgan","200","true","routes","Минивэн Екатеринбург — Курган от 21 500 ₽, ≈ 370 км — цены 2026","Минивэн Екатеринбург — Курган","Минивэн Екатеринбург — Курган: от 21 500 ₽ за автомобиль, около 370 км. До 7 пассажиров. Цены 2026 года; багаж и итоговую стоимость подтвердим до заказа.","https://zakazminivena.ru/routes/ekaterinburg-kurgan","true","666","2","2","2","true","true","true","true","370","21500","c2c-cache-endpoints-reviewed",""
"/routes/kazan-nizhniy-novgorod","200","true","routes","Минивэн Казань — Нижний Новгород от 23 000 ₽, ≈ 400 км — цены 2026","Минивэн Казань — Нижний Новгород","Минивэн Казань — Нижний Новгород: от 23 000 ₽ за автомобиль, около 400 км. До 7 пассажиров. Цены 2026 года; багаж и итоговую стоимость подтвердим до заказа.","https://zakazminivena.ru/routes/kazan-nizhniy-novgorod","true","695","3","3","2","true","true","true","true","400","23000","c2c-cache-endpoints-reviewed",""
"/routes/nizhniy-novgorod-kazan","200","true","routes","Минивэн Нижний Новгород — Казань от 23 000 ₽, ≈ 400 км — цены 2026","Минивэн Нижний Новгород — Казань","Минивэн Нижний Новгород — Казань: от 23 000 ₽ за автомобиль, около 400 км. До 7 пассажиров. Цены 2026 года; багаж и итоговую стоимость подтвердим до заказа.","https://zakazminivena.ru/routes/nizhniy-novgorod-kazan","true","677","2","2","2","true","true","true","true","400","23000","c2c-cache-endpoints-reviewed",""
"/routes/kazan-ekaterinburg","200","true","routes","Минивэн Казань — Екатеринбург от 51 500 ₽, ≈ 870 км — цены 2026","Минивэн Казань — Екатеринбург","Минивэн Казань — Екатеринбург: от 51 500 ₽ за автомобиль, около 870 км. До 7 пассажиров. Цены 2026 года; багаж и итоговую стоимость подтвердим до заказа.","https://zakazminivena.ru/routes/kazan-ekaterinburg","true","693","2","2","2","true","true","true","true","870","51500","c2c-cache-endpoints-reviewed",""
"/routes/moskva-spb","200","true","routes","Минивэн Москва — Санкт-Петербург от 42 000 ₽, ≈ 710 км — цены 2026","Минивэн Москва — Санкт-Петербург","Минивэн Москва — Санкт-Петербург: от 42 000 ₽ за автомобиль, около 710 км. До 7 пассажиров. Цены 2026 года; багаж и итоговую стоимость подтвердим до заказа.","https://zakazminivena.ru/routes/moskva-spb","true","700","15","15","2","true","true","true","true","710","42000","c2c-cache-endpoints-reviewed",""
"/routes/spb-moskva","200","true","routes","Минивэн Санкт-Петербург — Москва от 42 500 ₽, ≈ 720 км — цены 2026","Минивэн Санкт-Петербург — Москва","Минивэн Санкт-Петербург — Москва: от 42 500 ₽ за автомобиль, около 720 км. До 7 пассажиров. Цены 2026 года; багаж и итоговую стоимость подтвердим до заказа.","https://zakazminivena.ru/routes/spb-moskva","true","687","2","2","2","true","true","true","true","720","42500","c2c-cache-endpoints-reviewed",""
"/routes/moskva-nizhniy-novgorod","200","true","routes","Минивэн Москва — Нижний Новгород от 25 500 ₽, ≈ 440 км — цены 2026","Минивэн Москва — Нижний Новгород","Минивэн Москва — Нижний Новгород: от 25 500 ₽ за автомобиль, около 440 км. До 7 пассажиров. Цены 2026 года; багаж и итоговую стоимость подтвердим до заказа.","https://zakazminivena.ru/routes/moskva-nizhniy-novgorod","true","710","4","4","1","true","true","true","true","440","25500","c2c-cache-endpoints-reviewed",""
"/routes/nizhniy-novgorod-moskva","200","true","routes","Минивэн Нижний Новгород — Москва от 25 500 ₽, ≈ 440 км — цены 2026","Минивэн Нижний Новгород — Москва","Минивэн Нижний Новгород — Москва: от 25 500 ₽ за автомобиль, около 440 км. До 7 пассажиров. Цены 2026 года; багаж и итоговую стоимость подтвердим до заказа.","https://zakazminivena.ru/routes/nizhniy-novgorod-moskva","true","698","2","2","2","true","true","true","true","440","25500","c2c-cache-endpoints-reviewed",""
"/routes/moskva-voronezh","200","true","routes","Минивэн Москва — Воронеж от 30 500 ₽, ≈ 520 км — цены 2026","Минивэн Москва — Воронеж","Минивэн Москва — Воронеж: от 30 500 ₽ за автомобиль, около 520 км. До 7 пассажиров. Цены 2026 года; багаж и итоговую стоимость подтвердим до заказа.","https://zakazminivena.ru/routes/moskva-voronezh","true","688","3","3","2","true","true","true","true","520","30500","c2c-cache-endpoints-reviewed",""
"/routes/voronezh-moskva","200","true","routes","Минивэн Воронеж — Москва от 30 500 ₽, ≈ 520 км — цены 2026","Минивэн Воронеж — Москва","Минивэн Воронеж — Москва: от 30 500 ₽ за автомобиль, около 520 км. До 7 пассажиров. Цены 2026 года; багаж и итоговую стоимость подтвердим до заказа.","https://zakazminivena.ru/routes/voronezh-moskva","true","679","303","3","1","true","true","true","true","520","30500","c2c-cache-endpoints-reviewed",""
"/routes/moskva-kazan","200","true","routes","Минивэн Москва — Казань от 49 500 ₽, ≈ 840 км — цены 2026","Минивэн Москва — Казань","Минивэн Москва — Казань: от 49 500 ₽ за автомобиль, около 840 км. До 7 пассажиров. Цены 2026 года; багаж и итоговую стоимость подтвердим до заказа.","https://zakazminivena.ru/routes/moskva-kazan","true","698","3","3","2","true","true","true","true","840","49500","c2c-cache-endpoints-reviewed",""
"/routes/kazan-moskva","200","true","routes","Минивэн Казань — Москва от 49 500 ₽, ≈ 840 км — цены 2026","Минивэн Казань — Москва","Минивэн Казань — Москва: от 49 500 ₽ за автомобиль, около 840 км. До 7 пассажиров. Цены 2026 года; багаж и итоговую стоимость подтвердим до заказа.","https://zakazminivena.ru/routes/kazan-moskva","true","684","2","2","2","true","true","true","true","840","49500","c2c-cache-endpoints-reviewed",""
"/routes/moskva-yaroslavl","200","true","routes","Минивэн Москва — Ярославль от 16 500 ₽, ≈ 270 км — цены 2026","Минивэн Москва — Ярославль","Минивэн Москва — Ярославль: от 16 500 ₽ за автомобиль, около 270 км. До 7 пассажиров. Цены 2026 года; багаж и итоговую стоимость подтвердим до заказа.","https://zakazminivena.ru/routes/moskva-yaroslavl","true","691","3","3","1","true","true","true","true","270","16500","c2c-cache-endpoints-reviewed",""
"/routes/yaroslavl-moskva","200","true","routes","Минивэн Ярославль — Москва от 16 500 ₽, ≈ 270 км — цены 2026","Минивэн Ярославль — Москва","Минивэн Ярославль — Москва: от 16 500 ₽ за автомобиль, около 270 км. До 7 пассажиров. Цены 2026 года; багаж и итоговую стоимость подтвердим до заказа.","https://zakazminivena.ru/routes/yaroslavl-moskva","true","682","2","2","2","true","true","true","true","270","16500","c2c-cache-endpoints-reviewed",""
"/routes/moskva-suzdal","200","true","routes","Минивэн Москва — Суздаль от 14 500 ₽, ≈ 240 км — цены 2026","Минивэн Москва — Суздаль","Минивэн Москва — Суздаль: от 14 500 ₽ за автомобиль, около 240 км. До 7 пассажиров. Цены 2026 года; багаж и итоговую стоимость подтвердим до заказа.","https://zakazminivena.ru/routes/moskva-suzdal","true","693","3","3","1","true","true","true","true","240","14500","c2c-cache-endpoints-reviewed",""
"/routes/moskva-vladimir","200","true","routes","Минивэн Москва — Владимир от 13 500 ₽, ≈ 200 км — цены 2026","Минивэн Москва — Владимир","Минивэн Москва — Владимир: от 13 500 ₽ за автомобиль, около 200 км. До 7 пассажиров. Цены 2026 года; багаж и итоговую стоимость подтвердим до заказа.","https://zakazminivena.ru/routes/moskva-vladimir","true","697","2","2","2","true","true","true","true","200","13500","c2c-cache-endpoints-reviewed",""
"/routes/moskva-tver","200","true","routes","Минивэн Москва — Тверь от 13 000 ₽, ≈ 190 км — цены 2026","Минивэн Москва — Тверь","Минивэн Москва — Тверь: от 13 000 ₽ за автомобиль, около 190 км. До 7 пассажиров. Цены 2026 года; багаж и итоговую стоимость подтвердим до заказа.","https://zakazminivena.ru/routes/moskva-tver","true","697","2","2","2","true","true","true","true","190","13000","c2c-cache-endpoints-reviewed",""
"/routes/moskva-tula","200","true","routes","Минивэн Москва — Тула от 13 000 ₽, ≈ 190 км — цены 2026","Минивэн Москва — Тула","Минивэн Москва — Тула: от 13 000 ₽ за автомобиль, около 190 км. До 7 пассажиров. Цены 2026 года; багаж и итоговую стоимость подтвердим до заказа.","https://zakazminivena.ru/routes/moskva-tula","true","694","2","2","2","true","true","true","true","190","13000","c2c-cache-endpoints-reviewed",""
"/routes/moskva-ryazan","200","true","routes","Минивэн Москва — Рязань от 13 500 ₽, ≈ 200 км — цены 2026","Минивэн Москва — Рязань","Минивэн Москва — Рязань: от 13 500 ₽ за автомобиль, около 200 км. До 7 пассажиров. Цены 2026 года; багаж и итоговую стоимость подтвердим до заказа.","https://zakazminivena.ru/routes/moskva-ryazan","true","691","2","2","2","true","true","true","true","200","13500","c2c-cache-endpoints-reviewed",""
"/routes/moskva-kaluga","200","true","routes","Минивэн Москва — Калуга от 13 000 ₽, ≈ 190 км — цены 2026","Минивэн Москва — Калуга","Минивэн Москва — Калуга: от 13 000 ₽ за автомобиль, около 190 км. До 7 пассажиров. Цены 2026 года; багаж и итоговую стоимость подтвердим до заказа.","https://zakazminivena.ru/routes/moskva-kaluga","true","686","2","2","2","true","true","true","true","190","13000","c2c-cache-endpoints-reviewed",""
"/routes/moskva-kostroma","200","true","routes","Минивэн Москва — Кострома от 19 500 ₽, ≈ 340 км — цены 2026","Минивэн Москва — Кострома","Минивэн Москва — Кострома: от 19 500 ₽ за автомобиль, около 340 км. До 7 пассажиров. Цены 2026 года; багаж и итоговую стоимость подтвердим до заказа.","https://zakazminivena.ru/routes/moskva-kostroma","true","692","2","2","2","true","true","true","true","340","19500","c2c-cache-endpoints-reviewed",""
"/routes/spb-velikiy-novgorod","200","true","routes","Минивэн Санкт-Петербург — Великий Новгород от 13 500 ₽, ≈ 200 км — цены 2026","Минивэн Санкт-Петербург — Великий Новгород","Минивэн Санкт-Петербург — Великий Новгород: от 13 500 ₽ за автомобиль, около 200 км. До 7 пассажиров. Цены 2026 года; багаж и итоговую стоимость подтвердим до заказа.","https://zakazminivena.ru/routes/spb-velikiy-novgorod","true","703","2","2","2","true","true","true","true","200","13500","c2c-cache-endpoints-reviewed",""
"/routes/spb-pskov","200","true","routes","Минивэн Санкт-Петербург — Псков от 18 000 ₽, ≈ 300 км — цены 2026","Минивэн Санкт-Петербург — Псков","Минивэн Санкт-Петербург — Псков: от 18 000 ₽ за автомобиль, около 300 км. До 7 пассажиров. Цены 2026 года; багаж и итоговую стоимость подтвердим до заказа.","https://zakazminivena.ru/routes/spb-pskov","true","691","2","2","2","true","true","true","true","300","18000","c2c-cache-endpoints-reviewed",""
"/routes/spb-petrozavodsk","200","true","routes","Минивэн Санкт-Петербург — Петрозаводск от 25 000 ₽, ≈ 430 км — цены 2026","Минивэн Санкт-Петербург — Петрозаводск","Минивэн Санкт-Петербург — Петрозаводск: от 25 000 ₽ за автомобиль, около 430 км. До 7 пассажиров. Цены 2026 года; багаж и итоговую стоимость подтвердим до заказа.","https://zakazminivena.ru/routes/spb-petrozavodsk","true","697","2","2","2","true","true","true","true","430","25000","c2c-cache-endpoints-reviewed",""
"/routes/voronezh-lipetsk","200","true","routes","Минивэн Воронеж — Липецк от 9 500 ₽, ≈ 130 км — цены 2026","Минивэн Воронеж — Липецк","Минивэн Воронеж — Липецк: от 9 500 ₽ за автомобиль, около 130 км. До 7 пассажиров. Цены 2026 года; багаж и итоговую стоимость подтвердим до заказа.","https://zakazminivena.ru/routes/voronezh-lipetsk","true","660","2","2","2","true","true","true","true","130","9500","legacy-estimate-needs-road-check",""
"/routes/voronezh-belgorod","200","true","routes","Минивэн Воронеж — Белгород от 16 000 ₽, ≈ 260 км — цены 2026","Минивэн Воронеж — Белгород","Минивэн Воронеж — Белгород: от 16 000 ₽ за автомобиль, около 260 км. До 7 пассажиров. Цены 2026 года; багаж и итоговую стоимость подтвердим до заказа.","https://zakazminivena.ru/routes/voronezh-belgorod","true","611","2","2","2","true","false","true","true","260","16000","legacy-estimate-needs-road-check",""
"/routes/voronezh-kursk","200","true","routes","Минивэн Воронеж — Курск от 14 000 ₽, ≈ 230 км — цены 2026","Минивэн Воронеж — Курск","Минивэн Воронеж — Курск: от 14 000 ₽ за автомобиль, около 230 км. До 7 пассажиров. Цены 2026 года; багаж и итоговую стоимость подтвердим до заказа.","https://zakazminivena.ru/routes/voronezh-kursk","true","598","2","2","2","true","false","true","true","230","14000","legacy-estimate-needs-road-check",""
"/routes/voronezh-tambov","200","true","routes","Минивэн Воронеж — Тамбов от 13 500 ₽, ≈ 220 км — цены 2026","Минивэн Воронеж — Тамбов","Минивэн Воронеж — Тамбов: от 13 500 ₽ за автомобиль, около 220 км. До 7 пассажиров. Цены 2026 года; багаж и итоговую стоимость подтвердим до заказа.","https://zakazminivena.ru/routes/voronezh-tambov","true","656","2","2","2","true","true","true","true","220","13500","legacy-estimate-needs-road-check",""
"/routes/novosibirsk-barnaul","200","true","routes","Минивэн Новосибирск — Барнаул от 14 500 ₽, ≈ 240 км — цены 2026","Минивэн Новосибирск — Барнаул","Минивэн Новосибирск — Барнаул: от 14 500 ₽ за автомобиль, около 240 км. До 7 пассажиров. Цены 2026 года; багаж и итоговую стоимость подтвердим до заказа.","https://zakazminivena.ru/routes/novosibirsk-barnaul","true","690","2","2","2","true","true","true","true","240","14500","legacy-estimate-needs-road-check",""
"/routes/novosibirsk-tomsk","200","true","routes","Минивэн Новосибирск — Томск от 16 000 ₽, ≈ 260 км — цены 2026","Минивэн Новосибирск — Томск","Минивэн Новосибирск — Томск: от 16 000 ₽ за автомобиль, около 260 км. До 7 пассажиров. Цены 2026 года; багаж и итоговую стоимость подтвердим до заказа.","https://zakazminivena.ru/routes/novosibirsk-tomsk","true","676","2","2","2","true","true","true","true","260","16000","legacy-estimate-needs-road-check",""
"/routes/novosibirsk-kemerovo","200","true","routes","Минивэн Новосибирск — Кемерово от 16 000 ₽, ≈ 260 км — цены 2026","Минивэн Новосибирск — Кемерово","Минивэн Новосибирск — Кемерово: от 16 000 ₽ за автомобиль, около 260 км. До 7 пассажиров. Цены 2026 года; багаж и итоговую стоимость подтвердим до заказа.","https://zakazminivena.ru/routes/novosibirsk-kemerovo","true","668","2","2","2","true","true","true","true","260","16000","legacy-estimate-needs-road-check",""
"/routes/novosibirsk-omsk","200","true","routes","Минивэн Новосибирск — Омск от 38 000 ₽, ≈ 650 км — цены 2026","Минивэн Новосибирск — Омск","Минивэн Новосибирск — Омск: от 38 000 ₽ за автомобиль, около 650 км. До 7 пассажиров. Цены 2026 года; багаж и итоговую стоимость подтвердим до заказа.","https://zakazminivena.ru/routes/novosibirsk-omsk","true","696","2","2","2","true","true","true","true","650","38000","c2c-cache-endpoints-reviewed",""
"/routes/volgograd-rostov","200","true","routes","Минивэн Волгоград — Ростов-на-Дону от 28 000 ₽, ≈ 480 км — цены 2026","Минивэн Волгоград — Ростов-на-Дону","Минивэн Волгоград — Ростов-на-Дону: от 28 000 ₽ за автомобиль, около 480 км. До 7 пассажиров. Цены 2026 года; багаж и итоговую стоимость подтвердим до заказа.","https://zakazminivena.ru/routes/volgograd-rostov","true","667","3","3","2","true","true","true","true","480","28000","c2c-cache-endpoints-reviewed",""
"/routes/volgograd-saratov","200","true","routes","Минивэн Волгоград — Саратов от 22 000 ₽, ≈ 380 км — цены 2026","Минивэн Волгоград — Саратов","Минивэн Волгоград — Саратов: от 22 000 ₽ за автомобиль, около 380 км. До 7 пассажиров. Цены 2026 года; багаж и итоговую стоимость подтвердим до заказа.","https://zakazminivena.ru/routes/volgograd-saratov","true","667","2","2","2","true","true","true","true","380","22000","c2c-cache-endpoints-reviewed",""
"/routes/volgograd-astrakhan","200","true","routes","Минивэн Волгоград — Астрахань от 25 500 ₽, ≈ 440 км — цены 2026","Минивэн Волгоград — Астрахань","Минивэн Волгоград — Астрахань: от 25 500 ₽ за автомобиль, около 440 км. До 7 пассажиров. Цены 2026 года; багаж и итоговую стоимость подтвердим до заказа.","https://zakazminivena.ru/routes/volgograd-astrakhan","true","671","2","2","2","true","true","true","true","440","25500","c2c-cache-endpoints-reviewed",""
"/routes/volgograd-elista","200","true","routes","Минивэн Волгоград — Элиста от 18 000 ₽, ≈ 300 км — цены 2026","Минивэн Волгоград — Элиста","Минивэн Волгоград — Элиста: от 18 000 ₽ за автомобиль, около 300 км. До 7 пассажиров. Цены 2026 года; багаж и итоговую стоимость подтвердим до заказа.","https://zakazminivena.ru/routes/volgograd-elista","true","682","2","2","2","true","true","true","true","300","18000","c2c-cache-endpoints-reviewed",""
"/cities/moskva","200","true","cities","Минивэн с водителем в Москве — аэропорт и межгород","Минивэн с водителем в Москве","Минивэн в Москве: по маршрутам каталога от 3 000 ₽ за автомобиль. До 7 пассажиров. Цены 2026; адреса, багаж и подачу подтвердим до заказа.","https://zakazminivena.ru/cities/moskva","true","926","310","10","1","true","true","true","true","","","",""
"/cities/spb","200","true","cities","Минивэн с водителем в Санкт-Петербурге — аэропорт и межгород","Минивэн с водителем в Санкт-Петербурге","Минивэн в Санкт-Петербурге: по маршрутам каталога от 3 000 ₽ за автомобиль. До 7 пассажиров. Цены 2026; адреса, багаж и подачу подтвердим до заказа.","https://zakazminivena.ru/cities/spb","true","829","310","10","1","true","true","true","true","","","",""
"/cities/ekaterinburg","200","true","cities","Минивэн с водителем в Екатеринбурге — аэропорт и межгород","Минивэн с водителем в Екатеринбурге","Минивэн в Екатеринбурге: по маршрутам каталога от 3 000 ₽ за автомобиль. До 7 пассажиров. Цены 2026; адреса, багаж и подачу подтвердим до заказа.","https://zakazminivena.ru/cities/ekaterinburg","true","826","314","14","1","true","true","true","true","","","",""
"/cities/kazan","200","true","cities","Минивэн с водителем в Казани — аэропорт и межгород","Минивэн с водителем в Казани","Минивэн в Казани: по маршрутам каталога от 21 000 ₽ за автомобиль. До 7 пассажиров. Цены 2026; адреса, багаж и подачу подтвердим до заказа.","https://zakazminivena.ru/cities/kazan","true","827","310","10","1","true","true","true","true","","","",""
"/cities/krasnodar","200","true","cities","Минивэн с водителем в Краснодаре — аэропорт и межгород","Минивэн с водителем в Краснодаре","Минивэн в Краснодаре: по маршрутам каталога от 3 000 ₽ за автомобиль. До 7 пассажиров. Цены 2026; адреса, багаж и подачу подтвердим до заказа.","https://zakazminivena.ru/cities/krasnodar","true","839","314","14","1","true","true","true","true","","","",""
"/cities/sochi","200","true","cities","Минивэн с водителем в Сочи — аэропорт и межгород","Минивэн с водителем в Сочи","Минивэн в Сочи: по маршрутам каталога от 3 000 ₽ за автомобиль. До 7 пассажиров. Цены 2026; адреса, багаж и подачу подтвердим до заказа.","https://zakazminivena.ru/cities/sochi","true","818","314","14","1","true","true","true","true","","","",""
"/cities/samara","200","true","cities","Минивэн с водителем в Самаре — аэропорт и межгород","Минивэн с водителем в Самаре","Минивэн в Самаре: по маршрутам каталога от 4 000 ₽ за автомобиль. До 7 пассажиров. Цены 2026; адреса, багаж и подачу подтвердим до заказа.","https://zakazminivena.ru/cities/samara","true","795","10","10","2","true","true","true","true","","","",""
"/cities/nizhniy-novgorod","200","true","cities","Минивэн с водителем в Нижнем Новгороде — аэропорт и межгород","Минивэн с водителем в Нижнем Новгороде","Минивэн в Нижнем Новгороде: по маршрутам каталога от 23 000 ₽ за автомобиль. До 7 пассажиров. Цены 2026; адреса, багаж и подачу подтвердим до заказа.","https://zakazminivena.ru/cities/nizhniy-novgorod","true","799","5","5","2","true","true","true","true","","","",""
"/cities/novosibirsk","200","true","cities","Минивэн с водителем в Новосибирске — аэропорт и межгород","Минивэн с водителем в Новосибирске","Минивэн в Новосибирске: по маршрутам каталога от 3 000 ₽ за автомобиль. До 7 пассажиров. Цены 2026; адреса, багаж и подачу подтвердим до заказа.","https://zakazminivena.ru/cities/novosibirsk","true","819","1","1","3","true","true","true","true","","","",""
"/cities/voronezh","200","true","cities","Минивэн с водителем в Воронеже — аэропорт и межгород","Минивэн с водителем в Воронеже","Минивэн в Воронеже: по маршрутам каталога от 9 500 ₽ за автомобиль. До 7 пассажиров. Цены 2026; адреса, багаж и подачу подтвердим до заказа.","https://zakazminivena.ru/cities/voronezh","true","811","1","1","3","true","true","true","true","","","",""
"/cities/rostov","200","true","cities","Минивэн с водителем в Ростове-на-Дону — аэропорт и межгород","Минивэн с водителем в Ростове-на-Дону","Минивэн в Ростове-на-Дону: по маршрутам каталога от 4 000 ₽ за автомобиль. До 7 пассажиров. Цены 2026; адреса, багаж и подачу подтвердим до заказа.","https://zakazminivena.ru/cities/rostov","true","820","4","4","2","true","true","true","true","","","",""
"/cities/tyumen","200","true","cities","Минивэн с водителем в Тюмени — аэропорт и межгород","Минивэн с водителем в Тюмени","Минивэн в Тюмени: по маршрутам каталога от 19 000 ₽ за автомобиль. До 7 пассажиров. Цены 2026; адреса, багаж и подачу подтвердим до заказа.","https://zakazminivena.ru/cities/tyumen","true","779","4","4","2","true","true","true","true","","","",""
"/cities/chelyabinsk","200","true","cities","Минивэн с водителем в Челябинске — аэропорт и межгород","Минивэн с водителем в Челябинске","Минивэн в Челябинске: по маршрутам каталога от 13 500 ₽ за автомобиль. До 7 пассажиров. Цены 2026; адреса, багаж и подачу подтвердим до заказа.","https://zakazminivena.ru/cities/chelyabinsk","true","782","4","4","2","true","true","true","true","","","",""
"/cities/volgograd","200","true","cities","Минивэн с водителем в Волгограде — аэропорт и межгород","Минивэн с водителем в Волгограде","Минивэн в Волгограде: по маршрутам каталога от 18 000 ₽ за автомобиль. До 7 пассажиров. Цены 2026; адреса, багаж и подачу подтвердим до заказа.","https://zakazminivena.ru/cities/volgograd","true","795","1","1","3","true","true","true","true","","","",""
"/cities/perm","200","true","cities","Минивэн с водителем в Перми — аэропорт и межгород","Минивэн с водителем в Перми","Минивэн в Перми: До 7 пассажиров. Цены 2026; адреса, багаж и подачу подтвердим до заказа.","https://zakazminivena.ru/cities/perm","true","760","4","4","2","true","true","false","true","","","",""
"/cities/simferopol","200","true","cities","Минивэн с водителем в Симферополе — аэропорт и межгород","Минивэн с водителем в Симферополе","Минивэн в Симферополе: по маршрутам каталога от 3 000 ₽ за автомобиль. До 7 пассажиров. Цены 2026; адреса, багаж и подачу подтвердим до заказа.","https://zakazminivena.ru/cities/simferopol","true","828","4","4","2","true","true","true","true","","","",""
"/cities/yaroslavl","200","true","cities","Минивэн с водителем в Ярославле — аэропорт и межгород","Минивэн с водителем в Ярославле","Минивэн в Ярославле: по маршрутам каталога от 16 500 ₽ за автомобиль. До 7 пассажиров. Цены 2026; адреса, багаж и подачу подтвердим до заказа.","https://zakazminivena.ru/cities/yaroslavl","true","766","1","1","3","true","true","true","true","","","",""
"/cities/mineralnye-vody","200","true","cities","Минивэн с водителем в Минеральных Водах — аэропорт и межгород","Минивэн с водителем в Минеральных Водах","Минивэн в Минеральных Водах: по маршрутам каталога от 3 000 ₽ за автомобиль. До 7 пассажиров. Цены 2026; адреса, багаж и подачу подтвердим до заказа.","https://zakazminivena.ru/cities/mineralnye-vody","true","848","1","1","3","true","true","true","true","","","",""
"/airports/kurumoch","200","true","airport","Минивэн Аэропорт Курумоч — Самара от 4 000 ₽, ≈ 40 км — цены 2026","Трансфер минивэн — аэропорт Курумоч","Минивэн Аэропорт Курумоч — Самара: от 4 000 ₽ за автомобиль, около 40 км. До 7 пассажиров. Цены 2026 года; багаж и итоговую стоимость подтвердим до заказа.","https://zakazminivena.ru/airports/kurumoch","true","397","2","2","3","true","false","true","true","40","4000","legacy-estimate-needs-road-check",""
"/airports/platov","200","true","airport","Минивэн Аэропорт Платов — Ростов-на-Дону от 4 000 ₽, ≈ 40 км — цены 2026","Трансфер минивэн — аэропорт Платов","Минивэн Аэропорт Платов — Ростов-на-Дону: от 4 000 ₽ за автомобиль, около 40 км. До 7 пассажиров. Цены 2026 года; багаж и итоговую стоимость подтвердим до заказа.","https://zakazminivena.ru/airports/platov","true","410","2","2","3","true","false","true","true","40","4000","legacy-estimate-needs-road-check",""
"/compare/miniven-vs-poezd","200","true","compare","Минивэн vs Поезд — что выбрать для поездки с семьёй | ЗаказМинивэна.ru","Минивэн vs Поезд: подробное сравнение для семей и групп","Сравнение минивэна и поезда для междугородних поездок. Что удобнее для семьи с детьми, групп и путешествий с багажом? Комфорт, время, стоимость — честное сравнение.","https://zakazminivena.ru/compare/miniven-vs-poezd","true","534","1","1","","false","false","false","false","","","",""
"/compare/miniven-vs-avtobus","200","true","compare","Минивэн vs Автобус — сравнение для междугородних поездок | ЗаказМинивэна.ru","Минивэн vs Автобус: что лучше для группы или семьи","Что выбрать для междугородней поездки: минивэн или рейсовый автобус? Сравниваем комфорт, скорость, безопасность, стоимость для групп и семей с детьми.","https://zakazminivena.ru/compare/miniven-vs-avtobus","true","483","1","1","","false","false","false","false","","","",""
"/compare/miniven-vs-blablacar","200","true","compare","Минивэн vs BlaBlaCar — безопасность, комфорт, надёжность | ЗаказМинивэна.ru","Минивэн vs BlaBlaCar: что безопаснее и надёжнее","Сравнение минивэна с водителем и попутки BlaBlaCar. Безопасность, надёжность, комфорт для семей с детьми, страховка, профессиональный водитель — честное сравнение.","https://zakazminivena.ru/compare/miniven-vs-blablacar","true","473","1","1","","false","false","false","false","","","",""
"/b2b/corporate-transport","200","true","b2b","Корпоративный транспорт на минивэне | ЗаказМинивэна.ru","Корпоративный транспорт на минивэне","Корпоративные перевозки сотрудников на комфортном минивэне 7 мест. Договор, закрывающие документы, фиксированная цена. Заказать корпоративный трансфер.","https://zakazminivena.ru/b2b/corporate-transport","true","547","3","3","3","false","false","false","false","","","",""
"/b2b/airport-vip","200","true","b2b","VIP-трансфер в аэропорт для бизнеса | ЗаказМинивэна.ru","VIP-трансфер в аэропорт для бизнеса","VIP-трансфер в аэропорт на минивэне для деловых гостей и делегаций. Встреча с табличкой, отслеживание рейсов, бизнес-класс минивэн.","https://zakazminivena.ru/b2b/airport-vip","true","571","2","2","3","false","false","false","false","","","",""
"/b2b/events","200","true","b2b","Трансфер на корпоративные мероприятия | ЗаказМинивэна.ru","Трансфер на корпоративные мероприятия","Трансфер гостей и сотрудников на корпоративные мероприятия, тимбилдинги, конференции. Несколько минивэнов, маршрут по точкам, развозка.","https://zakazminivena.ru/b2b/events","true","544","2","2","3","false","false","false","false","","","",""
"/b2b/shift-workers","200","true","b2b","Вахтовые перевозки персонала на минивэне | ЗаказМинивэна.ru","Вахтовые перевозки персонала","Вахтовые перевозки рабочих бригад на минивэне. Регулярные рейсы, ранняя подача, 7 мест + багаж. Надёжно в любую погоду.","https://zakazminivena.ru/b2b/shift-workers","true","555","2","2","3","false","false","false","false","","","",""
"/b2b/medical","200","true","b2b","Медицинский трансфер на минивэне | ЗаказМинивэна.ru","Медицинский трансфер на минивэне","Медицинский трансфер на минивэне: плановая госпитализация, реабилитация, перевозка пациентов между клиниками. Комфорт и конфиденциальность.","https://zakazminivena.ru/b2b/medical","true","528","2","2","3","false","false","false","false","","","",""
"/b2b/cargo","200","true","b2b","Срочная доставка грузов до 500 кг | ЗаказМинивэна.ru","Срочная доставка грузов до 500 кг","Срочная межгородская доставка грузов до 500 кг на минивэне. Подача за 1 час, доставка 2-8 часов, GPS-трекинг, страхование груза.","https://zakazminivena.ru/b2b/cargo","true","559","3","3","3","false","false","false","false","","","",""
"/b2b/cases/technoservice","200","true","b2b","Корпоративный трансфер для IT-компании — кейс ООО «ТехноСервис» | ЗаказМинивэна.ru","Корпоративный трансфер для IT-компании","Компании необходимо было организовать регулярные перевозки команды разработчиков из московского офиса в технопарк в Подмосковье. Два-три такси ежеднев...","https://zakazminivena.ru/b2b/cases/technoservice","true","294","10","10","3","false","false","false","false","","","",""
"/b2b/cases/stroymaster","200","true","b2b","Вахтовые перевозки строительной бригады — кейс ООО «СтройМастер» | ЗаказМинивэна.ru","Вахтовые перевозки строительной бригады","Строительная компания вела проект в Челябинске, а бригада из 7 специалистов базировалась в Екатеринбурге. Требовались регулярные перевозки бригады с р...","https://zakazminivena.ru/b2b/cases/stroymaster","true","296","10","10","3","false","false","false","false","","","",""
"/b2b/cases/farmalogistic","200","true","b2b","Медицинский трансфер для фармацевтической конференции — кейс ООО «ФармаЛогистик» | ЗаказМинивэна.ru","Медицинский трансфер для фармацевтической конференции","Фармацевтическая компания организовывала конференцию врачей в Сочи. Необходимо было доставить 14 участников из аэропорта Краснодара до отеля в Сочи, а...","https://zakazminivena.ru/b2b/cases/farmalogistic","true","284","10","10","3","false","false","false","false","","","",""
"/b2b/cases/happy-day","200","true","b2b","Трансфер гостей на свадьбу тремя минивэнами — кейс Агентство «Счастливый день» | ЗаказМинивэна.ru","Трансфер гостей на свадьбу тремя минивэнами","Свадебное агентство организовывало торжество за городом для 20 гостей. Нужно было забрать людей из 5 разных точек Ростова-на-Дону, привезти на загород...","https://zakazminivena.ru/b2b/cases/happy-day","true","290","6","6","3","false","false","false","false","","","",""
"/b2b/cases/globaltrade","200","true","b2b","VIP-трансфер иностранной делегации из Домодедово — кейс ООО «ГлобалТрейд» | ЗаказМинивэна.ru","VIP-трансфер иностранной делегации из Домодедово","Компания принимала делегацию из 5 немецких партнёров, прилетавших в Домодедово. Необходим был VIP-трансфер с встречей, помощью с багажом и доставкой в...","https://zakazminivena.ru/b2b/cases/globaltrade","true","297","2","2","4","false","false","false","false","","","",""
"/b2b/cases/autopremium","200","true","b2b","Доставка клиентов в автосалон из регионов — кейс ООО «АвтоПремиум» | ЗаказМинивэна.ru","Доставка клиентов в автосалон из регионов","Автодилер премиальных марок в Москве привлекал покупателей из соседних городов. Клиенты хотели приехать, осмотреть автомобиль и при покупке — уехать н...","https://zakazminivena.ru/b2b/cases/autopremium","true","288","2","2","4","false","false","false","false","","","",""
"/b2b/cases/agroyug","200","true","b2b","Доставка агрономов и оборудования на поля — кейс АО «АгроЮг» | ЗаказМинивэна.ru","Доставка агрономов и оборудования на поля","Агрохолдинг в Краснодарском крае нуждался в регулярной доставке агрономов и лабораторного оборудования из Краснодара на сельскохозяйственные угодья в ...","https://zakazminivena.ru/b2b/cases/agroyug","true","297","2","2","4","false","false","false","false","","","",""
"/b2b/cases/skladlogistic","200","true","b2b","Срочная доставка между складами e-commerce — кейс ООО «СкладЛогистик» | ЗаказМинивэна.ru","Срочная доставка между складами e-commerce","Компания управляла складами в Москве и Санкт-Петербурге. При дефиците товара на одном складе нужна была срочная доставка партий до 300 кг между города...","https://zakazminivena.ru/b2b/cases/skladlogistic","true","304","2","2","4","false","false","false","false","","","",""
"/airport/svo","200","true","airport","Минивэн в аэропорт Шереметьево (SVO) — от 3 000 ₽ | ЗаказМинивэна.ru","Минивэн в аэропорт Шереметьево (SVO)","Минивэн: Шереметьево (SVO), Москва. От 3 000 ₽ за автомобиль, до 7 пассажиров. Цены 2026 года. Адреса, багаж и условия встречи согласуем до заказа.","https://zakazminivena.ru/airport/svo","true","1748","9","3","2","true","true","true","true","","","",""
"/airport/vko","200","true","airport","Минивэн в аэропорт Внуково (VKO) — от 3 000 ₽ | ЗаказМинивэна.ru","Минивэн в аэропорт Внуково (VKO)","Минивэн: Внуково (VKO), Москва. От 3 000 ₽ за автомобиль, до 7 пассажиров. Цены 2026 года. Адреса, багаж и условия встречи согласуем до заказа.","https://zakazminivena.ru/airport/vko","true","1281","9","3","2","true","true","true","true","","","",""
"/airport/dme","200","true","airport","Минивэн в аэропорт Домодедово (DME) — от 3 000 ₽ | ЗаказМинивэна.ru","Минивэн в аэропорт Домодедово (DME)","Минивэн: Домодедово (DME), Москва. От 3 000 ₽ за автомобиль, до 7 пассажиров. Цены 2026 года. Адреса, багаж и условия встречи согласуем до заказа.","https://zakazminivena.ru/airport/dme","true","1285","9","3","2","true","true","true","true","","","",""
"/airport/zia","200","true","airport","Минивэн в аэропорт Жуковский (ZIA) — от 3 000 ₽ | ЗаказМинивэна.ru","Минивэн в аэропорт Жуковский (ZIA)","Минивэн: Жуковский (ZIA), Москва. От 3 000 ₽ за автомобиль, до 7 пассажиров. Цены 2026 года. Адреса, багаж и условия встречи согласуем до заказа.","https://zakazminivena.ru/airport/zia","true","1263","5","1","4","true","true","true","true","","","",""
"/airport/led","200","true","airport","Минивэн в аэропорт Пулково (LED) — от 3 000 ₽ | ЗаказМинивэна.ru","Минивэн в аэропорт Пулково (LED)","Минивэн: Пулково (LED), Санкт-Петербург. От 3 000 ₽ за автомобиль, до 7 пассажиров. Цены 2026 года. Адреса, багаж и условия встречи согласуем до заказа.","https://zakazminivena.ru/airport/led","true","1291","9","3","2","true","true","true","true","","","",""
"/airport/aer","200","true","airport","Минивэн в аэропорт Сочи (Адлер) (AER) — от 3 000 ₽ | ЗаказМинивэна.ru","Минивэн в аэропорт Сочи (Адлер) (AER)","Минивэн: Сочи (Адлер, AER), Сочи. От 3 000 ₽ за автомобиль, до 7 пассажиров. Цены 2026 года. Адреса, багаж и условия встречи согласуем до заказа.","https://zakazminivena.ru/airport/aer","true","1336","11","5","2","true","true","true","true","","","",""
"/airport/mrv","200","true","airport","Минивэн в аэропорт Минеральные Воды (MRV) — от 3 000 ₽","Минивэн в аэропорт Минеральные Воды (MRV)","Минивэн: Минеральные Воды (MRV), Минеральные Воды. От 3 000 ₽ за автомобиль, до 7 пассажиров. Цены 2026 года. Адреса, багаж и условия встречи согласуем до заказа.","https://zakazminivena.ru/airport/mrv","true","1275","7","3","4","true","true","true","true","","","",""
"/airport/aaq","200","true","airport","Минивэн в аэропорт Анапа (AAQ) — от 3 000 ₽ | ЗаказМинивэна.ru","Минивэн в Анапа (AAQ) — встретим с табличкой, ждём при задержке рейса","Минивэн: Анапа (AAQ), Анапа. От 3 000 ₽ за автомобиль, до 7 пассажиров. Цены 2026 года. Адреса, багаж и условия встречи согласуем до заказа.","https://zakazminivena.ru/airport/aaq","true","1297","6","3","3","true","false","true","true","","","",""
"/airport/krr","200","true","airport","Минивэн в аэропорт Краснодар (KRR) — от 3 000 ₽ | ЗаказМинивэна.ru","Минивэн в Краснодар (KRR) — встретим с табличкой, ждём при задержке рейса","Минивэн: Краснодар (Пашковский, KRR), Краснодар. От 3 000 ₽ за автомобиль, до 7 пассажиров. Цены 2026 года. Адреса, багаж и условия встречи согласуем до заказа.","https://zakazminivena.ru/airport/krr","true","1314","8","5","2","true","false","true","true","","","",""
"/airport/sip","200","true","airport","Минивэны Симферополь (SIP) — заказать в аэропорт от 4 500 ₽","Минивэн в Симферополь (SIP) — встретим с табличкой, ждём при задержке рейса","Минивэн: Симферополь (SIP), Симферополь. От 4 500 ₽ за автомобиль, до 7 пассажиров. Цены 2026 года. Адреса, багаж и условия встречи согласуем до заказа.","https://zakazminivena.ru/airport/sip","true","1340","9","3","3","true","false","true","true","","","",""
"/airport/kgd","200","true","airport","Минивэн в аэропорт Калининград (KGD) — от 3 000 ₽ | ЗаказМинивэна.ru","Минивэн в аэропорт Калининград (KGD)","Минивэн: Калининград (Храброво, KGD), Калининград. От 3 000 ₽ за автомобиль, до 7 пассажиров. Цены 2026 года. Адреса, багаж и условия встречи согласуем до заказа.","https://zakazminivena.ru/airport/kgd","true","1265","5","1","4","true","true","true","true","","","",""
"/airport/kzn","200","true","airport","Минивэн Казань (KZN) — заказать в аэропорт от 3 000 ₽","Минивэн в аэропорт Казань (KZN)","Минивэн: Казань (KZN), Казань. От 3 000 ₽ за автомобиль, до 7 пассажиров. Цены 2026 года. Адреса, багаж и условия встречи согласуем до заказа.","https://zakazminivena.ru/airport/kzn","true","1275","5","1","4","true","true","true","true","","","",""
"/airport/svx","200","true","airport","Минивэн в аэропорт Екатеринбург (Кольцово) (SVX) — от 3 000 ₽","Минивэн в аэропорт Екатеринбург (Кольцово) (SVX)","Минивэн: Кольцово (SVX), Екатеринбург. От 3 000 ₽ за автомобиль, до 7 пассажиров. Цены 2026 года. Адреса, багаж и условия встречи согласуем до заказа.","https://zakazminivena.ru/airport/svx","true","1286","7","3","2","true","true","true","true","","","",""
"/airport/ovb","200","true","airport","Минивэн в аэропорт Новосибирск (Толмачёво) (OVB) — от 3 000 ₽","Минивэн в аэропорт Новосибирск (Толмачёво) (OVB)","Минивэн: Толмачёво (OVB), Новосибирск. От 3 000 ₽ за автомобиль, до 7 пассажиров. Цены 2026 года. Адреса, багаж и условия встречи согласуем до заказа.","https://zakazminivena.ru/airport/ovb","true","1293","7","3","4","true","true","true","true","","","",""
"/airport/ikt","200","true","airport","Минивэны Иркутск (IKT) — заказать в аэропорту от 3 000 ₽","Минивэн в аэропорт Иркутск (IKT)","Минивэн: Иркутск (IKT), Иркутск. От 3 000 ₽ за автомобиль, до 7 пассажиров. Цены 2026 года. Адреса, багаж и условия встречи согласуем до заказа.","https://zakazminivena.ru/airport/ikt","true","1269","5","1","4","true","true","true","true","","","",""
"/airport/mmk","200","true","airport","Минивэн в аэропорт Мурманск (MMK) — от 3 000 ₽ | ЗаказМинивэна.ru","Минивэн в аэропорт Мурманск (MMK)","Минивэн: Мурманск (MMK), Мурманск. От 3 000 ₽ за автомобиль, до 7 пассажиров. Цены 2026 года. Адреса, багаж и условия встречи согласуем до заказа.","https://zakazminivena.ru/airport/mmk","true","1249","5","1","4","true","true","true","true","","","",""
"/airport/svo/moscow-center","200","true","airport","Минивэн Аэропорт Шереметьево — центр Москвы от 4 000 ₽, ≈ 40 км — цены 2026","Минивэн Шереметьево → центр Москвы","Минивэн Аэропорт Шереметьево — центр Москвы: от 4 000 ₽ за автомобиль, около 40 км. До 7 пассажиров. Цены 2026 года; багаж и итоговую стоимость подтвердим до заказа.","https://zakazminivena.ru/airport/svo/moscow-center","true","1461","13","13","3","true","true","true","true","40","4000","legacy-estimate-needs-road-check",""
"/airport/svo/moscow-city","200","true","airport","Минивэн Аэропорт Шереметьево — Москва-Сити от 4 000 ₽, ≈ 40 км — цены 2026","Минивэн Шереметьево → Москва-Сити","Минивэн Аэропорт Шереметьево — Москва-Сити: от 4 000 ₽ за автомобиль, около 40 км. До 7 пассажиров. Цены 2026 года; багаж и итоговую стоимость подтвердим до заказа.","https://zakazminivena.ru/airport/svo/moscow-city","true","1454","7","7","3","true","true","true","true","40","4000","legacy-estimate-needs-road-check",""
"/airport/svo/vdnh","200","true","airport","Минивэн Аэропорт Шереметьево — ВДНХ от 3 000 ₽, ≈ 20 км — цены 2026","Минивэн Шереметьево → ВДНХ","Минивэн Аэропорт Шереметьево — ВДНХ: от 3 000 ₽ за автомобиль, около 20 км. До 7 пассажиров. Цены 2026 года; багаж и итоговую стоимость подтвердим до заказа.","https://zakazminivena.ru/airport/svo/vdnh","true","1430","6","6","3","true","true","true","true","20","3000","legacy-estimate-needs-road-check",""
"/airport/svo/podolsk","200","true","airport","Минивэн Аэропорт Шереметьево — Подольск от 6 500 ₽, ≈ 70 км — цены 2026","Минивэн Шереметьево → Подольск","Минивэн Аэропорт Шереметьево — Подольск: от 6 500 ₽ за автомобиль, около 70 км. До 7 пассажиров. Цены 2026 года; багаж и итоговую стоимость подтвердим до заказа.","https://zakazminivena.ru/airport/svo/podolsk","true","1430","6","6","3","true","true","true","true","70","6500","legacy-estimate-needs-road-check",""
"/airport/svo/zelenograd","200","true","airport","Минивэн Аэропорт Шереметьево — Зеленоград от 3 000 ₽, ≈ 30 км — цены 2026","Минивэн Шереметьево → Зеленоград","Минивэн Аэропорт Шереметьево — Зеленоград: от 3 000 ₽ за автомобиль, около 30 км. До 7 пассажиров. Цены 2026 года; багаж и итоговую стоимость подтвердим до заказа.","https://zakazminivena.ru/airport/svo/zelenograd","true","1425","6","6","3","true","true","true","true","30","3000","legacy-estimate-needs-road-check",""
"/airport/svo/tver","200","true","airport","Минивэн Аэропорт Шереметьево — Тверь от 11 500 ₽, ≈ 170 км — цены 2026","Минивэн Шереметьево → Тверь","Минивэн Аэропорт Шереметьево — Тверь: от 11 500 ₽ за автомобиль, около 170 км. До 7 пассажиров. Цены 2026 года; багаж и итоговую стоимость подтвердим до заказа.","https://zakazminivena.ru/airport/svo/tver","true","1455","6","6","3","true","true","true","true","170","11500","legacy-estimate-needs-road-check",""
"/airport/led/spb-center","200","true","airport","Минивэн Аэропорт Пулково — центр СПб от 3 000 ₽, ≈ 20 км — цены 2026","Минивэн Пулково → центр СПб","Минивэн Аэропорт Пулково — центр СПб: от 3 000 ₽ за автомобиль, около 20 км. До 7 пассажиров. Цены 2026 года; багаж и итоговую стоимость подтвердим до заказа.","https://zakazminivena.ru/airport/led/spb-center","true","1436","9","9","3","true","true","true","true","20","3000","legacy-estimate-needs-road-check",""
"/airport/led/sortavala","200","true","airport","Минивэн Аэропорт Пулково — Сортавала от 18 500 ₽, ≈ 320 км — цены 2026","Минивэн Пулково → Сортавала","Минивэн Аэропорт Пулково — Сортавала: от 18 500 ₽ за автомобиль, около 320 км. До 7 пассажиров. Цены 2026 года; багаж и итоговую стоимость подтвердим до заказа.","https://zakazminivena.ru/airport/led/sortavala","true","1452","11","11","3","true","true","true","true","320","18500","legacy-estimate-needs-road-check",""
"/airport/led/petrozavodsk","200","true","airport","Минивэн Аэропорт Пулково — Петрозаводск от 25 500 ₽, ≈ 440 км — цены 2026","Минивэн Пулково → Петрозаводск","Минивэн Аэропорт Пулково — Петрозаводск: от 25 500 ₽ за автомобиль, около 440 км. До 7 пассажиров. Цены 2026 года; багаж и итоговую стоимость подтвердим до заказа.","https://zakazminivena.ru/airport/led/petrozavodsk","true","1454","8","8","3","true","true","true","true","440","25500","legacy-estimate-needs-road-check",""
"/airport/led/vyborg","200","true","airport","Минивэн Аэропорт Пулково — Выборг от 11 000 ₽, ≈ 150 км — цены 2026","Минивэн Пулково → Выборг","Минивэн Аэропорт Пулково — Выборг: от 11 000 ₽ за автомобиль, около 150 км. До 7 пассажиров. Цены 2026 года; багаж и итоговую стоимость подтвердим до заказа.","https://zakazminivena.ru/airport/led/vyborg","true","1452","6","6","3","true","true","true","true","150","11000","legacy-estimate-needs-road-check",""
"/airport/led/priozersk","200","true","airport","Минивэн Аэропорт Пулково — Приозерск от 11 500 ₽, ≈ 170 км — цены 2026","Минивэн Пулково → Приозерск","Минивэн Аэропорт Пулково — Приозерск: от 11 500 ₽ за автомобиль, около 170 км. До 7 пассажиров. Цены 2026 года; багаж и итоговую стоимость подтвердим до заказа.","https://zakazminivena.ru/airport/led/priozersk","true","1455","6","6","3","true","true","true","true","170","11500","legacy-estimate-needs-road-check",""
"/airport/led/finlandia-border","200","true","airport","Минивэн Аэропорт Пулково — финская граница (Торфяновка/Брусничное) от 12 000 ₽, ≈ 200 км","Минивэн в Пулково (LED) → финская граница (Торфяновка/Брусничное) — встретим с табличкой, ждём при задержке рейса","Минивэн Аэропорт Пулково — финская граница (Торфяновка/Брусничное): от 12 000 ₽ за автомобиль, около 200 км. До 7 пассажиров. Цены 2026 года; багаж и итоговую стоимость подтвердим до заказа.","https://zakazminivena.ru/airport/led/finlandia-border","true","1548","6","6","3","true","false","true","true","200","12000","legacy-estimate-needs-road-check",""
"/airport/aer/sochi-center","200","true","airport","Минивэн Аэропорт Сочи (Адлер) — центр Сочи от 3 000 ₽, ≈ 30 км — цены 2026","Минивэн Сочи (Адлер) → центр Сочи","Минивэн Аэропорт Сочи (Адлер) — центр Сочи: от 3 000 ₽ за автомобиль, около 30 км. До 7 пассажиров. Цены 2026 года; багаж и итоговую стоимость подтвердим до заказа.","https://zakazminivena.ru/airport/aer/sochi-center","true","1461","7","7","3","true","true","true","true","30","3000","legacy-estimate-needs-road-check",""
"/airport/aer/krasnaya-polyana","200","true","airport","Минивэн Аэропорт Сочи (Адлер) — Красная Поляна от 4 500 ₽, ≈ 50 км","Минивэн Сочи (Адлер) → Красная Поляна","Минивэн Аэропорт Сочи (Адлер) — Красная Поляна: от 4 500 ₽ за автомобиль, около 50 км. До 7 пассажиров. Цены 2026 года; багаж и итоговую стоимость подтвердим до заказа.","https://zakazminivena.ru/airport/aer/krasnaya-polyana","true","1463","8","8","3","true","true","true","true","50","4500","legacy-estimate-needs-road-check",""
"/airport/aer/rosa-khutor","200","true","airport","Минивэн Аэропорт Сочи (Адлер) — Роза Хутор от 5 500 ₽, ≈ 60 км — цены 2026","Минивэн Сочи (Адлер) → Роза Хутор","Минивэн Аэропорт Сочи (Адлер) — Роза Хутор: от 5 500 ₽ за автомобиль, около 60 км. До 7 пассажиров. Цены 2026 года; багаж и итоговую стоимость подтвердим до заказа.","https://zakazminivena.ru/airport/aer/rosa-khutor","true","1452","6","6","3","true","true","true","true","60","5500","legacy-estimate-needs-road-check",""
"/airport/aer/abkhazia","200","true","airport","Минивэн Аэропорт Сочи (Адлер) — Абхазия (граница / Гагра) от 5 500 ₽, ≈ 60 км","Минивэн в Сочи (Адлер) (AER) → Абхазия (граница / Гагра) — встретим с табличкой, ждём при задержке рейса","Минивэн Аэропорт Сочи (Адлер) — Абхазия (граница / Гагра): от 5 500 ₽ за автомобиль, около 60 км. До 7 пассажиров. Цены 2026 года; багаж и итоговую стоимость подтвердим до заказа.","https://zakazminivena.ru/airport/aer/abkhazia","true","1560","6","6","3","true","false","true","true","60","5500","legacy-estimate-needs-road-check",""
"/airport/aer/gagra","200","true","airport","Минивэн Аэропорт Сочи (Адлер) — Гагра от 7 500 ₽, ≈ 80 км — цены 2026","Минивэн в Сочи (Адлер) (AER) → Гагра — встретим с табличкой, ждём при задержке рейса","Минивэн Аэропорт Сочи (Адлер) — Гагра: от 7 500 ₽ за автомобиль, около 80 км. До 7 пассажиров. Цены 2026 года; багаж и итоговую стоимость подтвердим до заказа.","https://zakazminivena.ru/airport/aer/gagra","true","1525","6","6","3","true","false","true","true","80","7500","legacy-estimate-needs-road-check",""
"/airport/aer/sukhum","200","true","airport","Минивэн Аэропорт Сочи (Адлер) — Сухум от 11 000 ₽, ≈ 150 км — цены 2026","Минивэн в Сочи (Адлер) (AER) → Сухум — встретим с табличкой, ждём при задержке рейса","Минивэн Аэропорт Сочи (Адлер) — Сухум: от 11 000 ₽ за автомобиль, около 150 км. До 7 пассажиров. Цены 2026 года; багаж и итоговую стоимость подтвердим до заказа.","https://zakazminivena.ru/airport/aer/sukhum","true","1547","6","6","3","true","false","true","true","150","11000","legacy-estimate-needs-road-check",""
"/airport/dme/moscow-center","200","true","airport","Минивэн Аэропорт Домодедово — Центр Москвы от 4 500 ₽, ≈ 50 км — цены 2026","Минивэн Домодедово → Центр Москвы","Минивэн Аэропорт Домодедово — Центр Москвы: от 4 500 ₽ за автомобиль, около 50 км. До 7 пассажиров. Цены 2026 года; багаж и итоговую стоимость подтвердим до заказа.","https://zakazminivena.ru/airport/dme/moscow-center","true","1443","8","8","3","true","true","true","true","50","4500","legacy-estimate-needs-road-check",""
"/airport/dme/podolsk","200","true","airport","Минивэн Аэропорт Домодедово — Подольск от 3 000 ₽, ≈ 30 км — цены 2026","Минивэн Домодедово → Подольск","Минивэн Аэропорт Домодедово — Подольск: от 3 000 ₽ за автомобиль, около 30 км. До 7 пассажиров. Цены 2026 года; багаж и итоговую стоимость подтвердим до заказа.","https://zakazminivena.ru/airport/dme/podolsk","true","1423","6","6","3","true","true","true","true","30","3000","legacy-estimate-needs-road-check",""
"/airport/dme/ramenskoe","200","true","airport","Минивэн Аэропорт Домодедово — Раменское от 4 000 ₽, ≈ 40 км — цены 2026","Минивэн Домодедово → Раменское","Минивэн Аэропорт Домодедово — Раменское: от 4 000 ₽ за автомобиль, около 40 км. До 7 пассажиров. Цены 2026 года; багаж и итоговую стоимость подтвердим до заказа.","https://zakazminivena.ru/airport/dme/ramenskoe","true","1420","6","6","3","true","true","true","true","40","4000","legacy-estimate-needs-road-check",""
"/airport/dme/zhukovskiy","200","true","airport","Минивэн Аэропорт Домодедово — Жуковский от 4 000 ₽, ≈ 40 км — цены 2026","Минивэн Домодедово → Жуковский","Минивэн Аэропорт Домодедово — Жуковский: от 4 000 ₽ за автомобиль, около 40 км. До 7 пассажиров. Цены 2026 года; багаж и итоговую стоимость подтвердим до заказа.","https://zakazminivena.ru/airport/dme/zhukovskiy","true","1425","6","6","3","true","true","true","true","40","4000","legacy-estimate-needs-road-check",""
"/airport/dme/stupino","200","true","airport","Минивэн Аэропорт Домодедово — Ступино от 4 500 ₽, ≈ 50 км — цены 2026","Минивэн Домодедово → Ступино","Минивэн Аэропорт Домодедово — Ступино: от 4 500 ₽ за автомобиль, около 50 км. До 7 пассажиров. Цены 2026 года; багаж и итоговую стоимость подтвердим до заказа.","https://zakazminivena.ru/airport/dme/stupino","true","1424","6","6","3","true","true","true","true","50","4500","legacy-estimate-needs-road-check",""
"/airport/dme/serpukhov","200","true","airport","Минивэн Аэропорт Домодедово — Серпухов от 7 500 ₽, ≈ 80 км — цены 2026","Минивэн Домодедово → Серпухов","Минивэн Аэропорт Домодедово — Серпухов: от 7 500 ₽ за автомобиль, около 80 км. До 7 пассажиров. Цены 2026 года; багаж и итоговую стоимость подтвердим до заказа.","https://zakazminivena.ru/airport/dme/serpukhov","true","1422","6","6","3","true","true","true","true","80","7500","legacy-estimate-needs-road-check",""
"/airport/vko/moscow-center","200","true","airport","Минивэн Аэропорт Внуково — Центр Москвы от 3 000 ₽, ≈ 30 км — цены 2026","Минивэн Внуково → Центр Москвы","Минивэн Аэропорт Внуково — Центр Москвы: от 3 000 ₽ за автомобиль, около 30 км. До 7 пассажиров. Цены 2026 года; багаж и итоговую стоимость подтвердим до заказа.","https://zakazminivena.ru/airport/vko/moscow-center","true","1436","11","11","3","true","true","true","true","30","3000","legacy-estimate-needs-road-check",""
"/airport/vko/moscow-city","200","true","airport","Минивэн Аэропорт Внуково — Москва-Сити от 4 000 ₽, ≈ 40 км — цены 2026","Минивэн Внуково → Москва-Сити","Минивэн Аэропорт Внуково — Москва-Сити: от 4 000 ₽ за автомобиль, около 40 км. До 7 пассажиров. Цены 2026 года; багаж и итоговую стоимость подтвердим до заказа.","https://zakazminivena.ru/airport/vko/moscow-city","true","1429","7","7","3","true","true","true","true","40","4000","legacy-estimate-needs-road-check",""
"/airport/vko/odintsovo","200","true","airport","Минивэн Аэропорт Внуково — Одинцово от 3 000 ₽, ≈ 30 км — цены 2026","Минивэн Внуково → Одинцово","Минивэн Аэропорт Внуково — Одинцово: от 3 000 ₽ за автомобиль, около 30 км. До 7 пассажиров. Цены 2026 года; багаж и итоговую стоимость подтвердим до заказа.","https://zakazminivena.ru/airport/vko/odintsovo","true","1426","6","6","3","true","true","true","true","30","3000","legacy-estimate-needs-road-check",""
"/airport/vko/aprelevka","200","true","airport","Минивэн Аэропорт Внуково — Апрелевка от 3 000 ₽, ≈ 20 км — цены 2026","Минивэн Внуково → Апрелевка","Минивэн Аэропорт Внуково — Апрелевка: от 3 000 ₽ за автомобиль, около 20 км. До 7 пассажиров. Цены 2026 года; багаж и итоговую стоимость подтвердим до заказа.","https://zakazminivena.ru/airport/vko/aprelevka","true","1420","6","6","3","true","true","true","true","20","3000","legacy-estimate-needs-road-check",""
"/airport/vko/balashikha","200","true","airport","Минивэн Аэропорт Внуково — Балашиха от 5 500 ₽, ≈ 60 км — цены 2026","Минивэн Внуково → Балашиха","Минивэн Аэропорт Внуково — Балашиха: от 5 500 ₽ за автомобиль, около 60 км. До 7 пассажиров. Цены 2026 года; багаж и итоговую стоимость подтвердим до заказа.","https://zakazminivena.ru/airport/vko/balashikha","true","1428","6","6","3","true","true","true","true","60","5500","legacy-estimate-needs-road-check",""
"/airport/vko/vnukovo-derevnya","200","true","airport","Минивэн Аэропорт Внуково — Внуково (деревня) от 3 000 ₽, ≈ 10 км — цены 2026","Минивэн Внуково → Внуково (деревня)","Минивэн Аэропорт Внуково — Внуково (деревня): от 3 000 ₽ за автомобиль, около 10 км. До 7 пассажиров. Цены 2026 года; багаж и итоговую стоимость подтвердим до заказа.","https://zakazminivena.ru/airport/vko/vnukovo-derevnya","true","1425","6","6","3","true","true","true","true","10","3000","legacy-estimate-needs-road-check",""
"/airport/zia/moscow-center","200","true","airport","Минивэн Аэропорт Жуковский — Центр Москвы от 6 500 ₽, ≈ 70 км — цены 2026","Минивэн Жуковский → Центр Москвы","Минивэн Аэропорт Жуковский — Центр Москвы: от 6 500 ₽ за автомобиль, около 70 км. До 7 пассажиров. Цены 2026 года; багаж и итоговую стоимость подтвердим до заказа.","https://zakazminivena.ru/airport/zia/moscow-center","true","1418","4","4","5","true","true","true","true","70","6500","legacy-estimate-needs-road-check",""
"/airport/zia/zhukovskiy-city","200","true","airport","Минивэн Аэропорт Жуковский — Жуковский (город) от 3 000 ₽, ≈ 10 км","Минивэн Жуковский → Жуковский (город)","Минивэн Аэропорт Жуковский — Жуковский (город): от 3 000 ₽ за автомобиль, около 10 км. До 7 пассажиров. Цены 2026 года; багаж и итоговую стоимость подтвердим до заказа.","https://zakazminivena.ru/airport/zia/zhukovskiy-city","true","1411","4","4","5","true","true","true","true","10","3000","legacy-estimate-needs-road-check",""
"/airport/zia/ramenskoe","200","true","airport","Минивэн Аэропорт Жуковский — Раменское от 3 000 ₽, ≈ 20 км — цены 2026","Минивэн Жуковский → Раменское","Минивэн Аэропорт Жуковский — Раменское: от 3 000 ₽ за автомобиль, около 20 км. До 7 пассажиров. Цены 2026 года; багаж и итоговую стоимость подтвердим до заказа.","https://zakazminivena.ru/airport/zia/ramenskoe","true","1401","4","4","5","true","true","true","true","20","3000","legacy-estimate-needs-road-check",""
"/airport/zia/elektrostal","200","true","airport","Минивэн Аэропорт Жуковский — Электросталь от 4 500 ₽, ≈ 50 км — цены 2026","Минивэн Жуковский → Электросталь","Минивэн Аэропорт Жуковский — Электросталь: от 4 500 ₽ за автомобиль, около 50 км. До 7 пассажиров. Цены 2026 года; багаж и итоговую стоимость подтвердим до заказа.","https://zakazminivena.ru/airport/zia/elektrostal","true","1404","4","4","5","true","true","true","true","50","4500","legacy-estimate-needs-road-check",""
"/airport/kzn/kazan-center","200","true","airport","Минивэн Аэропорт Казань — Центр Казани от 3 000 ₽, ≈ 30 км — цены 2026","Минивэн Казань → Центр Казани","Минивэн Аэропорт Казань — Центр Казани: от 3 000 ₽ за автомобиль, около 30 км. До 7 пассажиров. Цены 2026 года; багаж и итоговую стоимость подтвердим до заказа.","https://zakazminivena.ru/airport/kzn/kazan-center","true","1418","4","4","5","true","true","true","true","30","3000","legacy-estimate-needs-road-check",""
"/airport/kzn/innopolis","200","true","airport","Минивэн Аэропорт Казань — Иннополис от 4 000 ₽, ≈ 40 км — цены 2026","Минивэн Казань → Иннополис","Минивэн Аэропорт Казань — Иннополис: от 4 000 ₽ за автомобиль, около 40 км. До 7 пассажиров. Цены 2026 года; багаж и итоговую стоимость подтвердим до заказа.","https://zakazminivena.ru/airport/kzn/innopolis","true","1404","4","4","5","true","true","true","true","40","4000","legacy-estimate-needs-road-check",""
"/airport/kzn/zelenodolsk","200","true","airport","Минивэн Аэропорт Казань — Зеленодольск от 5 500 ₽, ≈ 60 км — цены 2026","Минивэн Казань → Зеленодольск","Минивэн Аэропорт Казань — Зеленодольск: от 5 500 ₽ за автомобиль, около 60 км. До 7 пассажиров. Цены 2026 года; багаж и итоговую стоимость подтвердим до заказа.","https://zakazminivena.ru/airport/kzn/zelenodolsk","true","1401","4","4","5","true","true","true","true","60","5500","legacy-estimate-needs-road-check",""
"/airport/kzn/bolgar","200","true","airport","Минивэн Аэропорт Казань — Болгар от 12 000 ₽, ≈ 180 км — цены 2026","Минивэн Казань → Болгар","Минивэн Аэропорт Казань — Болгар: от 12 000 ₽ за автомобиль, около 180 км. До 7 пассажиров. Цены 2026 года; багаж и итоговую стоимость подтвердим до заказа.","https://zakazminivena.ru/airport/kzn/bolgar","true","1427","4","4","5","true","true","true","true","180","12000","legacy-estimate-needs-road-check",""
"/airport/svx/ekaterinburg-center","200","true","airport","Минивэн Аэропорт Екатеринбург (Кольцово) — Центр Екатеринбурга от 3 000 ₽, ≈ 20 км","Минивэн Екатеринбург (Кольцово) → Центр Екатеринбурга","Минивэн Аэропорт Екатеринбург (Кольцово) — Центр Екатеринбурга: от 3 000 ₽ за автомобиль, около 20 км. До 7 пассажиров. Цены 2026 года; багаж и итоговую стоимость подтвердим до заказа.","https://zakazminivena.ru/airport/svx/ekaterinburg-center","true","1429","4","4","3","true","true","true","true","20","3000","legacy-estimate-needs-road-check",""
"/airport/svx/verkhnyaya-pyshma","200","true","airport","Минивэн Аэропорт Екатеринбург (Кольцово) — Верхняя Пышма от 4 000 ₽, ≈ 40 км","Минивэн Екатеринбург (Кольцово) → Верхняя Пышма","Минивэн Аэропорт Екатеринбург (Кольцово) — Верхняя Пышма: от 4 000 ₽ за автомобиль, около 40 км. До 7 пассажиров. Цены 2026 года; багаж и итоговую стоимость подтвердим до заказа.","https://zakazminivena.ru/airport/svx/verkhnyaya-pyshma","true","1437","4","4","3","true","true","true","true","40","4000","legacy-estimate-needs-road-check",""
"/airport/svx/berezovskiy","200","true","airport","Минивэн Аэропорт Екатеринбург (Кольцово) — Берёзовский от 3 000 ₽, ≈ 30 км","Минивэн Екатеринбург (Кольцово) → Берёзовский","Минивэн Аэропорт Екатеринбург (Кольцово) — Берёзовский: от 3 000 ₽ за автомобиль, около 30 км. До 7 пассажиров. Цены 2026 года; багаж и итоговую стоимость подтвердим до заказа.","https://zakazminivena.ru/airport/svx/berezovskiy","true","1418","4","4","3","true","true","true","true","30","3000","legacy-estimate-needs-road-check",""
"/airport/svx/nizhniy-tagil","200","true","airport","Минивэн Аэропорт Екатеринбург (Кольцово) — Нижний Тагил от 10 000 ₽, ≈ 150 км","Минивэн Екатеринбург (Кольцово) → Нижний Тагил","Минивэн Аэропорт Екатеринбург (Кольцово) — Нижний Тагил: от 10 000 ₽ за автомобиль, около 150 км. До 7 пассажиров. Цены 2026 года; багаж и итоговую стоимость подтвердим до заказа.","https://zakazminivena.ru/airport/svx/nizhniy-tagil","true","1453","4","4","3","true","true","true","true","150","10000","legacy-estimate-needs-road-check",""
"/airport/ovb/novosibirsk-center","200","true","airport","Минивэн Аэропорт Новосибирск (Толмачёво) — Центр Новосибирска от 3 000 ₽, ≈ 20 км","Минивэн Новосибирск (Толмачёво) → Центр Новосибирска","Минивэн Аэропорт Новосибирск (Толмачёво) — Центр Новосибирска: от 3 000 ₽ за автомобиль, около 20 км. До 7 пассажиров. Цены 2026 года; багаж и итоговую стоимость подтвердим до заказа.","https://zakazminivena.ru/airport/ovb/novosibirsk-center","true","1432","4","4","5","true","true","true","true","20","3000","legacy-estimate-needs-road-check",""
"/airport/ovb/akademgorodok","200","true","airport","Минивэн Аэропорт Новосибирск (Толмачёво) — Академгородок от 4 500 ₽, ≈ 50 км","Минивэн Новосибирск (Толмачёво) → Академгородок","Минивэн Аэропорт Новосибирск (Толмачёво) — Академгородок: от 4 500 ₽ за автомобиль, около 50 км. До 7 пассажиров. Цены 2026 года; багаж и итоговую стоимость подтвердим до заказа.","https://zakazminivena.ru/airport/ovb/akademgorodok","true","1420","4","4","5","true","true","true","true","50","4500","legacy-estimate-needs-road-check",""
"/airport/ovb/berdsk","200","true","airport","Минивэн Аэропорт Новосибирск (Толмачёво) — Бердск от 4 000 ₽, ≈ 40 км","Минивэн Новосибирск (Толмачёво) → Бердск","Минивэн Аэропорт Новосибирск (Толмачёво) — Бердск: от 4 000 ₽ за автомобиль, около 40 км. До 7 пассажиров. Цены 2026 года; багаж и итоговую стоимость подтвердим до заказа.","https://zakazminivena.ru/airport/ovb/berdsk","true","1415","4","4","5","true","true","true","true","40","4000","legacy-estimate-needs-road-check",""
"/airport/ovb/koltsovo","200","true","airport","Минивэн Аэропорт Новосибирск (Толмачёво) — Кольцово от 4 000 ₽, ≈ 40 км","Минивэн Новосибирск (Толмачёво) → Кольцово","Минивэн Аэропорт Новосибирск (Толмачёво) — Кольцово: от 4 000 ₽ за автомобиль, около 40 км. До 7 пассажиров. Цены 2026 года; багаж и итоговую стоимость подтвердим до заказа.","https://zakazminivena.ru/airport/ovb/koltsovo","true","1415","4","4","5","true","true","true","true","40","4000","legacy-estimate-needs-road-check",""
"/airport/ikt/irkutsk-center","200","true","airport","Минивэн Аэропорт Иркутск — Центр Иркутска от 3 000 ₽, ≈ 20 км — цены 2026","Минивэн Иркутск → Центр Иркутска","Минивэн Аэропорт Иркутск — Центр Иркутска: от 3 000 ₽ за автомобиль, около 20 км. До 7 пассажиров. Цены 2026 года; багаж и итоговую стоимость подтвердим до заказа.","https://zakazminivena.ru/airport/ikt/irkutsk-center","true","1411","4","4","5","true","true","true","true","20","3000","legacy-estimate-needs-road-check",""
"/airport/ikt/listvyanka","200","true","airport","Минивэн Аэропорт Иркутск — Листвянка от 6 500 ₽, ≈ 70 км — цены 2026","Минивэн Иркутск → Листвянка","Минивэн Аэропорт Иркутск — Листвянка: от 6 500 ₽ за автомобиль, около 70 км. До 7 пассажиров. Цены 2026 года; багаж и итоговую стоимость подтвердим до заказа.","https://zakazminivena.ru/airport/ikt/listvyanka","true","1406","7","7","4","true","true","true","true","70","6500","legacy-estimate-needs-road-check",""
"/airport/ikt/shelekhov","200","true","airport","Минивэн Аэропорт Иркутск — Шелехов от 4 000 ₽, ≈ 40 км — цены 2026","Минивэн Иркутск → Шелехов","Минивэн Аэропорт Иркутск — Шелехов: от 4 000 ₽ за автомобиль, около 40 км. До 7 пассажиров. Цены 2026 года; багаж и итоговую стоимость подтвердим до заказа.","https://zakazminivena.ru/airport/ikt/shelekhov","true","1397","4","4","5","true","true","true","true","40","4000","legacy-estimate-needs-road-check",""
"/airport/ikt/angarsk","200","true","airport","Минивэн Аэропорт Иркутск — Ангарск от 4 500 ₽, ≈ 50 км — цены 2026","Минивэн Иркутск → Ангарск","Минивэн Аэропорт Иркутск — Ангарск: от 4 500 ₽ за автомобиль, около 50 км. До 7 пассажиров. Цены 2026 года; багаж и итоговую стоимость подтвердим до заказа.","https://zakazminivena.ru/airport/ikt/angarsk","true","1402","4","4","5","true","true","true","true","50","4500","legacy-estimate-needs-road-check",""
"/airport/mmk/murmansk-center","200","true","airport","Минивэн Аэропорт Мурманск — Центр Мурманска от 3 000 ₽, ≈ 30 км — цены 2026","Минивэн Мурманск → Центр Мурманска","Минивэн Аэропорт Мурманск — Центр Мурманска: от 3 000 ₽ за автомобиль, около 30 км. До 7 пассажиров. Цены 2026 года; багаж и итоговую стоимость подтвердим до заказа.","https://zakazminivena.ru/airport/mmk/murmansk-center","true","1406","4","4","4","true","true","true","true","30","3000","legacy-estimate-needs-road-check",""
"/airport/mmk/teriberka","200","true","airport","Минивэн Аэропорт Мурманск — Териберка от 10 000 ₽, ≈ 150 км — цены 2026","Минивэн Мурманск → Териберка","Минивэн Аэропорт Мурманск — Териберка: от 10 000 ₽ за автомобиль, около 150 км. До 7 пассажиров. Цены 2026 года; багаж и итоговую стоимость подтвердим до заказа.","https://zakazminivena.ru/airport/mmk/teriberka","true","1434","5","5","4","true","true","true","true","150","10000","legacy-estimate-needs-road-check",""
"/airport/mmk/kirovsk","200","true","airport","Минивэн Аэропорт Мурманск — Кировск от 12 000 ₽, ≈ 200 км — цены 2026","Минивэн Мурманск → Кировск","Минивэн Аэропорт Мурманск — Кировск: от 12 000 ₽ за автомобиль, около 200 км. До 7 пассажиров. Цены 2026 года; багаж и итоговую стоимость подтвердим до заказа.","https://zakazminivena.ru/airport/mmk/kirovsk","true","1421","5","5","3","true","true","true","true","200","12000","legacy-estimate-needs-road-check",""
"/airport/mmk/apatity","200","true","airport","Минивэн Аэропорт Мурманск — Апатиты от 12 000 ₽, ≈ 180 км — цены 2026","Минивэн Мурманск → Апатиты","Минивэн Аэропорт Мурманск — Апатиты: от 12 000 ₽ за автомобиль, около 180 км. До 7 пассажиров. Цены 2026 года; багаж и итоговую стоимость подтвердим до заказа.","https://zakazminivena.ru/airport/mmk/apatity","true","1420","4","4","4","true","true","true","true","180","12000","legacy-estimate-needs-road-check",""
"/airport/mrv/kislovodsk","200","true","airport","Минивэн Аэропорт Минеральные Воды — Кисловодск от 5 500 ₽, ≈ 60 км","Минивэн Минеральные Воды → Кисловодск","Минивэн Аэропорт Минеральные Воды — Кисловодск: от 5 500 ₽ за автомобиль, около 60 км. До 7 пассажиров. Цены 2026 года; багаж и итоговую стоимость подтвердим до заказа.","https://zakazminivena.ru/airport/mrv/kislovodsk","true","1416","5","5","4","true","true","true","true","60","5500","legacy-estimate-needs-road-check",""
"/airport/mrv/pyatigorsk","200","true","airport","Минивэн Аэропорт Минеральные Воды — Пятигорск от 3 000 ₽, ≈ 30 км — цены 2026","Минивэн Минеральные Воды → Пятигорск","Минивэн Аэропорт Минеральные Воды — Пятигорск: от 3 000 ₽ за автомобиль, около 30 км. До 7 пассажиров. Цены 2026 года; багаж и итоговую стоимость подтвердим до заказа.","https://zakazminivena.ru/airport/mrv/pyatigorsk","true","1415","5","5","4","true","true","true","true","30","3000","legacy-estimate-needs-road-check",""
"/airport/mrv/essentuki","200","true","airport","Минивэн Аэропорт Минеральные Воды — Ессентуки от 3 000 ₽, ≈ 20 км — цены 2026","Минивэн Минеральные Воды → Ессентуки","Минивэн Аэропорт Минеральные Воды — Ессентуки: от 3 000 ₽ за автомобиль, около 20 км. До 7 пассажиров. Цены 2026 года; багаж и итоговую стоимость подтвердим до заказа.","https://zakazminivena.ru/airport/mrv/essentuki","true","1414","5","5","4","true","true","true","true","20","3000","legacy-estimate-needs-road-check",""
"/airport/mrv/zheleznovodsk","200","true","airport","Минивэн Аэропорт Минеральные Воды — Железноводск от 3 000 ₽, ≈ 20 км","Минивэн Минеральные Воды → Железноводск","Минивэн Аэропорт Минеральные Воды — Железноводск: от 3 000 ₽ за автомобиль, около 20 км. До 7 пассажиров. Цены 2026 года; багаж и итоговую стоимость подтвердим до заказа.","https://zakazminivena.ru/airport/mrv/zheleznovodsk","true","1411","4","4","5","true","true","true","true","20","3000","legacy-estimate-needs-road-check",""
"/airport/sip/yalta","200","true","airport","Минивэн Аэропорт Симферополь — Ялта от 8 500 ₽, ≈ 90 км — цены 2026","Минивэн в Симферополь (SIP) → Ялта — встретим с табличкой, ждём при задержке рейса","Минивэн Аэропорт Симферополь — Ялта: от 8 500 ₽ за автомобиль, около 90 км. До 7 пассажиров. Цены 2026 года; багаж и итоговую стоимость подтвердим до заказа.","https://zakazminivena.ru/airport/sip/yalta","true","1500","7","7","4","true","false","true","true","90","8500","legacy-estimate-needs-road-check",""
"/airport/sip/sevastopol","200","true","airport","Минивэн Аэропорт Симферополь — Севастополь от 7 500 ₽, ≈ 80 км — цены 2026","Минивэн в Симферополь (SIP) → Севастополь — встретим с табличкой, ждём при задержке рейса","Минивэн Аэропорт Симферополь — Севастополь: от 7 500 ₽ за автомобиль, около 80 км. До 7 пассажиров. Цены 2026 года; багаж и итоговую стоимость подтвердим до заказа.","https://zakazminivena.ru/airport/sip/sevastopol","true","1493","7","7","4","true","false","true","true","80","7500","legacy-estimate-needs-road-check",""
"/airport/sip/alushta","200","true","airport","Минивэн Аэропорт Симферополь — Алушта от 4 500 ₽, ≈ 50 км — цены 2026","Минивэн в Симферополь (SIP) → Алушта — встретим с табличкой, ждём при задержке рейса","Минивэн Аэропорт Симферополь — Алушта: от 4 500 ₽ за автомобиль, около 50 км. До 7 пассажиров. Цены 2026 года; багаж и итоговую стоимость подтвердим до заказа.","https://zakazminivena.ru/airport/sip/alushta","true","1495","7","7","4","true","false","true","true","50","4500","legacy-estimate-needs-road-check",""
"/airport/sip/feodosia","200","true","airport","Минивэн Аэропорт Симферополь — Феодосия от 9 000 ₽, ≈ 120 км — цены 2026","Минивэн в Симферополь (SIP) → Феодосия — встретим с табличкой, ждём при задержке рейса","Минивэн Аэропорт Симферополь — Феодосия: от 9 000 ₽ за автомобиль, около 120 км. До 7 пассажиров. Цены 2026 года; багаж и итоговую стоимость подтвердим до заказа.","https://zakazminivena.ru/airport/sip/feodosia","true","1511","6","6","4","true","false","true","true","120","9000","legacy-estimate-needs-road-check",""
"/airport/sip/sudak","200","true","airport","Минивэн Аэропорт Симферополь — Судак от 8 000 ₽, ≈ 110 км — цены 2026","Минивэн в Симферополь (SIP) → Судак — встретим с табличкой, ждём при задержке рейса","Минивэн Аэропорт Симферополь — Судак: от 8 000 ₽ за автомобиль, около 110 км. До 7 пассажиров. Цены 2026 года; багаж и итоговую стоимость подтвердим до заказа.","https://zakazminivena.ru/airport/sip/sudak","true","1517","7","7","4","true","false","true","true","110","8000","legacy-estimate-needs-road-check",""
"/airport/sip/yevpatoria","200","true","airport","Минивэн Аэропорт Симферополь — Евпатория от 6 500 ₽, ≈ 70 км — цены 2026","Минивэн в Симферополь (SIP) → Евпатория — встретим с табличкой, ждём при задержке рейса","Минивэн Аэропорт Симферополь — Евпатория: от 6 500 ₽ за автомобиль, около 70 км. До 7 пассажиров. Цены 2026 года; багаж и итоговую стоимость подтвердим до заказа.","https://zakazminivena.ru/airport/sip/yevpatoria","true","1492","6","6","4","true","false","true","true","70","6500","legacy-estimate-needs-road-check",""
"/airport/kgd/kaliningrad-center","200","true","airport","Минивэн Аэропорт Калининград — Центр Калининграда от 3 000 ₽, ≈ 30 км","Минивэн Калининград → Центр Калининграда","Минивэн Аэропорт Калининград — Центр Калининграда: от 3 000 ₽ за автомобиль, около 30 км. До 7 пассажиров. Цены 2026 года; багаж и итоговую стоимость подтвердим до заказа.","https://zakazminivena.ru/airport/kgd/kaliningrad-center","true","1409","4","4","5","true","true","true","true","30","3000","legacy-estimate-needs-road-check",""
"/airport/kgd/svetlogorsk","200","true","airport","Минивэн Аэропорт Калининград — Светлогорск от 4 000 ₽, ≈ 40 км — цены 2026","Минивэн Калининград → Светлогорск","Минивэн Аэропорт Калининград — Светлогорск: от 4 000 ₽ за автомобиль, около 40 км. До 7 пассажиров. Цены 2026 года; багаж и итоговую стоимость подтвердим до заказа.","https://zakazminivena.ru/airport/kgd/svetlogorsk","true","1402","5","5","5","true","true","true","true","40","4000","legacy-estimate-needs-road-check",""
"/airport/kgd/zelenogradsk","200","true","airport","Минивэн Аэропорт Калининград — Зеленоградск от 3 000 ₽, ≈ 30 км — цены 2026","Минивэн Калининград → Зеленоградск","Минивэн Аэропорт Калининград — Зеленоградск: от 3 000 ₽ за автомобиль, около 30 км. До 7 пассажиров. Цены 2026 года; багаж и итоговую стоимость подтвердим до заказа.","https://zakazminivena.ru/airport/kgd/zelenogradsk","true","1398","5","5","5","true","true","true","true","30","3000","legacy-estimate-needs-road-check",""
"/airport/kgd/yantarniy","200","true","airport","Минивэн Аэропорт Калининград — Янтарный от 5 500 ₽, ≈ 60 км — цены 2026","Минивэн Калининград → Янтарный","Минивэн Аэропорт Калининград — Янтарный: от 5 500 ₽ за автомобиль, около 60 км. До 7 пассажиров. Цены 2026 года; багаж и итоговую стоимость подтвердим до заказа.","https://zakazminivena.ru/airport/kgd/yantarniy","true","1398","4","4","5","true","true","true","true","60","5500","legacy-estimate-needs-road-check",""
"/airport/aaq/anapa-center","200","true","airport","Минивэн Аэропорт Анапа — Центр Анапы от 3 000 ₽, ≈ 20 км — цены 2026","Минивэн в Анапа (AAQ) → Центр Анапы — встретим с табличкой, ждём при задержке рейса","Минивэн Аэропорт Анапа — Центр Анапы: от 3 000 ₽ за автомобиль, около 20 км. До 7 пассажиров. Цены 2026 года; багаж и итоговую стоимость подтвердим до заказа.","https://zakazminivena.ru/airport/aaq/anapa-center","true","1478","3","3","4","true","false","true","true","20","3000","legacy-estimate-needs-road-check",""
"/airport/aaq/gelendzhik","200","true","airport","Минивэн Аэропорт Анапа — Геленджик от 4 500 ₽, ≈ 50 км — цены 2026","Минивэн в Анапа (AAQ) → Геленджик — встретим с табличкой, ждём при задержке рейса","Минивэн Аэропорт Анапа — Геленджик: от 4 500 ₽ за автомобиль, около 50 км. До 7 пассажиров. Цены 2026 года; багаж и итоговую стоимость подтвердим до заказа.","https://zakazminivena.ru/airport/aaq/gelendzhik","true","1468","3","3","4","true","false","true","true","50","4500","legacy-estimate-needs-road-check",""
"/airport/aaq/vityazevo","200","true","airport","Минивэн Аэропорт Анапа — Витязево от 3 000 ₽, ≈ 10 км — цены 2026","Минивэн в Анапа (AAQ) → Витязево — встретим с табличкой, ждём при задержке рейса","Минивэн Аэропорт Анапа — Витязево: от 3 000 ₽ за автомобиль, около 10 км. До 7 пассажиров. Цены 2026 года; багаж и итоговую стоимость подтвердим до заказа.","https://zakazminivena.ru/airport/aaq/vityazevo","true","1467","3","3","4","true","false","true","true","10","3000","legacy-estimate-needs-road-check",""
"/airport/krr/krasnodar-center","200","true","airport","Минивэн Аэропорт Краснодар — Центр Краснодара от 3 000 ₽, ≈ 20 км — цены 2026","Минивэн в Краснодар (KRR) → Центр Краснодара — встретим с табличкой, ждём при задержке рейса","Минивэн Аэропорт Краснодар — Центр Краснодара: от 3 000 ₽ за автомобиль, около 20 км. До 7 пассажиров. Цены 2026 года; багаж и итоговую стоимость подтвердим до заказа.","https://zakazminivena.ru/airport/krr/krasnodar-center","true","1486","3","3","3","true","false","true","true","20","3000","legacy-estimate-needs-road-check",""
"/airport/krr/goryachiy-klyuch","200","true","airport","Минивэн Аэропорт Краснодар — Горячий Ключ от 5 500 ₽, ≈ 60 км — цены 2026","Минивэн в Краснодар (KRR) → Горячий Ключ — встретим с табличкой, ждём при задержке рейса","Минивэн Аэропорт Краснодар — Горячий Ключ: от 5 500 ₽ за автомобиль, около 60 км. До 7 пассажиров. Цены 2026 года; багаж и итоговую стоимость подтвердим до заказа.","https://zakazminivena.ru/airport/krr/goryachiy-klyuch","true","1479","3","3","3","true","false","true","true","60","5500","legacy-estimate-needs-road-check",""
"/airport/krr/kropotkin","200","true","airport","Минивэн Аэропорт Краснодар — Кропоткин от 11 000 ₽, ≈ 150 км — цены 2026","Минивэн в Краснодар (KRR) → Кропоткин — встретим с табличкой, ждём при задержке рейса","Минивэн Аэропорт Краснодар — Кропоткин: от 11 000 ₽ за автомобиль, около 150 км. До 7 пассажиров. Цены 2026 года; багаж и итоговую стоимость подтвердим до заказа.","https://zakazminivena.ru/airport/krr/kropotkin","true","1488","3","3","3","true","false","true","true","150","11000","legacy-estimate-needs-road-check",""
"/destination/karelia","200","true","destination","Минивэн в Карелию из Санкт-Петербурга — от 11 000 ₽","Минивэн в Карелию из Санкт-Петербурга от 11 000 ₽","Минивэн в Карелию: Сортавала, Рускеала, Кижи, Валаам. От 11 000 ₽ за автомобиль, до 7 пассажиров. Цены 2026; маршрут и багаж согласуем.","https://zakazminivena.ru/destination/karelia","true","955","7","1","4","false","true","true","true","","","",""
"/destination/kmv","200","true","destination","Минивэн по КМВ из Минеральных Вод — от 3 000 ₽","Минивэн по КМВ из Минеральных Вод от 3 000 ₽","Минивэн по КМВ: Кисловодск, Пятигорск, Ессентуки, Железноводск, Архыз, Домбай, Эльбрус. От 3 000 ₽ за автомобиль, до 7 пассажиров. Цены 2026; маршрут и багаж согласуем.","https://zakazminivena.ru/destination/kmv","true","998","8","1","3","false","true","true","true","","","",""
"/destination/altai","200","true","destination","Минивэн на Алтай из Барнаула — от 18 500 ₽","Минивэн на Алтай из Барнаула от 18 500 ₽","Минивэн на Алтай: Чемал, Манжерок, Чулышман, Белуха. От 18 500 ₽ за автомобиль, до 7 пассажиров. Цены 2026; маршрут и багаж согласуем.","https://zakazminivena.ru/destination/altai","true","920","6","1","3","false","true","true","true","","","",""
"/destination/baikal","200","true","destination","Минивэн на Байкал из Иркутска — от 6 500 ₽","Минивэн на Байкал из Иркутска от 6 500 ₽","Минивэн на Байкал: Листвянка, Ольхон, МРС, зимний ледовый сезон. От 6 500 ₽ за автомобиль, до 7 пассажиров. Цены 2026; маршрут и багаж согласуем.","https://zakazminivena.ru/destination/baikal","true","918","5","1","4","false","true","true","true","","","",""
"/destination/crimea","200","true","destination","Минивэн в Крым из Симферополя — от 5 500 ₽","Минивэн в Крым из Симферополя от 5 500 ₽","Минивэн в Крым: Ялта, Алушта, Севастополь, Судак, Феодосия, Евпатория. От 5 500 ₽ за автомобиль, до 7 пассажиров. Цены 2026; маршрут и багаж согласуем.","https://zakazminivena.ru/destination/crimea","true","913","7","1","4","false","true","true","true","","","",""
"/destination/krasnodar-coast","200","true","destination","Минивэн на побережье Краснодарского края из Краснодара — от 9 500 ₽","Минивэн на побережье Краснодарского края из Краснодара от 9 500 ₽","Минивэн на побережье Краснодарского края: Анапа, Геленджик, Темрюк, Тамань. От 9 500 ₽ за автомобиль, до 7 пассажиров. Цены 2026; маршрут и багаж согласуем.","https://zakazminivena.ru/destination/krasnodar-coast","true","895","5","1","4","false","true","true","true","","","",""
"/destination/kaliningrad","200","true","destination","Минивэн по Калининградской области из Калининграда — от 4 000 ₽","Минивэн по Калининградской области из Калининграда от 4 000 ₽","Минивэн по Калининградской области: Зеленоградск, Светлогорск, Куршская коса, Янтарный. От 4 000 ₽ за автомобиль, до 7 пассажиров. Цены 2026; маршрут и багаж согласуем.","https://zakazminivena.ru/destination/kaliningrad","true","885","5","1","4","false","true","true","true","","","",""
"/destination/north","200","true","destination","Минивэн на Кольский полуостров из Мурманска — от 9 000 ₽","Минивэн на Кольский полуостров из Мурманска от 9 000 ₽","Минивэн на Кольский полуостров: Териберка, Хибины, Кировск, северное сияние. От 9 000 ₽ за автомобиль, до 7 пассажиров. Цены 2026; маршрут и багаж согласуем.","https://zakazminivena.ru/destination/north","true","908","5","1","3","false","true","true","true","","","",""
"/destination/karelia/spb-sortavala","200","true","destination","Минивэн СПб — Сортавала от 18 000 ₽, ≈ 300 км — цены 2026","Минивэн СПб → Сортавала","Минивэн СПб — Сортавала: от 18 000 ₽ за автомобиль, около 300 км. До 7 пассажиров. Цены 2026 года; багаж и итоговую стоимость подтвердим до заказа.","https://zakazminivena.ru/destination/karelia/spb-sortavala","true","1541","6","6","5","true","true","true","true","300","18000","legacy-estimate-needs-road-check",""
"/destination/karelia/spb-ruskeala","200","true","destination","Минивэн СПб — Рускеала от 22 000 ₽, ≈ 380 км — цены 2026","Минивэн СПб → Рускеала","Минивэн СПб — Рускеала: от 22 000 ₽ за автомобиль, около 380 км. До 7 пассажиров. Цены 2026 года; багаж и итоговую стоимость подтвердим до заказа.","https://zakazminivena.ru/destination/karelia/spb-ruskeala","true","1490","6","6","5","true","true","true","true","380","22000","legacy-estimate-needs-road-check",""
"/destination/karelia/spb-petrozavodsk","200","true","destination","Минивэн СПб — Петрозаводск от 25 000 ₽, ≈ 430 км — цены 2026","Минивэн СПб → Петрозаводск","Минивэн СПб — Петрозаводск: от 25 000 ₽ за автомобиль, около 430 км. До 7 пассажиров. Цены 2026 года; багаж и итоговую стоимость подтвердим до заказа.","https://zakazminivena.ru/destination/karelia/spb-petrozavodsk","true","1478","6","6","5","true","true","true","true","430","25000","c2c-cache-endpoints-reviewed",""
"/destination/karelia/spb-kizhi","200","true","destination","Минивэн СПб — Кижи (через Петрозаводск) от 26 000 ₽, ≈ 450 км — цены 2026","Минивэн СПб → Кижи (через Петрозаводск) от 26 000 ₽","Минивэн СПб — Кижи (через Петрозаводск): от 26 000 ₽ за автомобиль, около 450 км. До 7 пассажиров. Цены 2026 года; багаж и итоговую стоимость подтвердим до заказа.","https://zakazminivena.ru/destination/karelia/spb-kizhi","true","1519","6","6","5","true","false","true","true","450","26000","legacy-estimate-needs-road-check",""
"/destination/karelia/spb-valaam","200","true","destination","Минивэн СПб — Валаам (через Сортавалу) от 18 500 ₽, ≈ 320 км — цены 2026","Минивэн СПб → Валаам (через Сортавалу) от 18 500 ₽","Минивэн СПб — Валаам (через Сортавалу): от 18 500 ₽ за автомобиль, около 320 км. До 7 пассажиров. Цены 2026 года; багаж и итоговую стоимость подтвердим до заказа.","https://zakazminivena.ru/destination/karelia/spb-valaam","true","1493","6","6","5","true","false","true","true","320","18500","legacy-estimate-needs-road-check",""
"/destination/karelia/spb-priozersk","200","true","destination","Минивэн СПб — Приозерск от 11 000 ₽, ≈ 150 км — цены 2026","Минивэн СПб → Приозерск","Минивэн СПб — Приозерск: от 11 000 ₽ за автомобиль, около 150 км. До 7 пассажиров. Цены 2026 года; багаж и итоговую стоимость подтвердим до заказа.","https://zakazminivena.ru/destination/karelia/spb-priozersk","true","1417","6","6","5","true","true","true","true","150","11000","legacy-estimate-needs-road-check",""
"/destination/kmv/mineralnye-vody-kislovodsk","200","true","destination","Минивэн Минеральные Воды — Кисловодск от 5 500 ₽, ≈ 60 км — цены 2026","Минивэн Минеральные Воды → Кисловодск","Минивэн Минеральные Воды — Кисловодск: от 5 500 ₽ за автомобиль, около 60 км. До 7 пассажиров. Цены 2026 года; багаж и итоговую стоимость подтвердим до заказа.","https://zakazminivena.ru/destination/kmv/mineralnye-vody-kislovodsk","true","1516","7","7","3","true","true","true","true","60","5500","legacy-estimate-needs-road-check",""
"/destination/kmv/mineralnye-vody-pyatigorsk","200","true","destination","Минивэн Минеральные Воды — Пятигорск от 3 000 ₽, ≈ 30 км — цены 2026","Минивэн Минеральные Воды → Пятигорск","Минивэн Минеральные Воды — Пятигорск: от 3 000 ₽ за автомобиль, около 30 км. До 7 пассажиров. Цены 2026 года; багаж и итоговую стоимость подтвердим до заказа.","https://zakazminivena.ru/destination/kmv/mineralnye-vody-pyatigorsk","true","1507","7","7","3","true","true","true","true","30","3000","legacy-estimate-needs-road-check",""
"/destination/kmv/mineralnye-vody-essentuki","200","true","destination","Минивэн Минеральные Воды — Ессентуки от 4 500 ₽, ≈ 50 км — цены 2026","Минивэн Минеральные Воды → Ессентуки","Минивэн Минеральные Воды — Ессентуки: от 4 500 ₽ за автомобиль, около 50 км. До 7 пассажиров. Цены 2026 года; багаж и итоговую стоимость подтвердим до заказа.","https://zakazminivena.ru/destination/kmv/mineralnye-vody-essentuki","true","1478","7","7","3","true","true","true","true","50","4500","legacy-estimate-needs-road-check",""
"/destination/kmv/mineralnye-vody-zheleznovodsk","200","true","destination","Минивэн Минеральные Воды — Железноводск от 3 000 ₽, ≈ 30 км — цены 2026","Минивэн Минеральные Воды → Железноводск","Минивэн Минеральные Воды — Железноводск: от 3 000 ₽ за автомобиль, около 30 км. До 7 пассажиров. Цены 2026 года; багаж и итоговую стоимость подтвердим до заказа.","https://zakazminivena.ru/destination/kmv/mineralnye-vody-zheleznovodsk","true","1476","7","7","3","true","true","true","true","30","3000","legacy-estimate-needs-road-check",""
"/destination/kmv/mineralnye-vody-dombay","200","true","destination","Минивэн Минеральные Воды — Домбай от 12 000 ₽, ≈ 200 км — цены 2026","Минивэн Минеральные Воды → Домбай","Минивэн Минеральные Воды — Домбай: от 12 000 ₽ за автомобиль, около 200 км. До 7 пассажиров. Цены 2026 года; багаж и итоговую стоимость подтвердим до заказа.","https://zakazminivena.ru/destination/kmv/mineralnye-vody-dombay","true","1528","8","8","2","true","true","true","true","200","12000","legacy-estimate-needs-road-check",""
"/destination/kmv/mineralnye-vody-arkhyz","200","true","destination","Минивэн Минеральные Воды — Архыз от 12 000 ₽, ≈ 200 км — цены 2026","Минивэн Минеральные Воды → Архыз","Минивэн Минеральные Воды — Архыз: от 12 000 ₽ за автомобиль, около 200 км. До 7 пассажиров. Цены 2026 года; багаж и итоговую стоимость подтвердим до заказа.","https://zakazminivena.ru/destination/kmv/mineralnye-vody-arkhyz","true","1521","8","8","2","true","true","true","true","200","12000","legacy-estimate-needs-road-check",""
"/destination/kmv/mineralnye-vody-elbrus","200","true","destination","Минивэн Минеральные Воды — Приэльбрусье от 12 000 ₽, ≈ 200 км — цены 2026","Минивэн Минеральные Воды → Приэльбрусье","Минивэн Минеральные Воды — Приэльбрусье: от 12 000 ₽ за автомобиль, около 200 км. До 7 пассажиров. Цены 2026 года; багаж и итоговую стоимость подтвердим до заказа.","https://zakazminivena.ru/destination/kmv/mineralnye-vody-elbrus","true","1511","8","8","2","true","true","true","true","200","12000","legacy-estimate-needs-road-check",""
"/destination/altai/barnaul-chemal","200","true","destination","Минивэн Барнаул — Чемал от 22 000 ₽, ≈ 380 км — цены 2026","Минивэн Барнаул → Чемал","Минивэн Барнаул — Чемал: от 22 000 ₽ за автомобиль, около 380 км. До 7 пассажиров. Цены 2026 года; багаж и итоговую стоимость подтвердим до заказа.","https://zakazminivena.ru/destination/altai/barnaul-chemal","true","1417","5","5","3","true","true","true","true","380","22000","legacy-estimate-needs-road-check",""
"/destination/altai/barnaul-manzherok","200","true","destination","Минивэн Барнаул — Манжерок от 18 500 ₽, ≈ 320 км — цены 2026","Минивэн Барнаул → Манжерок","Минивэн Барнаул — Манжерок: от 18 500 ₽ за автомобиль, около 320 км. До 7 пассажиров. Цены 2026 года; багаж и итоговую стоимость подтвердим до заказа.","https://zakazminivena.ru/destination/altai/barnaul-manzherok","true","1398","6","6","2","true","true","true","true","320","18500","legacy-estimate-needs-road-check",""
"/destination/altai/barnaul-belukha","200","true","destination","Минивэн Барнаул — Тюнгур (подъезд к Белухе) от 44 000 ₽, ≈ 750 км — цены 2026","Минивэн Барнаул → Тюнгур (подъезд к Белухе) от 44 000 ₽","Минивэн Барнаул — Тюнгур (подъезд к Белухе): от 44 000 ₽ за автомобиль, около 750 км. До 7 пассажиров. Цены 2026 года; багаж и итоговую стоимость подтвердим до заказа.","https://zakazminivena.ru/destination/altai/barnaul-belukha","true","1474","5","5","3","true","false","true","true","750","44000","legacy-estimate-needs-road-check",""
"/destination/altai/barnaul-chulyshman","200","true","destination","Минивэн Барнаул — Долина Чулышмана от 41 000 ₽, ≈ 700 км — цены 2026","Минивэн Барнаул → Долина Чулышмана от 41 000 ₽","Минивэн Барнаул — Долина Чулышмана: от 41 000 ₽ за автомобиль, около 700 км. До 7 пассажиров. Цены 2026 года; багаж и итоговую стоимость подтвердим до заказа.","https://zakazminivena.ru/destination/altai/barnaul-chulyshman","true","1437","5","5","3","true","false","true","true","700","41000","legacy-estimate-needs-road-check",""
"/destination/altai/novosibirsk-gorno-altaysk","200","true","destination","Минивэн Новосибирск — Горно-Алтайск от 26 000 ₽, ≈ 450 км — цены 2026","Минивэн Новосибирск → Горно-Алтайск","Минивэн Новосибирск — Горно-Алтайск: от 26 000 ₽ за автомобиль, около 450 км. До 7 пассажиров. Цены 2026 года; багаж и итоговую стоимость подтвердим до заказа.","https://zakazminivena.ru/destination/altai/novosibirsk-gorno-altaysk","true","1388","5","5","3","true","true","true","true","450","26000","c2c-cache-endpoints-reviewed",""
"/destination/baikal/irkutsk-listvyanka","200","true","destination","Минивэн Иркутск — Листвянка от 6 500 ₽, ≈ 70 км — цены 2026","Минивэн Иркутск → Листвянка","Минивэн Иркутск — Листвянка: от 6 500 ₽ за автомобиль, около 70 км. До 7 пассажиров. Цены 2026 года; багаж и итоговую стоимость подтвердим до заказа.","https://zakazminivena.ru/destination/baikal/irkutsk-listvyanka","true","1427","4","4","5","true","true","true","true","70","6500","legacy-estimate-needs-road-check",""
"/destination/baikal/irkutsk-olkhon","200","true","destination","Минивэн Иркутск — Ольхон от 18 000 ₽, ≈ 300 км — цены 2026","Минивэн Иркутск → Ольхон от 18 000 ₽","Минивэн Иркутск — Ольхон: от 18 000 ₽ за автомобиль, около 300 км. До 7 пассажиров. Цены 2026 года; багаж и итоговую стоимость подтвердим до заказа.","https://zakazminivena.ru/destination/baikal/irkutsk-olkhon","true","1419","4","4","5","true","false","true","true","300","18000","legacy-estimate-needs-road-check",""
"/destination/baikal/irkutsk-baikal-mrs","200","true","destination","Минивэн Иркутск — Малое Море (МРС) от 14 500 ₽, ≈ 240 км — цены 2026","Минивэн Иркутск → Малое Море (МРС)","Минивэн Иркутск — Малое Море (МРС): от 14 500 ₽ за автомобиль, около 240 км. До 7 пассажиров. Цены 2026 года; багаж и итоговую стоимость подтвердим до заказа.","https://zakazminivena.ru/destination/baikal/irkutsk-baikal-mrs","true","1419","4","4","5","true","true","true","true","240","14500","legacy-estimate-needs-road-check",""
"/destination/baikal/irkutsk-arshan","200","true","destination","Минивэн Иркутск — Аршан от 12 000 ₽, ≈ 200 км — цены 2026","Минивэн Иркутск → Аршан","Минивэн Иркутск — Аршан: от 12 000 ₽ за автомобиль, около 200 км. До 7 пассажиров. Цены 2026 года; багаж и итоговую стоимость подтвердим до заказа.","https://zakazminivena.ru/destination/baikal/irkutsk-arshan","true","1395","4","4","5","true","true","true","true","200","12000","legacy-estimate-needs-road-check",""
"/destination/crimea/simferopol-yalta","200","true","destination","Минивэн Симферополь — Ялта от 8 500 ₽, ≈ 90 км — цены 2026","Минивэн Симферополь → Ялта","Минивэн Симферополь — Ялта: от 8 500 ₽ за автомобиль, около 90 км. До 7 пассажиров. Цены 2026 года; багаж и итоговую стоимость подтвердим до заказа.","https://zakazminivena.ru/destination/crimea/simferopol-yalta","true","1457","6","6","5","true","true","true","true","90","8500","legacy-estimate-needs-road-check",""
"/destination/crimea/simferopol-alushta","200","true","destination","Минивэн Симферополь — Алушта от 5 500 ₽, ≈ 60 км — цены 2026","Минивэн Симферополь → Алушта","Минивэн Симферополь — Алушта: от 5 500 ₽ за автомобиль, около 60 км. До 7 пассажиров. Цены 2026 года; багаж и итоговую стоимость подтвердим до заказа.","https://zakazminivena.ru/destination/crimea/simferopol-alushta","true","1402","6","6","5","true","true","true","true","60","5500","legacy-estimate-needs-road-check",""
"/destination/crimea/simferopol-sevastopol","200","true","destination","Минивэн Симферополь — Севастополь от 7 500 ₽, ≈ 80 км — цены 2026","Минивэн Симферополь → Севастополь","Минивэн Симферополь — Севастополь: от 7 500 ₽ за автомобиль, около 80 км. До 7 пассажиров. Цены 2026 года; багаж и итоговую стоимость подтвердим до заказа.","https://zakazminivena.ru/destination/crimea/simferopol-sevastopol","true","1434","6","6","5","true","true","true","true","80","7500","legacy-estimate-needs-road-check",""
"/destination/crimea/simferopol-feodosiya","200","true","destination","Минивэн Симферополь — Феодосия от 9 000 ₽, ≈ 120 км — цены 2026","Минивэн Симферополь → Феодосия","Минивэн Симферополь — Феодосия: от 9 000 ₽ за автомобиль, около 120 км. До 7 пассажиров. Цены 2026 года; багаж и итоговую стоимость подтвердим до заказа.","https://zakazminivena.ru/destination/crimea/simferopol-feodosiya","true","1385","6","6","5","true","true","true","true","120","9000","legacy-estimate-needs-road-check",""
"/destination/crimea/simferopol-sudak","200","true","destination","Минивэн Симферополь — Судак от 7 500 ₽, ≈ 100 км — цены 2026","Минивэн Симферополь → Судак","Минивэн Симферополь — Судак: от 7 500 ₽ за автомобиль, около 100 км. До 7 пассажиров. Цены 2026 года; багаж и итоговую стоимость подтвердим до заказа.","https://zakazminivena.ru/destination/crimea/simferopol-sudak","true","1420","6","6","5","true","true","true","true","100","7500","legacy-estimate-needs-road-check",""
"/destination/crimea/simferopol-evpatoriya","200","true","destination","Минивэн Симферополь — Евпатория от 6 500 ₽, ≈ 70 км — цены 2026","Минивэн Симферополь → Евпатория","Минивэн Симферополь — Евпатория: от 6 500 ₽ за автомобиль, около 70 км. До 7 пассажиров. Цены 2026 года; багаж и итоговую стоимость подтвердим до заказа.","https://zakazminivena.ru/destination/crimea/simferopol-evpatoriya","true","1393","6","6","5","true","true","true","true","70","6500","legacy-estimate-needs-road-check",""
"/destination/krasnodar-coast/krasnodar-anapa","200","true","destination","Минивэн Краснодар — Анапа от 11 500 ₽, ≈ 170 км — цены 2026","Минивэн Краснодар → Анапа","Минивэн Краснодар — Анапа: от 11 500 ₽ за автомобиль, около 170 км. До 7 пассажиров. Цены 2026 года; багаж и итоговую стоимость подтвердим до заказа.","https://zakazminivena.ru/destination/krasnodar-coast/krasnodar-anapa","true","1391","4","4","5","true","true","true","true","170","11500","legacy-estimate-needs-road-check",""
"/destination/krasnodar-coast/krasnodar-gelendzhik","200","true","destination","Минивэн Краснодар — Геленджик от 12 000 ₽, ≈ 200 км — цены 2026","Минивэн Краснодар → Геленджик","Минивэн Краснодар — Геленджик: от 12 000 ₽ за автомобиль, около 200 км. До 7 пассажиров. Цены 2026 года; багаж и итоговую стоимость подтвердим до заказа.","https://zakazminivena.ru/destination/krasnodar-coast/krasnodar-gelendzhik","true","1401","4","4","5","true","true","true","true","200","12000","legacy-estimate-needs-road-check",""
"/destination/krasnodar-coast/krasnodar-novorossiysk","200","true","destination","Минивэн Краснодар — Новороссийск от 11 000 ₽, ≈ 150 км — цены 2026","Минивэн Краснодар → Новороссийск","Минивэн Краснодар — Новороссийск: от 11 000 ₽ за автомобиль, около 150 км. До 7 пассажиров. Цены 2026 года; багаж и итоговую стоимость подтвердим до заказа.","https://zakazminivena.ru/destination/krasnodar-coast/krasnodar-novorossiysk","true","1399","4","4","5","true","true","true","true","150","11000","c2c-cache-endpoints-reviewed",""
"/destination/krasnodar-coast/krasnodar-temryuk","200","true","destination","Минивэн Краснодар — Темрюк / Тамань от 9 500 ₽, ≈ 130 км — цены 2026","Минивэн Краснодар → Темрюк / Тамань","Минивэн Краснодар — Темрюк / Тамань: от 9 500 ₽ за автомобиль, около 130 км. До 7 пассажиров. Цены 2026 года; багаж и итоговую стоимость подтвердим до заказа.","https://zakazminivena.ru/destination/krasnodar-coast/krasnodar-temryuk","true","1424","4","4","5","true","true","true","true","130","9500","legacy-estimate-needs-road-check",""
"/destination/kaliningrad/kaliningrad-zelenogradsk","200","true","destination","Минивэн Калининград — Зеленоградск от 4 000 ₽, ≈ 40 км — цены 2026","Минивэн Калининград → Зеленоградск","Минивэн Калининград — Зеленоградск: от 4 000 ₽ за автомобиль, около 40 км. До 7 пассажиров. Цены 2026 года; багаж и итоговую стоимость подтвердим до заказа.","https://zakazminivena.ru/destination/kaliningrad/kaliningrad-zelenogradsk","true","1403","4","4","5","true","true","true","true","40","4000","legacy-estimate-needs-road-check",""
"/destination/kaliningrad/kaliningrad-svetlogorsk","200","true","destination","Минивэн Калининград — Светлогорск от 4 500 ₽, ≈ 50 км — цены 2026","Минивэн Калининград → Светлогорск","Минивэн Калининград — Светлогорск: от 4 500 ₽ за автомобиль, около 50 км. До 7 пассажиров. Цены 2026 года; багаж и итоговую стоимость подтвердим до заказа.","https://zakazminivena.ru/destination/kaliningrad/kaliningrad-svetlogorsk","true","1406","4","4","5","true","true","true","true","50","4500","legacy-estimate-needs-road-check",""
"/destination/kaliningrad/kaliningrad-curonian-spit","200","true","destination","Минивэн Калининград — Куршская коса от 4 500 ₽, ≈ 50 км — цены 2026","Минивэн Калининград → Куршская коса","Минивэн Калининград — Куршская коса: от 4 500 ₽ за автомобиль, около 50 км. До 7 пассажиров. Цены 2026 года; багаж и итоговую стоимость подтвердим до заказа.","https://zakazminivena.ru/destination/kaliningrad/kaliningrad-curonian-spit","true","1439","4","4","5","true","true","true","true","50","4500","legacy-estimate-needs-road-check",""
"/destination/kaliningrad/kaliningrad-yantarny","200","true","destination","Минивэн Калининград — Янтарный от 4 500 ₽, ≈ 50 км — цены 2026","Минивэн Калининград → Янтарный","Минивэн Калининград — Янтарный: от 4 500 ₽ за автомобиль, около 50 км. До 7 пассажиров. Цены 2026 года; багаж и итоговую стоимость подтвердим до заказа.","https://zakazminivena.ru/destination/kaliningrad/kaliningrad-yantarny","true","1396","4","4","5","true","true","true","true","50","4500","legacy-estimate-needs-road-check",""
"/destination/north/murmansk-teriberka","200","true","destination","Минивэн Мурманск — Териберка от 9 000 ₽, ≈ 120 км — цены 2026","Минивэн Мурманск → Териберка","Минивэн Мурманск — Териберка: от 9 000 ₽ за автомобиль, около 120 км. До 7 пассажиров. Цены 2026 года; багаж и итоговую стоимость подтвердим до заказа.","https://zakazminivena.ru/destination/north/murmansk-teriberka","true","1464","4","4","3","true","true","true","true","120","9000","legacy-estimate-needs-road-check",""
"/destination/north/murmansk-khibiny","200","true","destination","Минивэн Мурманск — Хибины (Кировск) от 14 500 ₽, ≈ 240 км — цены 2026","Минивэн Мурманск → Хибины (Кировск)","Минивэн Мурманск — Хибины (Кировск): от 14 500 ₽ за автомобиль, около 240 км. До 7 пассажиров. Цены 2026 года; багаж и итоговую стоимость подтвердим до заказа.","https://zakazminivena.ru/destination/north/murmansk-khibiny","true","1453","4","4","3","true","true","true","true","240","14500","legacy-estimate-needs-road-check",""
"/destination/north/murmansk-kirovsk","200","true","destination","Минивэн Мурманск — Кировск от 13 500 ₽, ≈ 220 км — цены 2026","Минивэн Мурманск → Кировск","Минивэн Мурманск — Кировск: от 13 500 ₽ за автомобиль, около 220 км. До 7 пассажиров. Цены 2026 года; багаж и итоговую стоимость подтвердим до заказа.","https://zakazminivena.ru/destination/north/murmansk-kirovsk","true","1429","5","5","2","true","true","true","true","220","13500","legacy-estimate-needs-road-check",""
"/destination/north/aurora-borealis","200","true","destination","Минивэн Мурманск — Охота за северным сиянием от 9 000 ₽, ≈ 120 км — цены 2026","Минивэн Мурманск → Охота за северным сиянием","Минивэн Мурманск — Охота за северным сиянием: от 9 000 ₽ за автомобиль, около 120 км. До 7 пассажиров. Цены 2026 года; багаж и итоговую стоимость подтвердим до заказа.","https://zakazminivena.ru/destination/north/aurora-borealis","true","1505","4","4","3","true","true","true","true","120","9000","legacy-estimate-needs-road-check",""
"/fleet/mercedes-v-class","200","true","fleet","Минивэн Mercedes-Benz V-class с водителем — от 4 500 ₽","Mercedes-Benz V-class — премиум минивэн на 6 пассажиров","Заказать Mercedes-Benz V-class с водителем в Москве и СПб. премиум минивэн на 6 пассажиров, 1100 л багажа. Аэропорт, межгород, почасовая аренда от 4 500 ₽. Безналичный расчёт.","https://zakazminivena.ru/fleet/mercedes-v-class","true","129","9","9","3","false","false","true","false","","","",""
"/fleet/mercedes-vito","200","true","fleet","Минивэн Mercedes-Benz Vito Tourer с водителем — от 4 200 ₽","Mercedes-Benz Vito Tourer — комфорт минивэн на 8 пассажиров","Заказать Mercedes-Benz Vito Tourer с водителем в Москве и СПб. комфорт минивэн на 8 пассажиров, 1300 л багажа. Аэропорт, межгород, почасовая аренда от 4 200 ₽. Безналичный расчёт.","https://zakazminivena.ru/fleet/mercedes-vito","true","119","7","7","3","false","false","true","false","","","","Вне текущего продукта: больше 7 пассажиров"
"/fleet/vw-multivan","200","true","fleet","Минивэн Volkswagen Multivan T6.1 с водителем — от 4 000 ₽","Volkswagen Multivan T6.1 — комфорт минивэн на 7 пассажиров","Заказать Volkswagen Multivan T6.1 с водителем в Москве и СПб. комфорт минивэн на 7 пассажиров, 900 л багажа. Аэропорт, межгород, почасовая аренда от 4 000 ₽. Безналичный расчёт.","https://zakazminivena.ru/fleet/vw-multivan","true","129","20","20","3","false","false","true","false","","","",""
"/fleet/vw-caravelle","200","true","fleet","Минивэн Volkswagen Caravelle T6.1 с водителем — от 3 000 ₽","Volkswagen Caravelle T6.1 — комфорт минивэн на 7 пассажиров","Заказать Volkswagen Caravelle T6.1 с водителем в Москве и СПб. комфорт минивэн на 7 пассажиров, 900 л багажа. Аэропорт, межгород, почасовая аренда от 3 000 ₽. Безналичный расчёт.","https://zakazminivena.ru/fleet/vw-caravelle","true","123","10","10","3","false","false","true","false","","","",""
"/fleet/toyota-alphard","200","true","fleet","Минивэн Toyota Alphard с водителем — от 5 500 ₽","Toyota Alphard — премиум минивэн на 6 пассажиров","Заказать Toyota Alphard с водителем в Москве и СПб. премиум минивэн на 6 пассажиров, 800 л багажа. Аэропорт, межгород, почасовая аренда от 5 500 ₽. Безналичный расчёт.","https://zakazminivena.ru/fleet/toyota-alphard","true","105","3","3","3","false","false","true","false","","","",""
"/fleet/toyota-hiace","200","true","fleet","Минивэн Toyota Hiace с водителем — от 4 000 ₽","Toyota Hiace — универсальный минивэн на 8 пассажиров","Заказать Toyota Hiace с водителем в Москве и СПб. универсальный минивэн на 8 пассажиров, 1500 л багажа. Аэропорт, межгород, почасовая аренда от 4 000 ₽. Безналичный расчёт.","https://zakazminivena.ru/fleet/toyota-hiace","true","121","8","8","3","false","false","true","false","","","","Вне текущего продукта: больше 7 пассажиров"
"/fleet/hyundai-staria","200","true","fleet","Минивэн Hyundai Staria с водителем — от 4 200 ₽","Hyundai Staria — комфорт минивэн на 8 пассажиров","Заказать Hyundai Staria с водителем в Москве и СПб. комфорт минивэн на 8 пассажиров, 1300 л багажа. Аэропорт, межгород, почасовая аренда от 4 200 ₽. Безналичный расчёт.","https://zakazminivena.ru/fleet/hyundai-staria","true","112","9","9","3","false","false","true","false","","","","Вне текущего продукта: больше 7 пассажиров"
"/fleet/hyundai-h1","200","true","fleet","Минивэн Hyundai H-1 / Grand Starex с водителем — от 3 000 ₽","Hyundai H-1 / Grand Starex — комфорт минивэн на 7 пассажиров","Заказать Hyundai H-1 / Grand Starex с водителем в Москве и СПб. комфорт минивэн на 7 пассажиров, 800 л багажа. Аэропорт, межгород, почасовая аренда от 3 000 ₽. Безналичный расчёт.","https://zakazminivena.ru/fleet/hyundai-h1","true","124","20","20","3","false","false","true","false","","","",""
"/fleet/ford-tourneo","200","true","fleet","Минивэн Ford Tourneo Custom с водителем — от 3 800 ₽","Ford Tourneo Custom — универсальный минивэн на 8 пассажиров","Заказать Ford Tourneo Custom с водителем в Москве и СПб. универсальный минивэн на 8 пассажиров, 1000 л багажа. Аэропорт, межгород, почасовая аренда от 3 800 ₽. Безналичный расчёт.","https://zakazminivena.ru/fleet/ford-tourneo","true","102","3","3","4","false","false","true","false","","","","Вне текущего продукта: больше 7 пассажиров"
"/fleet/peugeot-traveller","200","true","fleet","Минивэн Peugeot Traveller с водителем — от 3 800 ₽","Peugeot Traveller — универсальный минивэн на 8 пассажиров","Заказать Peugeot Traveller с водителем в Москве и СПб. универсальный минивэн на 8 пассажиров, 1000 л багажа. Аэропорт, межгород, почасовая аренда от 3 800 ₽. Безналичный расчёт.","https://zakazminivena.ru/fleet/peugeot-traveller","true","97","3","3","4","false","false","true","false","","","","Вне текущего продукта: больше 7 пассажиров"
"/service/airport-transfer","200","true","service","Минивэн: трансфер в аэропорт — с водителем","Минивэн в аэропорт — трансфер с табличкой и фикс ценой","Минивэн с водителем: трансфер в аэропорт. До 7 пассажиров. Укажите маршрут, дату и багаж: наличие машины и итоговую цену подтвердим до заказа.","https://zakazminivena.ru/service/airport-transfer","true","211","23","23","2","false","false","false","false","","","",""
"/service/intercity","200","true","service","Минивэн: межгород — с водителем","Межгород на минивэне — с водителем по России","Минивэн с водителем: межгород. До 7 пассажиров. Укажите маршрут, дату и багаж: наличие машины и итоговую цену подтвердим до заказа.","https://zakazminivena.ru/service/intercity","true","311","20","20","2","true","false","false","false","","","",""
"/service/wedding","200","true","service","Минивэн: свадьбу — с водителем","Минивэн на свадьбу — для гостей или жениха и невесты","Минивэн с водителем: свадьбу. До 7 пассажиров. Укажите маршрут, дату и багаж: наличие машины и итоговую цену подтвердим до заказа.","https://zakazminivena.ru/service/wedding","true","195","21","21","2","false","false","false","false","","","",""
"/service/corporate","200","true","service","Минивэн: корпоратив — с водителем","Корпоративный минивэн — для делегаций и сотрудников","Минивэн с водителем: корпоратив. До 7 пассажиров. Укажите маршрут, дату и багаж: наличие машины и итоговую цену подтвердим до заказа.","https://zakazminivena.ru/service/corporate","true","191","26","26","2","false","false","false","false","","","",""
"/service/delegation","200","true","service","Минивэн: делегацию — с водителем","Минивэн для делегации — VIP с водителем","Минивэн с водителем: делегацию. До 7 пассажиров. Укажите маршрут, дату и багаж: наличие машины и итоговую цену подтвердим до заказа.","https://zakazminivena.ru/service/delegation","true","185","5","5","3","false","false","false","false","","","",""
"/service/conference","200","true","service","Минивэн: конференцию — с водителем","Минивэн для гостей конференции","Минивэн с водителем: конференцию. До 7 пассажиров. Укажите маршрут, дату и багаж: наличие машины и итоговую цену подтвердим до заказа.","https://zakazminivena.ru/service/conference","true","211","4","4","3","false","false","false","false","","","",""
"/service/excursion","200","true","service","Минивэн: экскурсию — с водителем","Минивэн на экскурсию — водитель-проводник, гибкий маршрут","Минивэн с водителем: экскурсию. До 7 пассажиров. Укажите маршрут, дату и багаж: наличие машины и итоговую цену подтвердим до заказа.","https://zakazminivena.ru/service/excursion","true","182","22","22","2","false","false","false","false","","","",""
"/service/hourly","200","true","service","Минивэн: почасовую аренду — с водителем","Почасовая аренда минивэна с водителем","Минивэн с водителем: почасовую аренду. До 7 пассажиров. Укажите маршрут, дату и багаж: наличие машины и итоговую цену подтвердим до заказа.","https://zakazminivena.ru/service/hourly","true","175","21","21","2","false","false","false","false","","","",""
"/service/multi-day","200","true","service","Минивэн: многодневный тур — с водителем","Многодневные поездки на минивэне с ночёвкой водителя","Минивэн с водителем: многодневный тур. До 7 пассажиров. Укажите маршрут, дату и багаж: наличие машины и итоговую цену подтвердим до заказа.","https://zakazminivena.ru/service/multi-day","true","183","5","5","3","false","false","false","false","","","",""
"/service/sports-team","200","true","service","Минивэн: спортивную команду — с водителем","Минивэн для спортивной команды — пассажиры и спортивный инвентарь","Минивэн с водителем: спортивную команду. До 7 пассажиров. Укажите маршрут, дату и багаж: наличие машины и итоговую цену подтвердим до заказа.","https://zakazminivena.ru/service/sports-team","true","182","2","2","3","false","false","false","false","","","",""
"/service/film-crew","200","true","service","Минивэн: съёмочную группу — с водителем","Минивэн для съёмочной группы — оборудование и команда","Минивэн с водителем: съёмочную группу. До 7 пассажиров. Укажите маршрут, дату и багаж: наличие машины и итоговую цену подтвердим до заказа.","https://zakazminivena.ru/service/film-crew","true","186","1","1","3","false","false","false","false","","","",""
"/airports/adler-airport","301","false","airport","","","","","false","1","0","0","","false","false","false","false","30","3000","legacy-estimate-needs-road-check",""
"/airports/domodedovo","301","false","airport","","","","","false","1","0","0","","false","false","false","false","50","4500","legacy-estimate-needs-road-check",""
"/airports/koltsovo","301","false","airport","","","","","false","1","0","0","","false","false","false","false","20","3000","legacy-estimate-needs-road-check",""
"/airports/mineralnye-vody-airport","301","false","airport","","","","","false","1","0","0","","false","false","false","false","10","3000","legacy-estimate-needs-road-check",""
"/airports/pashkovskiy","301","false","airport","","","","","false","1","0","0","","false","false","false","false","20","3000","legacy-estimate-needs-road-check",""
"/airports/pulkovo","301","false","airport","","","","","false","1","0","0","","false","false","false","false","20","3000","legacy-estimate-needs-road-check",""
"/airports/sheremetyevo","301","false","airport","","","","","false","1","0","0","","false","false","false","false","40","4000","legacy-estimate-needs-road-check",""
"/airports/simferopol-airport","301","false","airport","","","","","false","1","0","0","","false","false","false","false","20","3000","legacy-estimate-needs-road-check",""
"/airports/tolmachyovo","301","false","airport","","","","","false","1","0","0","","false","false","false","false","30","3000","legacy-estimate-needs-road-check",""
"/airports/vnukovo","301","false","airport","","","","","false","1","0","0","","false","false","false","false","30","3000","legacy-estimate-needs-road-check",""
"/offline","200","false","technical","Нет подключения — ЗаказМинивэна.ru","Нет подключения к интернету","Минивэн с водителем на 7 мест: межгородние поездки и трансфер в аэропорт по России. Фиксированная цена, детское кресло бесплатно, без предоплаты. Звоните +7 (918) 587-54-54.","https://zakazminivena.ru","false","20","0","0","","false","false","false","false","","","","Canonical ведёт на другой URL"
"/airport/dme/moscow-city","404","false","airport","Заказать минивэн с водителем межгород — ЗаказМинивэна.ru","","Минивэн с водителем на 7 мест: межгородние поездки и трансфер в аэропорт по России. Фиксированная цена, детское кресло бесплатно, без предоплаты. Звоните +7 (918) 587-54-54.","https://zakazminivena.ru","false","0","2","2","4","false","false","false","false","","","","404: страница отсутствует"
"/airport/mrv/dombay","404","false","airport","Заказать минивэн с водителем межгород — ЗаказМинивэна.ru","","Минивэн с водителем на 7 мест: межгородние поездки и трансфер в аэропорт по России. Фиксированная цена, детское кресло бесплатно, без предоплаты. Звоните +7 (918) 587-54-54.","https://zakazminivena.ru","false","0","3","3","3","false","false","false","false","","","","404: страница отсутствует"
"/airport/mrv/arkhyz","404","false","airport","Заказать минивэн с водителем межгород — ЗаказМинивэна.ru","","Минивэн с водителем на 7 мест: межгородние поездки и трансфер в аэропорт по России. Фиксированная цена, детское кресло бесплатно, без предоплаты. Звоните +7 (918) 587-54-54.","https://zakazminivena.ru","false","0","1","1","3","false","false","false","false","","","","404: страница отсутствует"
"/airport/mrv/elbrus","404","false","airport","Заказать минивэн с водителем межгород — ЗаказМинивэна.ru","","Минивэн с водителем на 7 мест: межгородние поездки и трансфер в аэропорт по России. Фиксированная цена, детское кресло бесплатно, без предоплаты. Звоните +7 (918) 587-54-54.","https://zakazminivena.ru","false","0","1","1","3","false","false","false","false","","","","404: страница отсутствует"
"/airport/ikt/olkhon","404","false","airport","Заказать минивэн с водителем межгород — ЗаказМинивэна.ru","","Минивэн с водителем на 7 мест: межгородние поездки и трансфер в аэропорт по России. Фиксированная цена, детское кресло бесплатно, без предоплаты. Звоните +7 (918) 587-54-54.","https://zakazminivena.ru","false","0","1","1","6","false","false","false","false","","","","404: страница отсутствует"
"/airport/kgd/curonian-spit","404","false","airport","Заказать минивэн с водителем межгород — ЗаказМинивэна.ru","","Минивэн с водителем на 7 мест: межгородние поездки и трансфер в аэропорт по России. Фиксированная цена, детское кресло бесплатно, без предоплаты. Звоните +7 (918) 587-54-54.","https://zakazminivena.ru","false","0","1","1","6","false","false","false","false","","","","404: страница отсутствует"
"/airport/mmk/khibiny","404","false","airport","Заказать минивэн с водителем межгород — ЗаказМинивэна.ru","","Минивэн с водителем на 7 мест: межгородние поездки и трансфер в аэропорт по России. Фиксированная цена, детское кресло бесплатно, без предоплаты. Звоните +7 (918) 587-54-54.","https://zakazminivena.ru","false","0","1","1","4","false","false","false","false","","","","404: страница отсутствует"
"/airport/krr/anapa","404","false","airport","Заказать минивэн с водителем межгород — ЗаказМинивэна.ru","","Минивэн с водителем на 7 мест: межгородние поездки и трансфер в аэропорт по России. Фиксированная цена, детское кресло бесплатно, без предоплаты. Звоните +7 (918) 587-54-54.","https://zakazminivena.ru","false","0","1","1","4","false","false","false","false","","","","404: страница отсутствует"
"/airport/ovb/gorno-altaysk","404","false","airport","Заказать минивэн с водителем межгород — ЗаказМинивэна.ru","","Минивэн с водителем на 7 мест: межгородние поездки и трансфер в аэропорт по России. Фиксированная цена, детское кресло бесплатно, без предоплаты. Звоните +7 (918) 587-54-54.","https://zakazminivena.ru","false","0","1","1","4","false","false","false","false","","","","404: страница отсутствует"